OFF
4732 9460 0
-0.4173440276 0.1542009675 -0.1122244186
-0.0452606943 -0.4400073658 0.2993234981
-0.0303440276 -0.4448615325 0.2983234981
-0.0293023609 -0.4500281992 0.3041568314
-0.2676981943 -0.3386531992 -0.2555619186
-0.2328023609 -0.3561948658 -0.2629723353
-0.2839065276 0.3987634675 -0.1802827519
-0.0603023609 -0.4332781992 0.3003672481
-0.2516148609 -0.3079448658 -0.3048390019
0.1514059724 -0.2170073658 0.4816089147
-0.1619690276 0.4701801342 -0.2215098353
-0.2027815276 -0.2635281992 0.3644651647
0.2218434724 -0.1779656992 0.1086276647
-0.2181148609 -0.3217990325 -0.3132077519
-0.1988440276 -0.2772781992 0.3586734981
-0.1799690276 -0.3345698658 -0.3204890019
-0.1744065276 -0.3098823658 -0.3401660853
-0.0321565276 -0.4365906992 0.2936797481
0.1779684724 -0.1912365325 0.4701734981
-0.0796356943 -0.4166531992 0.2966401647
-0.0894065276 -0.4152156992 0.3020922481
-0.1245106943 0.4832843008 -0.2214244186
0.2133434724 -0.2156323658 0.1016214147
0.1921143057 -0.2171740325 0.1204672481
-0.2044898609 -0.2311948658 0.3462359981
-0.0754481943 -0.4247573658 0.3011984981
-0.2042606943 -0.2368198658 0.3461943314
-0.2945315276 0.1817843008 -0.0163535853
-0.1958440276 0.4530551342 -0.2212119186
-0.2105523609 -0.2220073658 0.3439797481
-0.3157815276 0.1769509675 -0.0232744186
-0.0726148609 -0.4295073658 0.3067984981
-0.0862606943 -0.4197781992 0.3073943314
-0.1336773609 -0.3185281992 -0.3450431686
-0.2498440276 0.4162843008 -0.2200410853
-0.2806981943 0.3918259675 -0.2191473353
-0.1380940276 -0.3445906992 -0.3254952519
0.2118434724 -0.1401948658 0.1292193314
0.1817809724 -0.1940906992 0.4630193314
-0.2253648609 0.4343259675 -0.2206806686
0.2271976391 -0.1391531992 0.1125443314
-0.2065315276 -0.2261948658 0.3453630814
0.1637809724 -0.1992156992 0.4778818314
0.1053768057 -0.4123156992 -0.0753723353
-0.3276773609 0.1756801342 -0.0288973353
0.1097809724 -0.4201156992 -0.1203327519
0.1117205557 -0.4200802825 -0.1226931686
0.1100726391 -0.4178427825 -0.1063473353
0.1082580557 -0.4192156992 -0.1126140019
-0.4319898609 0.1163051342 -0.1212744186
0.1287809724 -0.4129844492 -0.1005015019
0.1177101391 -0.4155573658 -0.1020515019
0.1568434724 -0.2064448658 0.4776901647
-0.2974065276 0.3805759675 -0.2169098353
-0.4361773609 0.0758884675 -0.1096473353
-0.1432606943 -0.3668615325 -0.3015577519
0.1158851391 -0.4159823658 -0.1023077519
0.1108288891 -0.4175990325 -0.1058202519
0.1080101391 -0.4194031992 -0.1134681686
0.1083976391 -0.4198281992 -0.1166723353
0.1084476391 -0.4198844492 -0.1170931686
0.1118393057 -0.4200802825 -0.1228369186
0.1603851391 -0.2114031992 0.4693443314
0.0588038891 -0.4199698658 -0.0811473353
-0.2880940276 0.1472426342 -0.0010640019
-0.2943648609 0.1457009675 -0.0043431686
0.0767788891 -0.4225136158 -0.1080327519
0.0777601391 -0.4212615325 -0.1008910853
0.0821518057 -0.4193011158 -0.0918806686
0.2318434724 -0.0131531992 0.4181714147
0.0827809724 -0.4190198658 -0.0905910853
-0.2035523609 -0.2440906992 0.3457464147
0.0868184724 -0.4178865325 -0.0865285853
-0.2881981943 -0.3099240325 -0.2734494186
-0.3181981943 0.1410134675 -0.0115848353
-0.2019273609 -0.2510906992 0.3445964147
0.0594122224 -0.4209323658 -0.0848035853
0.2068643057 -0.2499865325 0.0896318314
0.0777351391 -0.4250052825 -0.1247681686
-0.2965106943 -0.3218198658 -0.2481515019
0.2407601391 -0.0264448658 0.3963005814
-0.3301981943 0.1398884675 -0.0170140019
-0.1992190276 -0.2606323658 0.3426380814
0.2480518057 -0.0390490325 0.3727276647
0.1726351391 -0.2907156992 0.0827318314
0.2311768057 0.0213884675 0.3801818314
0.1713643057 -0.2586948658 0.1105214147
0.2392393057 0.0104718008 0.3549047481
0.1640726391 -0.2165073658 0.4598880814
0.1750309724 -0.2122365325 0.4512859981
0.1119684724 -0.4200761158 -0.1229973353
0.1157872224 -0.4196802825 -0.1256535853
0.1162809724 -0.4196281992 -0.1259952519
0.2075726391 -0.2788198658 0.0707859981
0.1654059724 -0.2190073658 0.4616130814
-0.2844273609 0.1126593008 0.0158005814
0.0606351391 -0.4199052825 -0.0817535853
0.0898851391 -0.4166115325 -0.0834410853
0.0910518057 -0.4161281992 -0.0822681686
0.1018434724 -0.4130427825 -0.0763265019
-0.1985315276 -0.2469240325 0.3293505814
0.2439684724 -0.0000073658 0.3286693314
-0.2951981943 0.1101593008 0.0100526647
0.2538643057 -0.0484865325 0.3464714147
0.4208434724 -0.0905906992 -0.2373535853
-0.4235731943 0.1145134675 -0.1000015019
0.0775622224 -0.4249511158 -0.1242806686
-0.4268023609 0.0749926342 -0.0870327519
0.1634684724 -0.2156948658 0.4616984981
0.0772601391 -0.4248552825 -0.1234285853
0.4178851391 -0.1282573658 -0.2327765019
0.0761559724 -0.4232990325 -0.1125765019
0.1746143057 -0.2073823658 0.4578443314
-0.3175106943 0.0402218008 0.0325401647
-0.3004273609 0.0411801342 0.0386943314
-0.2889273609 0.0422009675 0.0434422481
-0.4209481943 0.1585759675 -0.2013869186
0.0865518057 -0.2960490325 0.1239589147
-0.4269690276 0.1590968008 -0.1760660853
-0.4151773609 0.1997843008 -0.1807515019
0.2200518057 -0.1591323658 0.4353984981
-0.4164690276 0.1989718008 -0.1597327519
0.1327601391 -0.3042781992 0.0918026647
-0.2979065276 0.0752218008 0.0248089147
0.1283226391 -0.2817573658 0.1181672481
-0.2889273609 0.0765759675 0.0286422481
-0.4247190276 0.1567009675 -0.1321140019
0.1468434724 0.0790551342 0.4862943314
-0.4280731943 0.1584093008 -0.1531952519
0.1671976391 0.0486801342 0.4928318314
0.3983643057 -0.2170698658 -0.2374390019
-0.3084481943 0.0740134675 0.0216359981
0.1511351391 0.0494926342 0.5094839147
0.2246143057 -0.1778823658 0.4026255814
-0.2006565276 -0.2383406992 0.3279234981
-0.2001356943 -0.2402573658 0.3282630814
0.2161976391 -0.1969865325 0.3973234981
0.2110101391 -0.1839031992 0.4240693314
-0.3294065276 0.0395551342 0.0265547481
0.0752809724 0.0616384675 0.5466026647
-0.3302606943 0.0722009675 0.0125005814
0.0765309724 0.0386593008 0.5579734981
0.1093434724 0.0449718008 0.5410234981
0.1915726391 -0.2071740325 0.4306714147
0.1051976391 0.0676593008 0.5293964147
0.0738434724 0.0834718008 0.5332922481
0.2010101391 -0.2107781992 0.4085026647
0.1884059724 -0.2163615325 0.4228359981
0.2126768057 -0.3029448658 0.0475318314
-0.3187398609 0.1065134675 0.0028547481
0.2469893057 0.4083468008 -0.2418473353
0.1203018057 -0.4161052825 -0.1951223353
0.1342538891 -0.4134990325 -0.1932306686
0.0437809724 -0.3045698658 0.1279193314
0.1193455557 -0.4163073658 -0.1950577519
0.1363018057 -0.4131177825 -0.1929535853
0.1428788891 -0.4123240325 -0.1885265019
-0.2030106943 -0.2343406992 0.3264964147
0.1465101391 -0.4127490325 -0.1790619186
0.1461309724 -0.4131990325 -0.1760390019
0.1439059724 -0.4121990325 -0.1878327519
0.2654893057 0.3947634675 -0.2393973353
0.1461580557 -0.4126740325 -0.1802494186
0.1460726391 -0.4132677825 -0.1755723353
0.1460705557 -0.4132677825 -0.1755681686
0.2193434724 0.0354301342 0.2847359981
0.2130309724 0.0240968008 0.2576068314
0.2884059724 0.3792634675 -0.2362035853
-0.2019481943 -0.2357156992 0.3271130814
0.1363726391 -0.4162636158 -0.1667515019
0.1302538891 -0.4174823658 -0.1640181686
0.2008643057 0.0128259675 0.2300089147
0.1292809724 -0.4176761158 -0.1635848353
0.1173643057 -0.4200615325 -0.1591660853
0.2279684724 -0.0272781992 0.2431901647
0.1165163891 -0.4202323658 -0.1588285853
0.0769268057 0.1191384675 0.4995401647
0.1070101391 -0.4222781992 -0.1657181686
0.1454643057 -0.4139990325 -0.1378473353
0.1473747224 -0.4136177825 -0.1386035853
0.1493851391 -0.4132156992 -0.1393994186
-0.1992815276 -0.2738406992 0.3494734981
0.1090309724 0.0987218008 0.5003693314
0.1342809724 0.0749509675 0.5030964147
0.0738434724 0.1030343008 0.5177047481
-0.0855315276 -0.2960490325 0.1239589147
0.1038851391 0.0859718008 0.5160859981
0.1235518057 0.0717634675 0.5139130814
0.1599476391 -0.2384240325 0.4480484981
0.0748351391 -0.4214719492 -0.2043306686
0.0755372224 -0.4232531992 -0.1884265019
0.0778059724 -0.4231823658 -0.1867890019
0.0945663891 -0.4207136158 -0.1913640019
0.0964893057 -0.4204302825 -0.1918869186
0.1072184724 -0.3349031992 0.4047547481
0.1669684724 -0.2312573658 0.4445984981
0.1251351391 -0.3226740325 0.3971755814
0.1063184724 -0.4190615325 -0.1938806686
0.1647393057 -0.2233198658 0.4495818314
0.1311768057 0.0545343008 0.5219630814
0.1648851391 -0.2289448658 0.4409776647
-0.0427606943 -0.3045698658 0.1279193314
0.0587538891 -0.4279323658 -0.1641348353
0.0954872224 -0.4233573658 -0.1487910853
0.0945518057 -0.4234594492 -0.1482598353
0.1817601391 -0.0271740325 0.1494484981
0.0871559724 -0.4242261158 -0.1419452519
0.1576351391 -0.2266531992 0.4645734981
0.0864476391 -0.4242990325 -0.1413390019
0.0862851391 -0.4243156992 -0.1411056686
0.1070101391 -0.4221031992 -0.1550223353
0.1061184724 -0.4222031992 -0.1546640019
0.1049476391 -0.4223323658 -0.1541931686
-0.2374273609 -0.1091948658 0.2302630814
0.1427976391 -0.4145219492 -0.1705619186
0.1086143057 -0.4185448658 -0.1943452519
0.1189830557 -0.4163844492 -0.1950327519
-0.2533648609 -0.1106740325 0.2678276647
-0.2600940276 -0.1065281992 0.3019214147
0.1002393057 -0.3190906992 0.4116755814
0.1073913891 -0.4188198658 -0.1940994186
0.0761351391 -0.3243198658 0.4243901647
-0.4296981943 0.1173676342 -0.1962973353
-0.4358648609 0.0758259675 -0.1900577519
-0.4355940276 0.1179301342 -0.1688473353
0.0919268057 -0.3335698658 0.4137630814
0.0821768057 0.1319509675 0.4786714147
0.1376976391 -0.4159281992 -0.1673431686
-0.4413440276 0.0765134675 -0.1606702519
0.0961976391 0.1477218008 0.4288401647
0.1425101391 -0.4146156992 -0.1702515019
0.1870726391 -0.2340281992 0.3985380814
0.1382913891 -0.4157656992 -0.1676994186
0.0886768057 0.1416801342 0.4550339147
-0.4361773609 0.1175134675 -0.1440181686
0.1449143057 -0.4138031992 -0.1730223353
0.1447393057 -0.4138844492 -0.1726369186
-0.4412398609 0.0764718008 -0.1340306686
0.0915934724 -0.3049865325 0.4201734981
0.1045518057 0.1495343008 0.4003693314
0.1239893057 -0.4182344492 -0.1296515019
0.1337455557 -0.4163073658 -0.1332369186
0.1230643057 -0.4184156992 -0.1292119186
0.1627393057 -0.2445073658 0.4309068314
0.1351976391 -0.4160219492 -0.1337744186
0.0600101391 -0.3192573658 0.4334609981
0.1182830557 -0.4193511158 -0.1269452519
-0.1991169443 -0.1342073658 0.1527818314
0.1577601391 -0.2503406992 0.4344839147
-0.2459690276 0.4083468008 -0.2418473353
-0.1992877776 -0.1323156992 0.1523255814
-0.2017606943 -0.1288615325 0.1573505814
0.1535101391 -0.2570698658 0.4224526647
0.0614393057 -0.4260115325 -0.1782785853
-0.2644690276 0.3947634675 -0.2393973353
0.1518434724 -0.2582573658 0.4275193314
0.0615101391 -0.4259261158 -0.1789681686
0.0599247224 -0.4247636158 -0.1907056686
0.0598018057 -0.4246740325 -0.1916140019
0.2081976391 0.0402843008 0.4280943314
0.1623434724 0.0113051342 0.1486609981
0.0756351391 -0.4234969492 -0.1861973353
-0.2007606943 -0.1025906992 0.1499172481
0.1850101391 0.0813259675 0.4174047481
0.1949268057 0.0461593008 0.4508380814
0.1591976391 0.0826801342 0.4655734981
0.0602622224 -0.4272740325 -0.1684015019
0.0604684724 -0.4271844492 -0.1689848353
0.0769893057 -0.3352365325 0.4221755814
0.1494268057 0.1187843008 0.4079505814
-0.2873856943 0.3792634675 -0.2362035853
0.1706976391 -0.2290073658 0.4331214147
-0.1982023609 -0.0992052825 0.1565880814
0.2092184724 -0.0344031992 0.2120359981
0.0811768057 -0.4247719492 -0.1337744186
0.0806768057 -0.4248177825 -0.1330577519
0.1717809724 0.0840343008 0.4421922481
0.1871768057 -0.0392781992 0.1804964147
0.1815309724 0.0482634675 0.4728359981
0.1822393057 0.0018259675 0.2017922481
0.3246768057 0.3454926342 -0.2418473353
0.3372809724 0.3272843008 -0.2431244186
0.0775934724 -0.3464656992 0.4207047481
-0.1962148609 -0.0913386158 0.1577859981
0.0627809724 -0.3418823658 0.4284568314
0.1758413891 -0.0353656992 0.1682880814
0.1606976391 -0.2415698658 0.4274568314
0.1780080557 -0.0399052825 0.1671464147
-0.1995606943 -0.1278906992 0.1517589147
0.1081976391 -0.3856115325 0.4048630814
0.1134268057 -0.3700281992 0.4000714147
0.1618434724 -0.0133261158 0.1689714147
-0.1989356943 -0.1032531992 0.1570151647
-0.1983523609 -0.0998865325 0.1565630814
0.1051559724 -0.3509656992 0.4046922481
0.1029684724 -0.3628406992 0.4063526647
-0.1989981943 -0.1074448658 0.1562984981
0.1515518057 -0.2546740325 0.4188734981
-0.2173023609 -0.1046948658 0.1920401647
0.1609059724 -0.0069656992 0.1734922481
0.2976143057 0.3744301342 -0.2336702519
0.1178226391 0.1077009675 0.4817151647
0.1274684724 0.1148259675 0.4595693314
0.1379684724 0.1189093008 0.4347172481
0.1550038891 -0.0032761158 0.1705318314
0.1574955557 -0.0069261158 0.1696547481
0.0755309724 -0.3826740325 0.4240068314
0.1580122224 -0.0076365325 0.1695193314
0.1833434724 -0.2270490325 0.4159151647
-0.2965940276 0.3744301342 -0.2336702519
-0.2121773609 -0.2142781992 0.2384839147
-0.4203648609 0.1161384675 -0.2246202519
0.1663226391 -0.2576531992 0.3987922481
0.1248018057 0.1344509675 0.3109089147
-0.4158231943 0.0735134675 -0.2493431686
-0.2251148609 -0.1755698658 0.2258130814
0.1716143057 -0.2474031992 0.4040734981
-0.4267398609 0.0747218008 -0.2202744186
0.1198226391 0.1423884675 0.3404234981
0.1674893057 -0.2545073658 0.4001984981
0.1127601391 0.1475759675 0.3705776647
-0.2368023609 -0.1446948658 0.2330109981
-0.2529481943 -0.1558406992 0.2773255814
-0.2341981943 -0.1882156992 0.2557755814
-0.3236565276 0.3454926342 -0.2418473353
0.0615726391 0.1653884675 0.3329484981
0.1798663891 -0.0441552825 0.1664401647
0.0776976391 -0.3580698658 0.4203005814
0.0770934724 -0.3701115325 0.4213026647
-0.2457606943 -0.1836115325 0.2986214147
0.1594684724 -0.2506115325 0.4157859981
0.1303476391 0.0265238842 0.1713630814
0.0639684724 -0.3598406992 0.4265609981
0.1320122224 0.0243530508 0.1712214147
0.1298018057 0.0271218008 0.1714943314
-0.2242606943 -0.2181531992 0.2878880814
0.2393851391 -0.3677156992 -0.2331598353
0.1478726391 0.0050968008 0.1709297481
0.0638434724 -0.3721323658 0.4270297481
0.2203018057 0.0465343008 0.3115693314
-0.2322815276 -0.2034448658 0.2755380814
0.0628226391 -0.3845906992 0.4292443314
0.1769893057 0.0996384675 0.3232380814
0.2165518057 0.0571593008 0.3382943314
0.3458643057 -0.2904865325 -0.2340535853
0.0998643057 -0.3759865325 0.4096318314
0.1985726391 -0.3850698658 -0.2379723353
0.2085934724 0.0670551342 0.3650839147
0.1662184724 -0.2623198658 0.3970901647
0.1976768057 0.0753884675 0.3915734981
0.1952809724 -0.0198615325 0.1292818314
0.2283226391 0.0205343008 0.0904193314
0.1494059724 -0.2695906992 0.4029672481
0.1487809724 -0.2743198658 0.4012214147
0.1701559724 0.1084926342 0.3514964147
0.2145309724 -0.0178615325 0.1113943314
-0.4277398609 0.0356801342 -0.0752994186
0.1605518057 0.1150968008 0.3799672481
0.1780518057 0.0231384675 0.1269193314
0.0898018057 -0.3672365325 0.4143818314
-0.4248648609 -0.0419448658 -0.0610098353
-0.4270940276 -0.0033615325 -0.0667806686
-0.2383648609 -0.3677156992 -0.2331598353
0.2018643057 0.0245759675 0.1073484981
0.0543851391 -0.4276948658 -0.1235952519
0.1514268057 -0.2648823658 0.4057568314
0.0005101391 -0.4127990325 -0.0454848353
0.1738018057 -0.3096948658 0.3697672481
0.0537393057 -0.4201406992 -0.0794660853
0.1673643057 -0.3254656992 0.3659568314
0.0540476391 -0.4237052825 -0.0981931686
0.0394684724 0.1345551342 0.4987943314
0.1596351391 -0.3424865325 0.3641880814
-0.0006565276 0.1410134675 0.4984547481
-0.4437606943 0.0354718008 -0.1249577519
-0.0006565276 0.1230551342 0.5182359981
-0.4379065276 0.0356176342 -0.0991494186
-0.4358231943 -0.0439031992 -0.0866910853
-0.4378023609 -0.0044031992 -0.0916952519
-0.4425940276 -0.0454865325 -0.1143744186
0.0862601391 -0.2565906992 0.4664693314
-0.0408023609 0.1345551342 0.4987943314
0.0897393057 -0.2590698658 0.4694068314
-0.1975523609 -0.3850698658 -0.2379723353
0.0005101391 -0.4205344492 -0.0727265019
-0.4442190276 -0.0052990325 -0.1186348353
0.0100143057 -0.4199177825 -0.0719890019
0.0118434724 -0.4197990325 -0.0718515019
0.1017184724 -0.2561323658 0.4706630814
0.0164268057 -0.4196761158 -0.0721098353
0.1519059724 -0.3360073658 0.3764964147
0.1573643057 -0.3215698658 0.3785422481
0.0117393057 -0.4257990325 -0.1005765019
0.0005101391 -0.4264969492 -0.1021390019
0.0005101391 -0.4297156992 -0.1224035853
0.0281643057 -0.4254823658 -0.1027348353
0.0221934724 -0.4255240325 -0.1014806686
0.0380309724 0.1169093008 0.5182589147
0.0212393057 -0.4255281992 -0.1012785853
0.0380934724 0.0747218008 0.5494984981
0.0384268057 0.0524718008 0.5615943314
-0.0269002776 -0.4223281992 -0.0832369186
-0.0259690276 -0.4221052825 -0.0823015019
-0.0006565276 0.0579509675 0.5627005814
0.1615726391 -0.3086115325 0.3817151647
-0.0006565276 0.0803884675 0.5502651647
-0.0151773609 -0.4208948658 -0.0763723353
0.4183643057 0.1542009675 -0.1122244186
0.0653226391 -0.2568615325 0.4744755814
0.0377601391 0.0965968008 0.5351026647
-0.1883648609 -0.2596323658 0.2839693314
-0.0108856943 -0.4207531992 -0.0752181686
-0.0006565276 0.1024718008 0.5354859981
-0.0072606943 -0.4290781992 -0.1203848353
-0.0054961109 -0.4294906992 -0.1225369186
0.4330101391 0.1163051342 -0.1212744186
-0.0087461109 -0.4282990325 -0.1158202519
-0.0086252776 -0.4284719492 -0.1168806686
-0.0085940276 -0.4285136158 -0.1171431686
0.4245934724 0.1145134675 -0.1000015019
0.4371976391 0.0758884675 -0.1096473353
0.4278226391 0.0749926342 -0.0870327519
0.1348018057 -0.2529865325 0.4521151647
0.1448226391 -0.3110490325 0.3908714147
0.4147393057 0.0739509675 -0.0656723353
-0.2143648609 0.0240968008 0.2576068314
-0.1943856943 -0.2498406992 0.3076922481
-0.2021773609 0.0128259675 0.2300089147
0.0249726391 -0.4194427825 -0.0725910853
-0.2206565276 0.0354301342 0.2847359981
0.0269268057 -0.4193886158 -0.0727015019
-0.2292815276 -0.0272781992 0.2431901647
0.0392497224 -0.4194844492 -0.0749285853
0.0410726391 -0.4194969492 -0.0752535853
-0.4331565276 -0.1229031992 -0.1095827519
-0.4262190276 -0.1202781992 -0.0818369186
0.1082601391 -0.2660281992 0.4543526647
0.0316768057 -0.4254552825 -0.1034744186
0.0495309724 -0.4256656992 -0.1094577519
0.1606351391 -0.3536323658 0.3532859981
-0.4155940276 -0.1168823658 -0.0558140019
-0.4389065276 -0.0847990325 -0.1115848353
0.0333038891 -0.4254740325 -0.1040160853
-0.0052169443 -0.4295073658 -0.1228744186
-0.2456565276 -0.0099031992 0.3013901647
-0.0050731943 -0.4295156992 -0.1230515019
-0.0010356943 -0.4297219492 -0.1258640019
0.1507601391 -0.3605281992 0.3654443314
-0.0007606943 -0.4297365325 -0.1260556686
0.1452809724 -0.3518406992 0.3763901647
0.0970934724 -0.2685281992 0.4523297481
-0.1692190276 -0.2789031992 0.2674026647
-0.1797815276 -0.2721740325 0.2908484981
0.4219684724 0.1585759675 -0.2013869186
-0.1822398609 -0.2674448658 0.2888464147
-0.0778648609 0.0386593008 0.5579734981
-0.0397606943 0.0524718008 0.5615943314
-0.0040815276 -0.4205240325 -0.0733848353
-0.0766148609 0.0616384675 0.5466026647
-0.0025106943 -0.4204719492 -0.0729598353
0.4279893057 0.1590968008 -0.1760660853
-0.1627815276 -0.2897990325 0.2736839147
0.0979268057 -0.2676323658 0.4437672481
-0.0394273609 0.0747218008 0.5494984981
-0.2406565276 -0.0190490325 0.2729172481
0.4161976391 0.1997843008 -0.1807515019
-0.1710731943 -0.2883406992 0.2958943314
-0.0751565276 0.0834718008 0.5332922481
0.4147601391 0.1969718008 -0.1402702519
-0.0069690276 -0.4268740325 -0.1063994186
-0.0088544443 -0.4278427825 -0.1129744186
-0.0390940276 0.0965968008 0.5351026647
-0.0000419443 -0.4264865325 -0.1022160853
0.4174684724 0.1989718008 -0.1597327519
-0.0011565276 -0.4264677825 -0.1023702519
-0.0064836109 -0.4268406992 -0.1060619186
-0.0090106943 -0.4279219492 -0.1135202519
-0.1065315276 0.0676593008 0.5293964147
0.0794684724 -0.2654656992 0.4556297481
0.0935726391 -0.2656948658 0.4486443314
-0.1106565276 0.0449718008 0.5410234981
0.4257393057 0.1567009675 -0.1321140019
0.4290934724 0.1584093008 -0.1531952519
0.1758226391 -0.3281740325 0.3363776647
-0.1856148609 -0.2627156992 0.2860776647
-0.4319690276 -0.0826115325 -0.0836035853
0.0726768057 -0.2790698658 0.4404672481
-0.4210315276 -0.0798615325 -0.0575181686
0.1846143057 -0.3086115325 0.3394005814
0.1814476391 -0.3077990325 0.3325859981
-0.1807398609 -0.0271740325 0.1494484981
0.0760101391 -0.2709656992 0.4487505814
0.4307184724 0.1173676342 -0.1962973353
0.4368851391 0.0758259675 -0.1900577519
0.4366143057 0.1179301342 -0.1688473353
0.0007184724 -0.4118406992 -0.0726598353
-0.0782398609 0.1191384675 0.4995401647
-0.1613231943 0.0113051342 0.1486609981
0.4423643057 0.0765134675 -0.1606702519
-0.1103440276 0.0987218008 0.5003693314
-0.0751565276 0.1030343008 0.5177047481
0.4371976391 0.1175134675 -0.1440181686
-0.1051981943 0.0859718008 0.5160859981
0.1759268057 -0.3082365325 0.3266026647
0.4422601391 0.0764718008 -0.1340306686
0.1693434724 -0.3091531992 0.3214068314
-0.0393440276 0.1169093008 0.5182589147
-0.2105315276 -0.0344031992 0.2120359981
-0.1857606943 -0.2369240325 0.2237255814
0.1386351391 -0.2617990325 0.4381880814
-0.1830731943 -0.2578198658 0.2501755814
-0.1861356943 -0.2478823658 0.2390797481
0.0007184724 -0.4118406992 -0.1020244186
0.1246143057 -0.2733615325 0.4263922481
0.1597601391 -0.3070073658 0.3097380814
0.1400309724 -0.2672781992 0.4211943314
0.1225934724 -0.2713615325 0.4224297481
0.4213851391 0.1161384675 -0.2246202519
0.0419059724 0.1491176342 0.4767547481
0.0451768057 0.1602218008 0.4521589147
-0.0006565276 0.1559093008 0.4760734981
0.0490934724 0.1674509675 0.4249859981
0.4277601391 0.0747218008 -0.2202744186
-0.0006565276 0.1673884675 0.4511151647
0.1407393057 -0.2670698658 0.4275630814
0.1548434724 -0.3124448658 0.3139755814
-0.4401148609 -0.0486740325 -0.1766202519
-0.4443231943 -0.0470073658 -0.1442723353
0.1273643057 -0.2718406992 0.4309484981
0.4149684724 0.0358676342 -0.0529806686
-0.0006565276 0.1750551342 0.4235797481
0.4287601391 0.0356801342 -0.0752994186
-0.1558648609 -0.2658198658 0.2255797481
-0.4409481943 -0.0075698658 -0.1798369186
0.1543018057 -0.3111261158 0.3138693314
-0.4395731943 0.0341176342 -0.1840952519
-0.4323856943 -0.0087990325 -0.2123744186
0.4258851391 -0.0419448658 -0.0610098353
0.4281143057 -0.0033615325 -0.0667806686
-0.1734273609 -0.2730698658 0.2629734981
-0.0533648609 -0.4276948658 -0.1235952519
-0.1512398609 -0.2832990325 0.2433609981
-0.1454690276 -0.2949448658 0.2528589147
-0.1835523609 0.0018259675 0.2017922481
-0.1068586109 -0.4214573658 -0.1262910853
0.1571830557 -0.3054011158 0.3147401647
-0.1884898609 -0.0392781992 0.1804964147
-0.1088669443 -0.4210490325 -0.1264181686
-0.1071836109 -0.4212490325 -0.1253973353
-0.1075148609 -0.4210344492 -0.1244890019
0.4139476391 -0.0019656992 -0.0435910853
-0.1078523609 -0.4208156992 -0.1235577519
-0.1082419443 -0.4209073658 -0.1246515019
-0.1753794443 -0.0345948658 0.1665172481
-0.0934481943 -0.4131031992 -0.0731931686
-0.1779565276 -0.0399990325 0.1651589147
-0.0889148609 -0.4175406992 -0.0867244186
-0.0528440276 -0.4215490325 -0.0844556686
-0.1782606943 -0.2663615325 0.2578630814
0.1534205557 -0.3129115325 0.3135859981
-0.0834898609 0.1319509675 0.4786714147
-0.0899898609 0.1416801342 0.4550339147
-0.0274481943 -0.4224615325 -0.0837869186
-0.0975106943 0.1477218008 0.4288401647
0.1068643057 -0.2712365325 0.4332276647
0.1095101391 -0.2735281992 0.4373797481
-0.0835981943 -0.4207011158 -0.1025869186
-0.0761690276 -0.4250677825 -0.1247410853
-0.4455315276 -0.0062781992 -0.1479140019
-0.4445523609 0.0350343008 -0.1531535853
-0.0397961109 -0.4282031992 -0.1232952519
-0.0408856943 -0.4264740325 -0.1125952519
-0.0432398609 0.1491176342 0.4767547481
0.1182393057 -0.2718823658 0.4398714147
-0.0392815276 -0.4246969492 -0.1009119186
-0.0368169443 -0.4240031992 -0.0958556686
0.1511580557 -0.3166240325 0.3132672481
-0.0465106943 0.1602218008 0.4521589147
-0.1541981943 -0.2752573658 0.2359068314
0.1502393057 -0.3185281992 0.3129526647
-0.0504273609 0.1674509675 0.4249859981
0.4389268057 0.0356176342 -0.0991494186
-0.1058648609 0.1495343008 0.4003693314
0.4447809724 0.0354718008 -0.1249577519
0.4368434724 -0.0439031992 -0.0866910853
0.4436143057 -0.0454865325 -0.1143744186
0.4388226391 -0.0044031992 -0.0916952519
-0.0395356943 -0.4282302825 -0.1241410853
0.4452393057 -0.0052990325 -0.1186348353
0.1182184724 -0.2714448658 0.4257318314
-0.0397815276 -0.4282073658 -0.1234473353
0.1490663891 -0.3205823658 0.3130797481
0.1134476391 -0.2767156992 0.4221964147
0.1504038891 -0.3177386158 0.3131505814
0.1503143057 -0.3179261158 0.3131401647
-0.4295523609 -0.0901115325 -0.2063265019
-0.4318856943 -0.0500906992 -0.2094369186
0.1494434724 -0.3197261158 0.3130901647
0.1499955557 -0.3185490325 0.3131172481
-0.4409898609 -0.0867156992 -0.1415910853
-0.4372398609 -0.0886740325 -0.1737890019
-0.0347856943 -0.4234219492 -0.0916910853
0.1730518057 -0.3275073658 0.3301797481
-0.4256773609 -0.1282156992 -0.2024515019
-0.0342606943 -0.4232719492 -0.0906160853
-0.4355523609 -0.1250281992 -0.1391619186
0.4272393057 -0.1202781992 -0.0818369186
0.4341768057 -0.1229031992 -0.1095827519
-0.1166773609 -0.3016948658 0.2382068314
0.1681559724 -0.3275490325 0.3249630814
-0.4324690276 -0.1269656992 -0.1706785853
0.1099893057 -0.2992990325 0.4117401647
0.1108434724 -0.2861115325 0.4157859981
0.1293226391 -0.2903615325 0.4046276647
0.4166143057 -0.1168823658 -0.0558140019
0.4329893057 -0.0826115325 -0.0836035853
0.4220518057 -0.0798615325 -0.0575181686
-0.0006565276 0.1780551342 0.3618672481
0.0578226391 0.1696384675 0.3642526647
0.1113851391 -0.2823823658 0.4176818314
-0.0006565276 0.1741593008 0.3301172481
0.4399268057 -0.0847990325 -0.1115848353
0.1593851391 -0.3474240325 0.3256443314
0.0534893057 0.1704509675 0.3953214147
-0.2150523609 -0.2292156992 0.2956193314
0.0538851391 -0.4239240325 -0.2040494186
0.1541559724 -0.3464240325 0.3213651647
0.0138538891 -0.4265802825 -0.1937577519
0.0268851391 -0.4267573658 -0.1879181686
-0.1995731943 -0.2474656992 0.2755797481
0.0283018057 -0.4272448658 -0.1831494186
0.1483434724 -0.3447781992 0.3177651647
0.0182580557 -0.4264823658 -0.1931660853
0.0192601391 -0.4264615325 -0.1930306686
0.0264080557 -0.4267386158 -0.1882410853
-0.0006565276 0.1784718008 0.3934255814
0.1383643057 -0.2654240325 0.4178089147
0.0538934724 -0.4240073658 -0.2033181686
0.0531872224 -0.4239511158 -0.2040431686
0.1558851391 -0.3273406992 0.3165297481
0.0578309724 -0.4279990325 -0.1615202519
0.1315101391 -0.2767156992 0.4098443314
-0.2010731943 -0.2424865325 0.3034547481
0.1302393057 -0.2821323658 0.4071193314
0.0113143057 -0.4300781992 -0.1633119186
0.0039872224 -0.4303052825 -0.1605890019
-0.4160523609 -0.1932573658 -0.1062619186
-0.4253231943 -0.1594448658 -0.1077744186
-0.1811669443 -0.0473406992 0.1639359981
0.0005101391 -0.4304865325 -0.1631410853
0.0325747224 -0.4288240325 -0.1396035853
0.0436559724 -0.4285115325 -0.1455390019
-0.0548231943 0.1704509675 0.3953214147
0.4334059724 -0.0087990325 -0.2123744186
0.0513372224 -0.4283344492 -0.1517577519
-0.0591565276 0.1696384675 0.3642526647
0.4419684724 -0.0075698658 -0.1798369186
0.4465518057 -0.0062781992 -0.1479140019
0.0518643057 -0.4283219492 -0.1521848353
0.4411351391 -0.0486740325 -0.1766202519
0.4405934724 0.0341176342 -0.1840952519
0.0543851391 -0.4282927825 -0.1558202519
0.4455726391 0.0350343008 -0.1531535853
0.1458163891 -0.3269677825 0.3128401647
0.1439726391 -0.3303198658 0.3129359981
0.4453434724 -0.0470073658 -0.1442723353
-0.2065315276 -0.2379865325 0.2677214147
-0.4185523609 -0.1566323658 -0.0808556686
0.0515809724 -0.4235927825 -0.2056869186
-0.2116565276 -0.2265490325 0.2558609981
-0.1050315276 -0.4178198658 -0.2047515019
-0.0424981943 -0.4224302825 -0.2114202519
-0.0485065276 -0.4232969492 -0.2071473353
-0.0628856943 0.1653884675 0.3329484981
-0.0812961109 -0.4205969492 -0.2044306686
-0.0882794443 -0.4222552825 -0.1833848353
0.1554684724 -0.3676948658 0.3393151647
-0.0894690276 -0.4225365325 -0.1797994186
0.1534476391 -0.3674656992 0.3336297481
-0.1056440276 -0.4206719492 -0.1797890019
0.1660518057 -0.3481740325 0.3363130814
-0.0973856943 -0.4230719492 -0.1522806686
-0.1059898609 -0.4216719492 -0.1286723353
-0.1059898609 -0.4220573658 -0.1522660853
-0.0660544443 -0.4268011158 -0.1548890019
-0.0628940276 -0.4273281992 -0.1643056686
-0.0533648609 -0.4284448658 -0.1639931686
-0.0421669443 -0.4243323658 -0.2039494186
-0.0413856943 -0.4263719492 -0.1862140019
-0.0529940276 -0.4250823658 -0.1937910853
-0.0495586109 -0.4240511158 -0.2040181686
0.0913226391 -0.2948615325 0.4232609981
0.1653851391 -0.3498406992 0.3437672481
0.1443434724 -0.3853406992 0.3520505814
-0.0218648609 -0.4264927825 -0.1915640019
-0.0205523609 -0.4265011158 -0.1919223353
-0.0133356943 -0.4266031992 -0.1933910853
-0.0300752776 -0.4289219492 -0.1418098353
0.1442601391 -0.3858198658 0.3454922481
-0.0305940276 -0.4288948658 -0.1413660853
-0.1767815276 -0.2105073658 0.1448484981
-0.0320981943 -0.4287969492 -0.1392056686
0.4329059724 -0.0500906992 -0.2094369186
0.4305726391 -0.0901115325 -0.2063265019
-0.1481565276 0.0790551342 0.4862943314
-0.1635461109 -0.0159677825 0.1670943314
-0.1622190276 -0.0069656992 0.1734922481
-0.1355940276 0.0749509675 0.5030964147
-0.0110648609 -0.4298865325 -0.1546452519
-0.0113836109 -0.4298719492 -0.1545160853
0.0955934724 -0.2727365325 0.4375714147
0.4266976391 -0.1282156992 -0.2024515019
-0.0120731943 -0.4298406992 -0.1542369186
-0.1248856943 0.0717634675 0.5139130814
-0.0218481943 -0.4293636158 -0.1486473353
-0.0224690276 -0.4293323658 -0.1482931686
0.4382601391 -0.0886740325 -0.1737890019
-0.1325106943 0.0545343008 0.5219630814
0.4420101391 -0.0867156992 -0.1415910853
-0.1667086109 -0.2099323658 0.1623193314
-0.1685315276 0.0486801342 0.4928318314
-0.1720315276 -0.2148406992 0.1790276647
0.1637184724 -0.3476740325 0.3304359981
-0.1524481943 0.0494926342 0.5094839147
0.0548559724 -0.4240573658 -0.2019223353
0.0544684724 -0.4240094492 -0.2027306686
0.4334893057 -0.1269656992 -0.1706785853
0.0914893057 -0.2832781992 0.4279255814
0.4365726391 -0.1250281992 -0.1391619186
0.0721351391 -0.2845906992 0.4368255814
0.0005101391 -0.4269240325 -0.1949973353
0.0025559724 -0.4268344492 -0.1951348353
-0.1308315276 0.0259509675 0.1701859981
0.1496559724 -0.3669448658 0.3289443314
0.0032601391 -0.4268031992 -0.1951848353
0.0277184724 -0.4284323658 -0.1727202519
0.0255976391 -0.4287594492 -0.1704723353
-0.1325815276 0.0236697175 0.1700401647
0.1449059724 -0.3650906992 0.3247922481
0.0294893057 -0.4276490325 -0.1791494186
0.0290768057 -0.4280302825 -0.1758640019
0.0293309724 -0.4275948658 -0.1796785853
-0.1713898609 -0.2043323658 0.1628859981
0.0933226391 -0.2771740325 0.4329714147
0.0290518057 -0.4280552825 -0.1756577519
-0.1822919443 -0.1864302825 0.1572859981
-0.1830356943 -0.1852219492 0.1568880814
0.0277955557 -0.4284094492 -0.1728910853
-0.1917398609 -0.1756323658 0.1476401647
0.0254684724 -0.4287802825 -0.1703348353
0.0126830557 -0.4299677825 -0.1638535853
0.0122393057 -0.4300052825 -0.1636556686
-0.1839773609 -0.1837656992 0.1564839147
-0.4191148609 -0.1950698658 -0.1334973353
-0.4280523609 -0.1615073658 -0.1363306686
0.2251976391 -0.2015281992 0.3599943314
0.2187809724 -0.2034031992 0.3786693314
0.0209226391 -0.4292531992 -0.1675806686
0.0206559724 -0.4292802825 -0.1674223353
-0.1290648609 0.0278843008 0.1706130814
0.0569559724 -0.4280636158 -0.1595265019
0.0573018057 -0.4280323658 -0.1600223353
-0.1962398609 0.0461593008 0.4508380814
0.2110726391 -0.2127573658 0.3777964147
-0.4205523609 -0.1636740325 -0.1971702519
-0.1287815276 0.1148259675 0.4595693314
0.1389268057 -0.3335906992 0.3873151647
0.1207809724 -0.3439865325 0.3960464147
0.0005101391 -0.4304136158 -0.1592973353
-0.1605106943 0.0826801342 0.4655734981
-0.1945315276 -0.1916323658 0.1853526647
0.1423226391 -0.3217365325 0.3887422481
-0.4181773609 -0.1960073658 -0.1623306686
-0.4259898609 -0.1630490325 -0.1666327519
0.0005101391 -0.4297969492 -0.1266598353
0.0064580557 -0.4296240325 -0.1294848353
-0.1191565276 0.1077009675 0.4817151647
0.0069476391 -0.4296094492 -0.1297181686
0.4195726391 -0.1566323658 -0.0808556686
-0.1730940276 0.0840343008 0.4421922481
0.2058851391 -0.2190073658 0.3773276647
-0.1828440276 0.0482634675 0.4728359981
-0.1587231943 -0.0088011158 0.1677839147
-0.1581648609 -0.0079073658 0.1679214147
0.0174559724 -0.4292844492 -0.1335848353
0.0181768057 -0.4292615325 -0.1338494186
0.0314434724 -0.4288594492 -0.1391265019
0.0323643057 -0.4288302825 -0.1394910853
-0.4218440276 -0.0095906992 -0.2434869186
0.1345934724 -0.3467781992 0.3871234981
-0.4307606943 0.0330343008 -0.2157827519
-0.1544169443 -0.0024136158 0.1692401647
-0.1436419443 0.0102363842 0.1698380814
0.2279268057 -0.1893406992 0.3797547481
0.1375309724 -0.3691115325 0.3789255814
0.0456559724 -0.4222656992 -0.2117515019
0.4263434724 -0.1594448658 -0.1077744186
0.1415726391 -0.3780073658 0.3686401647
0.2083434724 -0.2104656992 0.3936172481
-0.4198231943 -0.0905906992 -0.2373535853
-0.4168648609 -0.1282573658 -0.2327765019
-0.1863231943 0.0813259675 0.4174047481
0.4170726391 -0.1932573658 -0.1062619186
-0.1393023609 0.1189093008 0.4347172481
-0.1507398609 0.1187843008 0.4079505814
-0.1938731943 -0.1596427825 0.1528922481
-0.1965315276 -0.1570073658 0.1568380814
-0.2106773609 -0.1652573658 0.1910380814
0.2233226391 -0.2141948658 0.3170630814
-0.1890336109 -0.1738031992 0.1573943314
-0.0084065276 -0.4266677825 -0.1943931686
-0.0091523609 -0.4266594492 -0.1942431686
-0.1907127776 -0.1686823658 0.1559880814
0.1227601391 -0.3779448658 0.3924901647
-0.2095315276 0.0402843008 0.4280943314
0.2269268057 -0.2050490325 0.3389964147
-0.0359731943 -0.4285448658 -0.1336390019
0.1292184724 -0.3615073658 0.3886776647
-0.0363648609 -0.4285198658 -0.1330785853
0.4201351391 -0.1950698658 -0.1334973353
0.0003226391 -0.4304052825 -0.1592265019
0.4290726391 -0.1615073658 -0.1363306686
0.4215726391 -0.1636740325 -0.1971702519
-0.1949377776 -0.1562136158 0.1521359981
-0.1261148609 0.1344509675 0.3109089147
-0.1211565276 0.1423884675 0.3404234981
-0.3616356943 0.0717634675 -0.0095827519
0.4270101391 -0.1630490325 -0.1666327519
-0.3607815276 0.0379301342 0.0040901647
0.4191976391 -0.1960073658 -0.1623306686
0.2010309724 -0.2251531992 0.3770505814
-0.1140731943 0.1475759675 0.3705776647
0.1925309724 -0.2337156992 0.3877630814
0.2001143057 -0.2271531992 0.3769443314
0.1925518057 -0.2359031992 0.3870797481
-0.3797398609 0.0722218008 -0.0260848353
-0.3790940276 0.0370968008 -0.0125640019
0.4317809724 0.0330343008 -0.2157827519
-0.1783023609 0.0996384675 0.3232380814
0.1426934724 -0.3327011158 0.3129547481
-0.2216356943 0.0465343008 0.3115693314
-0.1998648609 -0.1395281992 0.1492359981
-0.2178648609 0.0571593008 0.3382943314
0.1946976391 -0.2295073658 0.3886776647
0.1423018057 -0.3425490325 0.3149339147
0.1995934724 -0.2226740325 0.3903609981
0.1381038891 -0.3406219492 0.3135526647
0.1348413891 -0.3455031992 0.3146193314
-0.1990106943 0.0753884675 0.3915734981
-0.2099273609 0.0670551342 0.3650839147
-0.2188023609 -0.1361115325 0.1939568314
0.3807601391 0.0722218008 -0.0260848353
-0.1973461109 -0.1448094492 0.1531297481
0.3801143057 0.0370968008 -0.0125640019
-0.1986356943 -0.1393177825 0.1539568314
-0.4106356943 -0.0394031992 -0.0371160853
0.0007184724 -0.4118406992 -0.1949223353
-0.3972606943 0.0363676342 -0.0318348353
-0.1618856943 0.1150968008 0.3799672481
-0.1714898609 0.1084926342 0.3514964147
0.1068018057 -0.3435490325 0.3165297481
-0.3961148609 0.0000134675 -0.0218265019
-0.3940315276 -0.0359865325 -0.0147994186
-0.3779690276 0.0022634675 -0.0021494186
-0.3763023609 -0.0322781992 0.0053234981
-0.1205315276 -0.2624865325 0.1462339147
0.1963434724 -0.2522365325 0.3809047481
0.1389476391 -0.3852365325 0.3352693314
0.1964893057 -0.2605490325 0.3775193314
-0.1535315276 -0.2406323658 0.1435089147
0.1139893057 -0.3856115325 0.3325443314
0.1472872224 -0.0341802825 0.5502276647
0.1476122224 -0.0345094492 0.5500839147
0.1500538891 -0.0357552825 0.5486130814
0.1533851391 -0.0392136158 0.5467089147
-0.1426502776 -0.2323969492 0.1671464147
0.1502851391 -0.0472886158 0.5491255814
0.1707893057 -0.0394011158 0.5319943314
0.1707830557 -0.0396656992 0.5319943314
0.1729059724 -0.0394240325 0.5302047481
0.1702788891 -0.0393948658 0.5324255814
0.1456768057 -0.0348386158 0.5513234981
0.1437434724 -0.0354177825 0.5525776647
0.1513184724 -0.0370656992 0.5478901647
0.1940101391 -0.2413406992 0.3850797481
0.1707455557 -0.0392594492 0.5319943314
0.1457101391 -0.0474344492 0.5520214147
-0.1441981943 -0.2341323658 0.1729380814
-0.1505315276 -0.2441740325 0.1940193314
-0.1150627776 -0.2489677825 0.1708984981
0.1395726391 -0.3620490325 0.3212151647
0.4032393057 -0.1124240325 -0.0314098353
-0.1195523609 -0.2461302825 0.1703359981
0.4116559724 -0.0394031992 -0.0371160853
0.4080934724 -0.0762781992 -0.0331765019
-0.1241773609 -0.2432719492 0.1698589147
-0.1166773609 -0.2581323658 0.1869068314
-0.1210523609 -0.2787990325 0.2157193314
-0.3708231943 -0.1004656992 0.0122672481
-0.1201356943 -0.2687573658 0.2029214147
0.2047809724 -0.2361115325 0.3611214147
-0.3869481943 -0.1066323658 -0.0084744186
0.1339893057 -0.3579656992 0.3182755814
-0.4022190276 -0.1124240325 -0.0314098353
0.1442393057 0.0010343008 0.5412151647
-0.2273023609 0.0205343008 0.0904193314
0.2018434724 -0.2364656992 0.3743672481
0.2036351391 -0.2282781992 0.3625068314
0.2041559724 -0.2320698658 0.3618672481
-0.4070731943 -0.0762781992 -0.0331765019
0.2049893057 -0.2232156992 0.3624839147
-0.3910106943 -0.0715698658 -0.0104348353
0.0007184724 -0.4118406992 -0.1592660853
-0.1942606943 -0.0198615325 0.1292818314
-0.2008440276 0.0245759675 0.1073484981
-0.1770315276 0.0231384675 0.1269193314
0.2036351391 -0.2258615325 0.3627609981
0.1909684724 -0.0446740325 0.5116568314
0.1804059724 0.0173259675 0.5000714147
0.1879268057 -0.0142573658 0.5068443314
0.2032809724 -0.0210281992 0.4877214147
0.3773226391 -0.0322781992 0.0053234981
0.1618851391 0.0218259675 0.5175776647
0.1687809724 -0.0085073658 0.5254776647
0.0007184724 -0.4118406992 -0.1266535853
0.3982809724 0.0363676342 -0.0318348353
0.3971351391 0.0000134675 -0.0218265019
0.3789893057 0.0022634675 -0.0021494186
-0.2642815276 -0.0228406992 0.0788776647
0.3950518057 -0.0359865325 -0.0147994186
-0.3687398609 -0.2022156992 -0.0119035853
-0.2351148609 -0.0191115325 0.0960839147
0.1126351391 0.0191384675 0.5516068314
0.1387184724 0.0299509675 0.5316943314
-0.2135106943 -0.0178615325 0.1113943314
0.0760726391 0.0165134675 0.5675568314
0.1119893057 -0.0055698658 0.5611880814
0.1278226391 -0.3577990325 0.3153797481
0.0695726391 -0.0115281992 0.5788422481
0.0607288891 -0.0352886158 0.5877151647
0.0602601391 -0.0352823658 0.5878172481
-0.1802606943 -0.2253615325 0.2032839147
0.0615559724 -0.0362490325 0.5876359981
0.0888851391 -0.0477156992 0.5802047481
0.0648976391 -0.0396323658 0.5871401647
0.0734747224 -0.0471302825 0.5856214147
0.3718434724 -0.1004656992 0.0122672481
0.3920309724 -0.0715698658 -0.0104348353
0.0625143057 -0.0375531992 0.5875630814
0.0752080557 -0.0482302825 0.5852276647
0.2020726391 -0.2600490325 0.3542859981
0.1051684724 -0.4133261158 -0.2224244186
-0.1465127776 -0.2294052825 0.1676568314
0.1291768057 -0.3524781992 0.3159672481
0.1305830557 -0.3505865325 0.3155797481
0.1326830557 -0.3481823658 0.3151401647
0.2042601391 -0.2495698658 0.3576505814
0.2032601391 -0.2446115325 0.3717047481
0.2031559724 -0.2527781992 0.3687234981
0.1287080557 -0.3531281992 0.3160922481
-0.1501148609 -0.2257990325 0.1665818314
0.3879684724 -0.1066323658 -0.0084744186
-0.1530606943 -0.2228886158 0.1656568314
0.0860872224 -0.4164802825 -0.2187952519
0.0743643057 -0.4187844492 -0.2150119186
0.1219872224 -0.3589969492 0.3188109981
0.1042601391 -0.0248615325 0.5697505814
0.1277872224 -0.3539990325 0.3164443314
0.0903434724 -0.4156302825 -0.2201702519
0.1044059724 -0.4134240325 -0.2223910853
0.0919080557 -0.4153844492 -0.2204160853
-0.2117606943 -0.1009656992 0.1305172481
0.1097184724 -0.3655490325 0.3206193314
0.1372205557 -0.0468802825 0.5573464147
0.1413913891 -0.0370719492 0.5541568314
-0.3818440276 -0.1410906992 -0.0086452519
-0.3960315276 -0.1477156992 -0.0314098353
-0.3757398609 -0.1734656992 -0.0100723353
0.3828643057 -0.1410906992 -0.0086452519
0.3767601391 -0.1734656992 -0.0100723353
-0.2860106943 0.0085759675 0.0573693314
-0.2271981943 -0.0994656992 0.1140151647
0.3898226391 -0.1807156992 -0.0324952519
0.3970518057 -0.1477156992 -0.0314098353
-0.3888023609 -0.1807156992 -0.0324952519
-0.3807190276 -0.2099448658 -0.0340077519
0.1194684724 -0.3655698658 0.3212151647
-0.3081565276 0.0077218008 0.0480422481
0.3697601391 -0.2022156992 -0.0119035853
-0.2982606943 0.0075968008 0.0516630814
0.1824476391 -0.2552990325 0.3904672481
0.1018226391 -0.3575073658 0.3222589147
0.3817393057 -0.2099448658 -0.0340077519
0.1810101391 -0.2446740325 0.3944276647
-0.2447398609 -0.0981323658 0.1003651647
-0.3176565276 -0.0248823658 0.0527068314
-0.2840940276 -0.0255906992 0.0680172481
0.1052393057 -0.3668406992 0.3253464147
0.1390601391 -0.0470031992 0.5561943314
-0.3630940276 -0.2514448658 -0.0354973353
0.1822809724 -0.2415698658 0.3955339147
-0.3609065276 -0.2258615325 -0.0133306686
0.3730934724 -0.2340073658 -0.0352223353
-0.2800106943 -0.1315906992 0.0784297481
-0.3017398609 -0.0258823658 0.0595839147
0.1975309724 -0.2772781992 0.3586734981
0.1887393057 -0.2920490325 0.3641026647
0.2014476391 -0.2635281992 0.3644651647
0.0529268057 -0.4142573658 -0.2421244186
0.3994476391 0.2369718008 -0.1438056686
0.1209268057 -0.3610281992 0.3189359981
-0.2620106943 -0.0970281992 0.0895464147
0.4018643057 0.2390134675 -0.1618848353
0.1950726391 -0.2711531992 0.3729839147
-0.2966148609 -0.0262781992 0.0616922481
0.4009059724 0.2398051342 -0.1812410853
0.1144330557 -0.3594136158 0.3200401647
0.1163705557 -0.3597469492 0.3197151647
0.0339226391 -0.4210490325 -0.2182410853
0.0210705557 -0.4206469492 -0.2216494186
0.2053434724 -0.0527156992 0.4935776647
0.1085205557 -0.3520802825 0.3186214147
0.1071893057 -0.3508136158 0.3183568314
-0.3170940276 -0.0902156992 0.0614359981
-0.3275523609 -0.0897156992 0.0546443314
0.1066809724 -0.3503386158 0.3182589147
-0.3720731943 -0.2340073658 -0.0352223353
0.0846622224 -0.0531677825 0.5828589147
0.0836122224 -0.0535448658 0.5833151647
0.1063747224 -0.3495531992 0.3181297481
-0.3602606943 0.2625551342 -0.0944431686
0.1820101391 -0.2830906992 0.3796484981
0.0198851391 -0.4206115325 -0.2219660853
0.3939893057 0.2338676342 -0.1264077519
0.0037601391 -0.4208865325 -0.2231598353
0.3857809724 0.2298051342 -0.1091160853
0.1787393057 -0.2954865325 0.3746651647
0.1835726391 -0.2643823658 0.3869964147
-0.3174690276 0.0076176342 0.0440609981
0.0005101391 -0.4210406992 -0.2230160853
0.1645101391 -0.2971115325 0.3853130814
0.0005101391 -0.4162365325 -0.2419973353
-0.3290315276 0.0071801342 0.0377776647
-0.3071356943 -0.1253823658 0.0657589147
-0.3288231943 -0.0250698658 0.0461901647
-0.3155523609 -0.1233406992 0.0614589147
0.2205518057 0.0316801342 0.4045630814
0.1201559724 -0.3591656992 0.3191193314
0.2211559724 -0.0015490325 0.4392526647
-0.3258231943 -0.1224240325 0.0546859981
0.1194413891 -0.3592156992 0.3192339147
0.2090309724 0.0074926342 0.4599089147
-0.0519065276 -0.4142573658 -0.2421244186
0.2259893057 -0.0413615325 0.4500922481
-0.2934065276 -0.1294240325 0.0716151647
0.2156768057 -0.0297365325 0.4686193314
0.1048080557 -0.3483615325 0.3181693314
-0.0441565276 -0.4201594492 -0.2200890019
-0.0524544443 -0.4197761158 -0.2203890019
-0.2949273609 -0.0947365325 0.0717859981
0.1957809724 0.0131801342 0.4805234981
-0.0330481943 -0.4210698658 -0.2181390019
0.1055538891 -0.3489490325 0.3181547481
-0.0426565276 -0.4215052825 -0.2150285853
0.1667184724 -0.2786531992 0.3914026647
0.1465101391 -0.3012990325 0.3932130814
-0.3020731943 -0.0933615325 0.0685276647
0.1346143057 -0.3825906992 0.3310318314
0.1475518057 -0.2926948658 0.3955568314
0.1296768057 -0.3783198658 0.3272839147
-0.2637190276 0.3482843008 -0.0421640019
0.3839059724 0.2766593008 -0.1612035853
-0.2695106943 0.3449509675 -0.0469973353
-0.3929690276 0.2338676342 -0.1264077519
0.3815726391 0.2747634675 -0.1442306686
-0.3847606943 0.2298051342 -0.1091160853
-0.1910940276 -0.2171740325 0.1204672481
-0.2594065276 0.3706593008 -0.0531723353
-0.2671981943 0.3642843008 -0.0609660853
0.3835726391 0.2773259675 -0.1792181686
0.1245101391 -0.3725906992 0.3240255814
-0.2791148609 0.3572843008 -0.0679515019
-0.2730106943 0.3604093008 -0.0652473353
0.3768434724 0.2717218008 -0.1277910853
-0.2037606943 -0.1788823658 0.1260464147
0.2062601391 -0.2250490325 0.3449797481
-0.2208231943 -0.1779656992 0.1086276647
0.2111559724 -0.2200906992 0.3433609981
-0.3642815276 0.3100759675 -0.1592431686
-0.3618648609 0.3083884675 -0.1430598353
-0.0006565276 0.0363051342 0.5729234981
0.0367809724 0.0113884675 0.5794609981
0.2041976391 -0.2276115325 0.3458109981
0.0348997224 -0.4211490325 -0.2177035853
-0.2399065276 -0.1746531992 0.0949339147
0.0339268057 -0.4210490325 -0.2182390019
-0.0006565276 0.0075551342 0.5842297481
0.1164268057 -0.3832990325 0.3118880814
-0.2782815276 0.3710134675 -0.0860744186
-0.2724481943 0.3753676342 -0.0825181686
0.3962601391 0.2392009675 -0.2024723353
-0.2435940276 -0.1370698658 0.0990651647
0.3803226391 0.2766384675 -0.1987452519
-0.0725190276 -0.4173136158 -0.2211056686
-0.0757190276 -0.4169198658 -0.2212223353
0.0339580557 -0.0303615325 0.5926422481
0.2029268057 -0.2368198658 0.3461943314
0.0349601391 -0.0309219492 0.5925693314
-0.0266773609 -0.4207761158 -0.2201994186
0.0291955557 -0.0277219492 0.5929901647
-0.0126148609 -0.4207156992 -0.2224348353
0.0420309724 -0.0327969492 0.5914380814
0.0459080557 -0.0338156992 0.5908151647
0.0533538891 -0.0345781992 0.5892609981
-0.0254940276 -0.4207719492 -0.2203869186
-0.0006565276 -0.0206677825 0.5935901647
-0.0005940276 -0.0206927825 0.5935943314
0.0034059724 -0.0220802825 0.5936797481
0.2031768057 -0.2311948658 0.3462359981
-0.2123231943 -0.2156323658 0.1016214147
0.1146976391 -0.3797573658 0.3166359981
0.4084059724 0.1940134675 -0.1217015019
0.4074268057 0.1510968008 -0.0928890019
-0.2985523609 0.3461801342 -0.0740848353
0.2035726391 -0.2288406992 0.3460880814
0.0060851391 -0.0230802825 0.5937422481
0.0124559724 -0.0250802825 0.5937714147
-0.2878231943 0.3531384675 -0.0709973353
0.4124893057 0.1123676342 -0.0796431686
-0.2579898609 -0.1707365325 0.0845422481
-0.3237398609 0.3166384675 -0.0788973353
-0.3106773609 0.3347009675 -0.0769160853
-0.2953231943 0.3325343008 -0.0586890019
-0.3057606943 0.3053259675 -0.0522994186
-0.3067606943 0.3227843008 -0.0629473353
-0.0047231943 -0.0220781992 0.5936776647
-0.2843231943 0.3175551342 -0.0415890019
0.0007184724 -0.4118406992 -0.2229723353
0.0658851391 -0.3658823658 0.3368464147
-0.2607398609 -0.1345906992 0.0885880814
-0.0141752776 -0.0248511158 0.5937359981
-0.0137815276 -0.0247636158 0.5937443314
-0.0073148609 -0.0229531992 0.5937318314
-0.1333752776 -0.4128240325 -0.1069598353
-0.1300044443 -0.4119344492 -0.0968452519
-0.3182606943 0.3070134675 -0.0657806686
-0.0205294443 -0.0263927825 0.5936380814
-0.2769065276 -0.1980490325 0.0671651647
0.4105309724 0.1992426342 -0.2039202519
-0.2557398609 -0.2042990325 0.0769193314
-0.1259690276 -0.4165969492 -0.1797640019
-0.1286106943 -0.4151386158 -0.1875556686
0.0830934724 -0.3813615325 0.3443193314
-0.1540669443 -0.4122427825 -0.1689931686
-0.1535336109 -0.4125406992 -0.1673931686
-0.1561356943 -0.4120073658 -0.1674848353
-0.2355315276 -0.2099656992 0.0874172481
-0.1180315276 -0.4196073658 -0.1522390019
0.1979059724 -0.2606323658 0.3426380814
0.0801559724 -0.3696531992 0.3372297481
-0.1438252776 -0.4141323658 -0.1382952519
-0.1405273609 -0.4146406992 -0.1284077519
0.2022184724 -0.2440906992 0.3457464147
0.0191059724 -0.0267844492 0.5936755814
0.0267059724 -0.0283240325 0.5934318314
0.0276622224 -0.0284740325 0.5933880814
0.2006143057 -0.2510906992 0.3445964147
0.0398434724 -0.0455281992 0.5933880814
0.0366768057 -0.0389656992 0.5933880814
0.0323643057 -0.0330281992 0.5933880814
0.3987809724 0.1902426342 -0.1033660853
-0.2108231943 -0.1401948658 0.1292193314
0.3720101391 0.1815759675 -0.0667390019
0.3972184724 0.1100343008 -0.0595827519
0.3863018057 0.1858884675 -0.0846681686
0.0680309724 -0.3743406992 0.3452568314
-0.2261773609 -0.1391531992 0.1125443314
0.1014893057 -0.3940906992 -0.2755785853
0.2016768057 -0.2343406992 0.3264964147
0.2056976391 -0.2303198658 0.3245380814
0.3985934724 0.0729926342 -0.0450598353
-0.3032398609 0.3553051342 -0.0915265019
-0.3156773609 0.3429093008 -0.0930577519
0.1041976391 -0.4083823658 -0.2418681686
0.1531143057 -0.3986323658 -0.2406765019
-0.3254273609 0.3526593008 -0.1260869186
0.0876976391 -0.3549031992 0.3224505814
-0.3083648609 0.3613051342 -0.1094994186
-0.3646773609 0.3105551342 -0.1762577519
0.0993018057 -0.3509865325 0.3200234981
0.0978643057 -0.3494240325 0.3190214147
-0.1273023609 -0.2817573658 0.1181672481
-0.1716148609 -0.2907156992 0.0827318314
-0.2926565276 0.3628884675 -0.0898015019
0.0874893057 -0.3613406992 0.3218964147
-0.2980315276 0.3693259675 -0.1090515019
0.3891351391 0.2374926342 -0.2244056686
0.0976976391 -0.3548823658 0.3196401647
0.0515518057 -0.3995906992 -0.2766015019
0.0005101391 -0.4014448658 -0.2767702519
-0.1317398609 -0.3042781992 0.0918026647
-0.3129273609 0.3656801342 -0.1264910853
0.4127601391 0.1571593008 -0.2275577519
-0.0395106943 0.0309718008 0.5715380814
-0.0505315276 -0.3995906992 -0.2766015019
0.4019893057 0.1976593008 -0.2278994186
-0.3828856943 0.2766593008 -0.1612035853
-0.1004690276 -0.3940906992 -0.2755785853
-0.1055731943 -0.0248615325 0.5697505814
-0.3805523609 0.2747634675 -0.1442306686
0.0914476391 -0.3640698658 0.3292443314
-0.3984273609 0.2369718008 -0.1438056686
-0.4008440276 0.2390134675 -0.1618848353
-0.1703440276 -0.2586948658 0.1105214147
-0.1031773609 -0.4083823658 -0.2418681686
-0.0949065276 -0.0406323658 0.5771380814
0.0890726391 -0.3566323658 0.3251130814
-0.0708856943 -0.0115281992 0.5788422481
-0.3758231943 0.2717218008 -0.1277910853
-0.2984898609 0.2849926342 -0.0396931686
-0.0696606943 -0.0421615325 0.5864734981
-0.0633856943 -0.0376719492 0.5876505814
0.0778851391 -0.3616115325 0.3309464147
-0.2333440276 -0.2416323658 0.0755984981
0.0645934724 -0.3643406992 0.3303505814
0.0763018057 -0.3672990325 0.3244297481
-0.0613523609 -0.0355302825 0.5878693314
-0.3095731943 0.2804301342 -0.0460827519
-0.2058440276 -0.2499865325 0.0896318314
-0.0326565276 -0.0230698658 0.5914484981
-0.0319586109 -0.0257656992 0.5923755814
-0.0400502776 -0.0307490325 0.5917734981
-0.0374940276 -0.0298490325 0.5921526647
-0.3201565276 0.2785759675 -0.0544515019
-0.0449440276 -0.0324886158 0.5910526647
-0.0320148609 -0.0258073658 0.5923734981
-0.1520940276 -0.3986323658 -0.2406765019
0.1993434724 -0.2383406992 0.3279234981
0.1988018057 -0.2402573658 0.3282630814
0.4105934724 -0.1904031992 -0.0804306686
-0.3291565276 0.2829926342 -0.0657577519
0.1998851391 -0.2369448658 0.3275609981
0.4013018057 -0.1862990325 -0.0558994186
0.0765309724 -0.3599240325 0.3263901647
0.4095726391 -0.1528198658 -0.0554306686
-0.0595877776 -0.0352636158 0.5882276647
-0.0477315276 -0.0334698658 0.5906422481
-0.0381148609 0.0113884675 0.5794609981
-0.2362398609 -0.2682573658 0.0586464147
-0.2065523609 -0.2788198658 0.0707859981
-0.3158856943 0.2493676342 -0.0416952519
-0.0284336109 -0.0277052825 0.5933214147
-0.0281419443 -0.0278219492 0.5933880814
0.4168434724 0.0735134675 -0.2493431686
0.0643643057 -0.3726323658 0.3269214147
-0.3166773609 0.3685134675 -0.1429098353
0.4228643057 -0.0095906992 -0.2434869186
-0.3066773609 0.3769301342 -0.1442306686
-0.3194065276 0.3698884675 -0.1591806686
-0.0752648609 -0.0470323658 0.5854776647
-0.0735315276 -0.0455281992 0.5857859981
0.0769268057 -0.3802365325 0.3238339147
0.4008018057 -0.2202573658 -0.0804306686
-0.3317606943 0.3568051342 -0.1577952519
0.4069893057 -0.2231115325 -0.1051535853
-0.3291356943 0.3554093008 -0.1419306686
-0.2425106943 -0.2905073658 0.0376505814
-0.2116773609 -0.3029448658 0.0475318314
-0.3998856943 0.2398051342 -0.1812410853
-0.3825523609 0.2773259675 -0.1792181686
0.1002184724 -0.3761740325 0.3215984981
-0.3027815276 0.3739718008 -0.1270452519
-0.3793023609 0.2766384675 -0.1987452519
-0.3952398609 0.2392009675 -0.2024723353
0.1899684724 -0.2567781992 0.3100130814
0.1972184724 -0.2469240325 0.3293505814
-0.0282606943 -0.0279031992 0.5933880814
-0.2970731943 -0.1611740325 0.0658880814
-0.0335731943 -0.0330281992 0.5933880814
0.0294059724 -0.3204448658 0.4421714147
-0.3141981943 -0.1551740325 0.0583068314
-0.0378856943 -0.0389656992 0.5933880814
-0.0410523609 -0.0455281992 0.5933880814
-0.3241565276 -0.1532573658 0.0518755814
-0.3141565276 -0.1841115325 0.0517047481
0.0146976391 -0.3267365325 0.4424047481
-0.3208440276 0.3699093008 -0.1757056686
0.0134893057 -0.3083823658 0.4473672481
-0.4073856943 0.1940134675 -0.1217015019
0.1955934724 -0.2521115325 0.3298193314
-0.3207815276 0.3686801342 -0.1929119186
0.3997184724 -0.2471115325 -0.1820931686
0.4010934724 -0.2488823658 -0.1556869186
-0.3087815276 0.3740343008 -0.2131619186
-0.4064065276 0.1510968008 -0.0928890019
0.4002393057 -0.2490906992 -0.1295160853
-0.3977606943 0.1902426342 -0.1033660853
-0.3709898609 0.1815759675 -0.0667390019
-0.0006565276 -0.3213615325 0.4443005814
0.4103226391 -0.2246115325 -0.1310910853
-0.3191981943 0.3661593008 -0.2102890019
-0.0006565276 -0.3056531992 0.4485589147
0.4037184724 -0.2212781992 -0.2128015019
0.1929059724 -0.2586323658 0.3297339147
-0.3852815276 0.1858884675 -0.0846681686
-0.2914065276 -0.1939656992 0.0607130814
-0.3313023609 0.3536176342 -0.2085640019
0.4079684724 -0.2238406992 -0.1860973353
0.0417809724 -0.0525281992 0.5933880814
0.4104268057 -0.2249031992 -0.1584765019
-0.0156565276 -0.3210698658 0.4438526647
-0.2938231943 -0.2208615325 0.0492776647
0.1885309724 -0.2895281992 0.3362068314
0.1939476391 -0.2736115325 0.3396984981
0.1979684724 -0.2738406992 0.3494734981
0.4157184724 0.0318676342 -0.2596702519
0.0454268057 -0.3252156992 0.4373359981
0.0469476391 -0.3370281992 0.4345901647
-0.3160940276 0.3623676342 -0.2273660853
0.3922393057 -0.2159240325 -0.0567931686
0.1916559724 -0.2934448658 0.3525193314
-0.3281981943 0.3501384675 -0.2256202519
0.0317809724 -0.3442781992 0.4368693314
-0.3234898609 -0.1800906992 0.0461464147
-0.3168440276 -0.2088406992 0.0412068314
0.3908018057 -0.2449031992 -0.0806640019
0.2341976391 -0.0561740325 0.4316943314
-0.3255731943 -0.2022781992 0.0369255814
0.2402601391 -0.0744240325 0.4129964147
0.0153851391 -0.3389240325 0.4397443314
0.3734476391 -0.2581323658 -0.0579640019
0.2659893057 0.3829509675 -0.2570306686
0.3828226391 -0.2403198658 -0.0576244186
-0.3050731943 -0.2157573658 0.0454443314
0.1880101391 -0.2671740325 0.3283693314
-0.0006565276 -0.3392781992 0.4402547481
-0.0859815276 -0.0525386158 0.5827880814
0.2563643057 -0.0561115325 0.3181068314
-0.0847711109 -0.0529927825 0.5833151647
-0.0166981943 -0.3389240325 0.4397443314
0.3720934724 -0.2758198658 -0.0812827519
0.2444476391 0.3825759675 -0.2785806686
-0.0429898609 -0.0525281992 0.5933880814
0.1868851391 -0.2760906992 0.3308839147
0.3811143057 -0.2630073658 -0.0809640019
0.1753018057 -0.0688615325 0.5287568314
0.1590934724 -0.0751948658 0.5409797481
-0.1742190276 -0.0394240325 0.5302047481
-0.3321148609 -0.2191740325 0.0236797481
-0.1721044443 -0.0394011158 0.5319943314
-0.1719106943 -0.0387781992 0.5319943314
-0.1698294443 -0.0393761158 0.5339193314
-0.1550669443 -0.0392177825 0.5464109981
-0.1515398609 -0.0355344492 0.5484276647
0.0489268057 -0.3615490325 0.4313109981
-0.1448169443 -0.0351761158 0.5526464147
-0.1448065276 -0.0351927825 0.5526568314
-0.1423252776 -0.0369406992 0.5543234981
-0.1720711109 -0.0405615325 0.5319943314
0.2033018057 -0.0803406992 0.4972193314
0.1907184724 -0.0725490325 0.5130401647
0.3696976391 -0.2882365325 -0.1058785853
0.2228226391 0.4247843008 -0.2448285853
-0.1517856943 -0.0478115325 0.5489734981
0.3777601391 -0.2791740325 -0.1051765019
0.0329268057 -0.3630073658 0.4346318314
-0.1485731943 -0.0336406992 0.5500880814
-0.1493440276 -0.0344198658 0.5497505814
-0.3248231943 -0.2501323658 0.0099672481
-0.3235731943 -0.2281531992 0.0264276647
-0.1369981943 -0.0465094492 0.5582318314
-0.3083023609 -0.2384240325 0.0309005814
0.1936768057 0.4419509675 -0.2478952519
-0.1469148609 -0.0479469492 0.5520547481
0.1857393057 -0.2664656992 0.3124422481
0.1603018057 0.4577218008 -0.2505785853
0.1818643057 -0.2736323658 0.3131859981
-0.2843440276 -0.2487156992 0.0395464147
0.0163018057 -0.3640073658 0.4365714147
0.3868643057 -0.2660906992 -0.1046640019
0.0159268057 -0.3514031992 0.4376776647
-0.1400315276 0.0299509675 0.5316943314
-0.1139690276 0.0191384675 0.5516068314
0.1093830557 -0.0646636158 0.5725276647
-0.1455523609 0.0010343008 0.5412151647
0.1104663891 -0.0650677825 0.5720568314
0.3966976391 -0.2477990325 -0.1045785853
-0.1133023609 -0.0055698658 0.5611880814
0.1080476391 -0.0641656992 0.5731089147
-0.3151773609 -0.2560906992 0.0124359981
0.0889663891 -0.0577365325 0.5812234981
0.0923476391 -0.0597573658 0.5798797481
0.2179476391 0.4134718008 -0.2673577519
0.1892809724 0.4288259675 -0.2725556686
0.1565309724 0.4429926342 -0.2772827519
0.0885643057 -0.0573094492 0.5813776647
0.2120726391 0.4002426342 -0.2879931686
0.0164268057 -0.3765281992 0.4367193314
0.3731351391 -0.2899656992 -0.1306660853
0.0331351391 -0.3754865325 0.4347609981
0.1119976391 -0.0654511158 0.5713984981
0.3813018057 -0.2806531992 -0.1297077519
0.1839893057 0.4134093008 -0.2949140019
0.1115934724 -0.0670844492 0.5715068314
0.3904476391 -0.2674031992 -0.1291973353
0.0490726391 -0.3739865325 0.4315234981
-0.2930523609 -0.2669031992 0.0198693314
-0.4114690276 0.1123676342 -0.0796431686
-0.4137190276 0.0739509675 -0.0656723353
0.1111955557 -0.0713948658 0.5715109981
0.3824893057 -0.2802573658 -0.1549202519
0.3916351391 -0.2669865325 -0.1546660853
0.1104351391 -0.0786740325 0.5715547481
0.1782809724 -0.2807156992 0.3245380814
0.1776559724 -0.2767990325 0.3237714147
-0.3961981943 0.1100343008 -0.0595827519
0.0839059724 0.4786593008 -0.2536869186
-0.1922815276 -0.0446740325 0.5116568314
0.0818434724 0.4621384675 -0.2832660853
-0.3975731943 0.0729926342 -0.0450598353
0.1234268057 0.4699509675 -0.2524744186
0.1204476391 0.4541176342 -0.2808390019
0.0828851391 -0.0739865325 0.5833151647
-0.1892398609 -0.0142573658 0.5068443314
-0.1817190276 0.0173259675 0.5000714147
0.3741351391 -0.2897156992 -0.1558994186
-0.1701148609 -0.0085073658 0.5254776647
-0.1632190276 0.0218259675 0.5175776647
-0.0006565276 -0.3769240325 0.4373797481
0.0841768057 -0.0597573658 0.5833151647
-0.0006565276 -0.3644031992 0.4371880814
0.1690309724 -0.2834240325 0.3203839147
-0.4095106943 0.1992426342 -0.2039202519
0.1748018057 -0.2930490325 0.3232172481
0.3965309724 -0.2437573658 -0.2077973353
0.2065518057 0.3842218008 -0.3066702519
0.3878018057 -0.2610490325 -0.2054744186
-0.4137398609 0.1969718008 -0.1402702519
0.1789893057 0.3951384675 -0.3148244186
-0.2045940276 -0.0210281992 0.4877214147
-0.0172606943 -0.3514031992 0.4376776647
0.1365726391 -0.0851115325 0.5543964147
0.1476976391 0.4053468008 -0.3221285853
-0.0177398609 -0.3765281992 0.4367193314
0.1446143057 0.3817634675 -0.3399535853
-0.0176148609 -0.3640073658 0.4365714147
0.1752393057 -0.2841740325 0.3121214147
0.1113038891 -0.0822781992 0.5707922481
0.3814684724 -0.2780281992 -0.1802410853
0.1519893057 0.4256384675 -0.3011744186
0.3906559724 -0.2648615325 -0.1803681686
-0.1259065276 -0.0532781992 0.5644255814
-0.3601981943 0.2685759675 -0.2571369186
0.2248434724 -0.0763406992 0.4598255814
0.2164684724 -0.0633406992 0.4762005814
0.1693851391 -0.2864448658 0.3200859981
0.3784059724 -0.2739448658 -0.2051348353
0.1667601391 -0.2963406992 0.3186380814
-0.2066565276 -0.0527156992 0.4935776647
0.1134684724 0.4136176342 -0.3274952519
0.1168643057 0.4353884675 -0.3058806686
0.0366768057 -0.0805490325 0.5933880814
0.0770309724 0.4197634675 -0.3311160853
-0.0307398609 -0.3204448658 0.4421714147
0.4095309724 -0.1941531992 -0.2193806686
-0.2331565276 -0.0131531992 0.4181714147
0.1708434724 -0.2859865325 0.3193401647
0.0398434724 -0.0739865325 0.5933880814
0.0793851391 0.4425134675 -0.3090973353
0.0417809724 -0.0669865325 0.5933880814
0.0424476391 -0.0597573658 0.5933880814
-0.2273231943 -0.0413615325 0.4500922481
-0.2170106943 -0.0297365325 0.4686193314
-0.2224690276 -0.0015490325 0.4392526647
0.1656476391 -0.2892073658 0.3186130814
0.1653893057 -0.2888240325 0.3187693314
-0.2218856943 0.0316801342 0.4045630814
-0.0641148609 -0.3418823658 0.4284568314
-0.0613231943 -0.3192573658 0.4334609981
-0.2103440276 0.0074926342 0.4599089147
0.1722393057 -0.2878615325 0.3168714147
0.1110101391 0.3886593008 -0.3455535853
0.0753226391 0.3938884675 -0.3492160853
-0.1970940276 0.0131801342 0.4805234981
-0.3285940276 -0.2670490325 -0.0099869186
0.3832809724 -0.2555490325 -0.2292827519
0.3919684724 -0.2387990325 -0.2318181686
-0.2967606943 -0.2848823658 -0.0005535853
0.1656497224 -0.2892177825 0.3186089147
-0.0482606943 -0.3370281992 0.4345901647
-0.0467606943 -0.3252156992 0.4373359981
0.3734893057 -0.2680906992 -0.2289848353
0.2871143057 -0.3094656992 -0.0196556686
0.2330934724 -0.3546948658 -0.0348390019
0.2598018057 -0.3244656992 -0.0126910853
0.0426559724 0.4838676342 -0.2543265019
0.2514684724 -0.3090281992 0.0137359981
0.0005101391 0.4855968008 -0.2544973353
-0.0331148609 -0.3442781992 0.4368693314
0.0415934724 0.4669926342 -0.2846931686
0.3451559724 0.1398676342 -0.0257015019
-0.3639065276 0.2284509675 -0.2828827519
0.0005101391 0.4686176342 -0.2851410853
0.1630434724 -0.2935156992 0.3174568314
0.1644559724 -0.2907906992 0.3181026647
0.1616143057 -0.2900073658 0.3180005814
-0.2420940276 -0.0264448658 0.3963005814
-0.3881148609 0.2374926342 -0.2244056686
-0.2493856943 -0.0390490325 0.3727276647
-0.2324898609 0.0213884675 0.3801818314
-0.3797190276 0.2349509675 -0.2458931686
-0.0853231943 -0.3213198658 0.4205359981
-0.1085315276 -0.3349031992 0.4047547481
-0.2405731943 0.0104718008 0.3549047481
0.1610101391 -0.3024656992 0.3137193314
-0.0416356943 0.4838676342 -0.2543265019
-0.0405731943 0.4669926342 -0.2846931686
-0.0828856943 0.4786593008 -0.2536869186
0.3610101391 0.1414926342 -0.0387556686
-0.2551773609 -0.0484865325 0.3464714147
-0.0808231943 0.4621384675 -0.2832660853
0.3421351391 0.1758259675 -0.0377119186
-0.2452815276 -0.0000073658 0.3286693314
0.1601518057 -0.2996448658 0.3158318314
0.1585788891 -0.3024490325 0.3152443314
-0.0932398609 -0.3335698658 0.4137630814
0.0391351391 0.4235968008 -0.3331390019
0.3447809724 0.0387843008 0.0173776647
0.0382601391 0.3971801342 -0.3511973353
0.2953226391 -0.3209031992 -0.0468056686
0.2672601391 -0.3374656992 -0.0411848353
-0.0789065276 -0.3464656992 0.4207047481
-0.0783023609 -0.3352365325 0.4221755814
0.0005101391 0.4249301342 -0.3337348353
0.0005101391 0.3983468008 -0.3517723353
0.3618018057 0.0379301342 0.0040901647
0.1501976391 -0.3170490325 0.2961089147
0.1491143057 -0.3111740325 0.2818193314
0.0283851391 -0.1367365325 0.5833151647
0.3626559724 0.0717634675 -0.0095827519
-0.0652815276 -0.3598406992 0.4265609981
0.3456976391 0.0717009675 0.0035568314
-0.0005940276 -0.0597573658 0.5967943314
-0.0641356943 -0.3845906992 0.4292443314
0.1518643057 -0.3182156992 0.3027089147
0.1484268057 -0.3260698658 0.3045839147
0.0403434724 0.4468676342 -0.3109494186
-0.0651773609 -0.3721323658 0.4270297481
0.3434684724 -0.0262573658 0.0364568314
0.0005101391 0.4483676342 -0.3115452519
0.2290101391 0.3167426342 0.0234255814
0.3441351391 0.0061801342 0.0283234981
0.1513226391 -0.3205073658 0.3093109981
-0.0503856943 -0.3739865325 0.4315234981
-0.0502398609 -0.3615490325 0.4313109981
0.2478226391 0.3066176342 0.0012568314
-0.0153231943 -0.1404448658 0.5833151647
-0.0342606943 -0.3630073658 0.4346318314
0.2700518057 0.3231801342 -0.0333681686
-0.0783648609 0.4425134675 -0.3090973353
-0.0760106943 0.4197634675 -0.3311160853
0.2448226391 0.3381801342 -0.0050035853
0.3596976391 -0.0288615325 0.0226380814
-0.4117398609 0.1571593008 -0.2275577519
0.3608851391 0.0044301342 0.0147797481
-0.0005940276 -0.1416740325 0.5833151647
-0.1124481943 0.4136176342 -0.3274952519
0.2511976391 0.3582426342 -0.0266390019
-0.0344481943 -0.3754865325 0.4347609981
0.0141143057 -0.1404448658 0.5833151647
-0.0393231943 0.4468676342 -0.3109494186
-0.0381148609 0.4235968008 -0.3331390019
0.2642393057 0.3260343008 -0.0283015019
0.1382184724 -0.3445281992 0.3014318314
0.1323434724 -0.3343198658 0.2852901647
0.1400101391 -0.3365490325 0.2988984981
-0.0743023609 0.3938884675 -0.3492160853
-0.0372398609 0.3971801342 -0.3511973353
0.1386559724 -0.3330906992 0.2943193314
-0.1011981943 -0.3759865325 0.4096318314
0.3530309724 0.3014718008 -0.1113931686
0.3413434724 0.3331801342 -0.1262160853
0.1420309724 -0.3388198658 0.3064359981
-0.1064690276 -0.3509656992 0.4046922481
-0.4009690276 0.1976593008 -0.2278994186
-0.1042815276 -0.3628406992 0.4063526647
-0.3911148609 0.1953676342 -0.2513015019
0.3460309724 0.2962843008 -0.0950827519
-0.1099898609 0.3886593008 -0.3455535853
-0.3907815276 0.1530968008 -0.2760473353
0.2600101391 0.3001384675 -0.0129890019
0.0417809724 -0.1722990325 0.5668526647
0.2679059724 0.2962009675 -0.0215077519
-0.0911356943 -0.3672365325 0.4143818314
-0.0768648609 -0.3826740325 0.4240068314
0.3403226391 0.2521593008 -0.0632452519
0.3447184724 0.2736176342 -0.0787702519
0.3496351391 0.2160343008 -0.0585390019
0.2738018057 0.2937218008 -0.0264681686
-0.1224065276 0.4699509675 -0.2524744186
-0.0790315276 -0.3580698658 0.4203005814
-0.1926565276 0.4419509675 -0.2478952519
-0.1882606943 0.4288259675 -0.2725556686
0.3362601391 0.2135134675 -0.0456765019
-0.0784273609 -0.3701115325 0.4213026647
0.0209268057 -0.1776948658 0.5668526647
-0.1592815276 0.4577218008 -0.2505785853
-0.1555106943 0.4429926342 -0.2772827519
-0.1194273609 0.4541176342 -0.2808390019
-0.1829690276 0.4134093008 -0.2949140019
-0.1095106943 -0.3856115325 0.4048630814
0.3612809724 0.2625551342 -0.0944431686
0.0387768057 -0.2183969492 0.5354234981
0.0386976391 -0.2183906992 0.5354484981
-0.4040940276 0.1138051342 -0.2642931686
0.2330309724 0.2792218008 0.0236589147
0.0388309724 -0.2183948658 0.5354130814
-0.4050731943 0.0725343008 -0.2753015019
0.2375518057 0.2395134675 0.0223172481
-0.2218023609 0.4247843008 -0.2448285853
0.0575726391 -0.2194656992 0.5287359981
-0.3963648609 0.0720551342 -0.2962140019
0.0389372224 -0.2183698658 0.5354089147
0.3451559724 0.3359301342 -0.1417827519
0.3476976391 0.3374093008 -0.1576035853
-0.0149898609 -0.3844865325 0.3634859981
0.0392455557 -0.2181719492 0.5355151647
0.0065101391 -0.3846948658 0.3638047481
0.2528851391 0.2703051342 0.0028109981
0.2657393057 0.2645759675 -0.0106035853
0.0551476391 -0.2077906992 0.5411901647
0.0280288891 -0.2166406992 0.5395318314
0.3628851391 0.3083884675 -0.1430598353
0.3653018057 0.3100759675 -0.1592431686
-0.3680106943 0.1478676342 -0.3240890019
0.0417393057 -0.3810906992 0.3577568314
0.0270726391 -0.2113823658 0.5445151647
0.3053434724 0.2516384675 -0.0350515019
0.2800518057 0.2915759675 -0.0300473353
0.0538851391 -0.2044448658 0.5445151647
-0.2649690276 0.3829509675 -0.2570306686
0.3587184724 0.3055134675 -0.1272577519
0.2861768057 0.2569718008 -0.0264056686
0.2739893057 0.2610968008 -0.0186327519
0.0193018057 -0.3843823658 0.3319901647
0.0326351391 -0.3721115325 0.3373568314
-0.3665315276 0.1874926342 -0.3061577519
-0.2169273609 0.4134718008 -0.2673577519
0.3341351391 0.3569301342 -0.1741077519
-0.0006565276 -0.2195073658 0.5391047481
-0.0005940276 -0.2194698658 0.5391443314
0.3487184724 0.3376801342 -0.1740015019
0.3480309724 0.3367843008 -0.1913994186
-0.2110523609 0.4002426342 -0.2879931686
-0.2434273609 0.3825759675 -0.2785806686
0.0390309724 -0.3808615325 0.3306693314
-0.3752398609 0.1493468008 -0.3109931686
-0.0267815276 -0.2179823658 0.5384734981
0.0518643057 -0.3771948658 0.3291151647
-0.0221148609 -0.1776948658 0.5668526647
-0.0005940276 -0.1795281992 0.5668526647
-0.3670523609 0.1094509675 -0.3373348353
0.3656976391 0.3105551342 -0.1762577519
0.0551768057 -0.3781323658 0.3524130814
-0.2055315276 0.3842218008 -0.3066702519
0.3602601391 0.3078468008 -0.2132056686
0.3458018057 0.3347218008 -0.2091390019
-0.1509690276 0.4256384675 -0.3011744186
-0.1779690276 0.3951384675 -0.3148244186
-0.0931377776 -0.0599302825 0.5800484981
-0.0005940276 -0.2137156992 0.5445151647
0.0532601391 -0.3694448658 0.3420839147
-0.3623648609 0.0719301342 -0.3473431686
-0.1435940276 0.3817634675 -0.3399535853
0.2585101391 0.2313676342 0.0032589147
-0.1466773609 0.4053468008 -0.3221285853
0.3116559724 0.2147218008 -0.0303452519
-0.0927919443 -0.0597573658 0.5802005814
0.0267601391 -0.3742156992 0.3486859981
0.2807184724 0.2230343008 -0.0163973353
-0.1124252776 -0.0788073658 0.5712214147
0.3013226391 0.2169718008 -0.0261702519
-0.3727190276 0.0720551342 -0.3376327519
-0.3753856943 0.1100343008 -0.3262598353
-0.1158440276 0.4353884675 -0.3058806686
-0.3827606943 0.1108051342 -0.3129723353
-0.0295940276 -0.1367365325 0.5833151647
-0.0436356943 -0.0597573658 0.5933880814
-0.0429898609 -0.0669865325 0.5933880814
-0.0410523609 -0.0739865325 0.5933880814
-0.0378856943 -0.0805490325 0.5933880814
0.3569268057 0.1780134675 -0.0507035853
-0.3811773609 0.0719926342 -0.3264744186
0.2868643057 0.2210551342 -0.0205056686
-0.3887398609 0.0719301342 -0.3129723353
0.0127393057 -0.3744656992 0.3392526647
-0.0006565276 -0.3758198658 0.3507089147
-0.0853856943 -0.0597573658 0.5833151647
-0.0840940276 -0.0739865325 0.5833151647
-0.0006565276 -0.3749240325 0.3395714147
0.1197809724 -0.3378198658 0.2732797481
-0.0073231943 -0.3855073658 0.3323734981
0.3186976391 0.3396176342 -0.2567119186
0.2578851391 0.0500134675 0.0612026647
0.3553226391 0.3048884675 -0.2315827519
0.3421559724 0.3315343008 -0.2265994186
-0.0272606943 -0.3835490325 0.3317130814
0.2455101391 0.0889301342 0.0545380814
0.3494893057 0.3010134675 -0.2488952519
-0.1066565276 -0.1535281992 0.5524589147
-0.0212606943 -0.3748198658 0.3494526647
-0.0918627776 -0.1754844492 0.5497547481
0.1160726391 -0.3662781992 0.2922318314
-0.0937898609 -0.1670802825 0.5535693314
-0.0951377776 -0.1646011158 0.5541130814
-0.0140731943 -0.3744656992 0.3392526647
0.3199268057 0.3062634675 -0.2838410853
0.3168018057 0.1769509675 -0.0232744186
0.3389268057 -0.1236115325 0.0445276647
0.3192184724 0.1410134675 -0.0115848353
-0.1022606943 -0.1530969492 0.5562547481
-0.1129086109 -0.0751115325 0.5711589147
0.3411351391 -0.0910281992 0.0445276647
-0.1024106943 -0.1497177825 0.5577547481
0.3425518057 -0.0586115325 0.0418443314
-0.0430731943 -0.3810906992 0.3577568314
0.3313018057 0.3219718008 -0.2580744186
0.3251976391 0.3151384675 -0.2715973353
-0.1766356943 -0.0688615325 0.5287568314
-0.4139481943 0.0358676342 -0.0529806686
-0.1035981943 -0.1432740325 0.5602089147
-0.1604273609 -0.0751948658 0.5409797481
0.3312184724 0.1398884675 -0.0170140019
-0.0993711109 -0.1577677825 0.5553839147
-0.4129273609 -0.0019656992 -0.0435910853
-0.0955315276 -0.1367365325 0.5668526647
0.3432393057 0.2963051342 -0.2643348353
0.3558851391 -0.0949448658 0.0301755814
-0.0802606943 -0.1515073658 0.5668526647
-0.1378856943 -0.0851115325 0.5543964147
-0.0625731943 -0.1634656992 0.5668526647
-0.1081148609 -0.3435490325 0.3165297481
0.3365934724 -0.1538406992 0.0421214147
0.3286976391 0.1756801342 -0.0288973353
0.3494059724 -0.1585698658 0.0280672481
-0.0429898609 -0.1722990325 0.5668526647
-0.1142648609 -0.0648302825 0.5709776647
-0.0415106943 -0.3722156992 0.3460026647
-0.0339481943 -0.3721115325 0.3373568314
0.3014268057 0.3644718008 -0.2470223353
-0.4095731943 -0.1904031992 -0.0804306686
0.2922809724 0.3686384675 -0.2505140019
-0.1920523609 -0.0725490325 0.5130401647
0.3506559724 -0.2162365325 0.0064734981
0.3406143057 -0.2054031992 0.0224672481
0.2433018057 0.1617009675 0.0304734981
-0.0545940276 -0.3694448658 0.3420839147
0.2443643057 0.1250134675 0.0416318314
0.3124684724 0.3573051342 -0.2436369186
0.3456768057 -0.1848198658 0.0247464147
-0.3912190276 -0.2159240325 -0.0567931686
0.3573643057 -0.1935698658 0.0081359981
-0.4002815276 -0.1862990325 -0.0558994186
0.3347184724 -0.1792365325 0.0375443314
-0.2046148609 -0.0803406992 0.4972193314
0.2798018057 0.3745343008 -0.2541556686
0.2413643057 0.1996384675 0.0232964147
-0.0672190276 -0.3658823658 0.3368464147
-0.4085523609 -0.1528198658 -0.0554306686
-0.2261773609 -0.0763406992 0.4598255814
-0.0292440276 -0.2167656992 0.5394151647
-0.2178023609 -0.0633406992 0.4762005814
0.1269684724 -0.3497781992 0.2928714147
-0.0400815276 -0.2184823658 0.5353255814
-0.0588856943 -0.2194656992 0.5287359981
-0.0693440276 -0.3743406992 0.3452568314
-0.0603690276 -0.2101615325 0.5376380814
-0.0401877776 -0.2184511158 0.5353297481
0.2632184724 0.1920343008 0.0061130814
0.2655518057 0.1544509675 0.0149714147
-0.0405440276 -0.2183886158 0.5353026647
-0.0565106943 -0.3781323658 0.3524130814
-0.2355106943 -0.0561740325 0.4316943314
-0.2415731943 -0.0744240325 0.4129964147
-0.0507336109 -0.2117427825 0.5389318314
-0.0564502776 -0.2080427825 0.5409401647
0.1333226391 -0.3561740325 0.3053714147
-0.0403440276 -0.3808615325 0.3306693314
-0.3635106943 -0.2706115325 -0.0579431686
0.3425726391 -0.2322365325 0.0067505814
-0.2576773609 -0.0561115325 0.3181068314
0.1118226391 -0.3854448658 0.2972797481
-0.3630523609 -0.2845698658 -0.0815160853
-0.0550940276 -0.2044448658 0.5445151647
0.1199059724 -0.3708615325 0.2961714147
0.1207601391 -0.3770698658 0.3007922481
-0.0282606943 -0.2113823658 0.5445151647
0.3641143057 -0.2514448658 -0.0354973353
0.3446976391 -0.2545906992 -0.0126910853
-0.0531773609 -0.3771948658 0.3291151647
0.3533643057 -0.2429031992 -0.0134577519
0.1163018057 -0.3857156992 0.3068839147
0.1248643057 -0.3719865325 0.3056693314
0.3619268057 -0.2258615325 -0.0133306686
-0.0656773609 -0.3726323658 0.3269214147
0.2845726391 0.1485759675 0.0019172481
0.2444268057 -0.0686948658 0.2561151647
-0.0659065276 -0.3643406992 0.3303505814
0.2953851391 0.1457009675 -0.0043431686
0.2537184724 -0.0631948658 0.2880797481
-0.0731211109 -0.2106406992 0.5323464147
-0.0965815276 -0.1987323658 0.5319943314
-0.0972356943 -0.1983240325 0.5319943314
-0.3686773609 -0.2882365325 -0.1058785853
-0.0981273609 -0.1976448658 0.5319943314
0.3186768057 -0.0574448658 0.0584984981
-0.0975544443 -0.1980740325 0.5319943314
0.3294684724 -0.0573198658 0.0518109981
0.3553226391 -0.2635281992 -0.0350931686
0.1214684724 -0.3485698658 0.2862484981
0.1102601391 -0.3635906992 0.2871859981
-0.0991961109 -0.1956573658 0.5327089147
-0.0998481943 -0.1961469492 0.5319943314
0.3472393057 -0.2715281992 -0.0342640019
-0.0814690276 -0.3696531992 0.3372297481
-0.0996669443 -0.1960094492 0.5321922481
0.3378226391 -0.2785490325 -0.0328369186
-0.3710731943 -0.2758198658 -0.0812827519
-0.0937961109 -0.2002427825 0.5319943314
0.1009893057 -0.3623615325 0.2795401647
-0.3800940276 -0.2630073658 -0.0809640019
-0.0996127776 -0.1963073658 0.5319943314
-0.3724273609 -0.2581323658 -0.0579640019
-0.3897815276 -0.2449031992 -0.0806640019
0.2424476391 -0.0587365325 0.0993839147
-0.3818023609 -0.2403198658 -0.0576244186
-0.0844273609 -0.3813615325 0.3443193314
0.1109476391 -0.3495073658 0.2764964147
0.2955518057 0.1817843008 -0.0163535853
-0.0927065276 -0.1828886158 0.5454714147
-0.0906544443 -0.1860573658 0.5445151647
0.2863643057 0.1843051342 -0.0116056686
-0.3997815276 -0.2202573658 -0.0804306686
0.3100309724 -0.0583615325 0.0628005814
0.0860726391 -0.3604448658 0.2707464147
0.3185309724 0.0402218008 0.0325401647
0.3564893057 -0.2789865325 -0.0576452519
0.0908018057 -0.3758615325 0.2824797481
0.3304268057 0.0395551342 0.0265547481
0.3645309724 -0.2706115325 -0.0579431686
-0.0868086109 -0.1981531992 0.5372276647
0.3008643057 -0.0598615325 0.0666318314
-0.0739336109 -0.2099052825 0.5326589147
-0.0791190276 -0.2052031992 0.5346672481
0.3346768057 -0.2953823658 -0.0549827519
-0.0819627776 -0.1982365325 0.5394943314
-0.0796294443 -0.1947698658 0.5433297481
-0.0789065276 -0.1937011158 0.5445151647
-0.0799336109 -0.1925427825 0.5449276647
-0.0802606943 -0.1923865325 0.5448922481
-0.0838044443 -0.1906927825 0.5445151647
-0.3767398609 -0.2791740325 -0.1051765019
-0.3858440276 -0.2660906992 -0.1046640019
0.0997809724 -0.3786323658 0.2884214147
-0.0776356943 -0.3672990325 0.3244297481
0.3421976391 -0.3021948658 -0.0806431686
0.3312809724 0.0722009675 0.0125005814
0.2609059724 -0.0592781992 0.0878859981
-0.0778648609 -0.3599240325 0.3263901647
-0.3956773609 -0.2477990325 -0.1045785853
-0.0888231943 -0.3613406992 0.3218964147
0.3604476391 -0.2966948658 -0.1067098353
0.0778643057 -0.3721323658 0.2751547481
-0.0773648609 -0.2153406992 0.5259672481
0.3197601391 0.1065134675 0.0028547481
-0.0792190276 -0.3616115325 0.3309464147
0.1951559724 -0.0651323658 0.1499380814
0.3637393057 -0.2987781992 -0.1320702519
-0.4059690276 -0.2231115325 -0.1051535853
-0.1096356943 -0.2064448658 0.5176609981
-0.0942815276 -0.2111531992 0.5220484981
0.3670726391 -0.2963406992 -0.1570931686
0.0695309724 -0.3844448658 0.2794130814
0.2056143057 -0.0720490325 0.1869714147
0.2269476391 -0.0715906992 0.2218526647
0.2670309724 0.0825759675 0.0418443314
-0.0904065276 -0.3566323658 0.3251130814
-0.1019898609 -0.2191740325 0.5086547481
-0.0890106943 -0.3549031992 0.3224505814
0.3002393057 0.3419718008 -0.2727681686
0.1910143057 -0.0687906992 0.1646609981
0.2839059724 0.3498676342 -0.2788785853
0.2899893057 0.1114509675 0.0130755814
0.1858622224 -0.0568948658 0.1649255814
0.2855309724 0.3615343008 -0.2661452519
0.1915726391 -0.0708365325 0.1640589147
0.3626143057 -0.2966323658 -0.1829244186
0.2962184724 0.1101593008 0.0100526647
-0.1031356943 -0.3575073658 0.3222589147
0.2665101391 0.1181384675 0.0275984981
-0.1110523609 -0.3655490325 0.3206193314
0.3613643057 -0.2899865325 -0.2073910853
-0.3682815276 -0.2833198658 -0.2060077519
0.0775518057 -0.3189031992 0.2391443314
-0.3615940276 -0.2966323658 -0.1829244186
-0.3603440276 -0.2899865325 -0.2073910853
0.0658643057 -0.3529448658 0.2595651647
0.3538226391 -0.3038823658 -0.1846494186
0.2070518057 -0.0610490325 0.1305172481
-0.3660523609 -0.2963406992 -0.1570931686
0.2472393057 0.3653468008 -0.2922535853
0.2236559724 -0.0591323658 0.1136318314
-0.3627190276 -0.2987781992 -0.1320702519
0.3476976391 -0.3068823658 -0.1067515019
0.2958643057 0.0414718008 0.0407172481
0.3014476391 0.0411801342 0.0386943314
-0.2457606943 -0.0686948658 0.2561151647
0.1130518057 -0.3088406992 0.2441276647
-0.2550523609 -0.0631948658 0.2880797481
0.1012393057 -0.3359448658 0.2596714147
0.3376143057 -0.3157156992 -0.1876306686
0.3558434724 -0.3060490325 -0.1588598353
0.2899476391 0.0422009675 0.0434422481
0.1104684724 -0.3155073658 0.2484276647
0.3553226391 -0.3059448658 -0.1329015019
0.1334684724 -0.3161115325 0.2647193314
-0.1065731943 -0.3668406992 0.3253464147
0.3062809724 0.3509509675 -0.2586494186
-0.0927815276 -0.3640698658 0.3292443314
-0.1941356943 -0.0651323658 0.1499380814
-0.1913523609 -0.0707031992 0.1615234981
-0.4000731943 -0.2488823658 -0.1556869186
0.2855101391 0.0776384675 0.0311130814
0.2989268057 0.0752218008 0.0248089147
0.0188434724 -0.2251323658 0.5313755814
-0.3992190276 -0.2490906992 -0.1295160853
-0.4093023609 -0.2246115325 -0.1310910853
-0.4094065276 -0.2249031992 -0.1584765019
-0.2282606943 -0.0715906992 0.2218526647
0.3094684724 0.0740134675 0.0216359981
-0.0990315276 -0.3548823658 0.3196401647
-0.2069481943 -0.0720490325 0.1869714147
-0.1006148609 -0.3509865325 0.3200234981
0.3640726391 -0.2845698658 -0.0815160853
0.0527809724 -0.3784448658 0.2726401647
0.0279059724 -0.3766740325 0.2687234981
0.0116684724 -0.2198927825 0.5377859981
0.0068080557 -0.2197219492 0.5383276647
-0.1068669443 -0.3489656992 0.3181589147
-0.1077023609 -0.3495781992 0.3181318314
-0.0991773609 -0.3494240325 0.3190214147
0.0190163891 -0.2209761158 0.5361964147
-0.0129440276 -0.2199386158 0.5377339147
-0.1061106943 -0.3483656992 0.3181734981
-0.0202294443 -0.2205365325 0.5366026647
-0.0006565276 -0.3827365325 0.2713214147
-0.3802815276 -0.2806531992 -0.1297077519
-0.1079981943 -0.3503386158 0.3182589147
-0.0203502776 -0.2204906992 0.5366359981
-0.1906690276 -0.0681948658 0.1622630814
0.2443434724 -0.0099031992 0.3013901647
-0.3894273609 -0.2674031992 -0.1291973353
-0.1869794443 -0.0596844492 0.1624589147
0.2393434724 -0.0190490325 0.2729172481
-0.3721148609 -0.2899656992 -0.1306660853
0.0181768057 -0.2340281992 0.5208130814
0.0358226391 -0.2416115325 0.5076964147
0.3693018057 -0.2833198658 -0.2060077519
0.0403018057 -0.3114865325 0.2253234981
-0.1085273609 -0.3508302825 0.3183589147
-0.1098356943 -0.3520781992 0.3186193314
0.0394893057 -0.3215698658 0.2341609981
0.0379684724 -0.3321531992 0.2414234981
-0.2060315276 -0.0610490325 0.1305172481
0.0161351391 -0.2500906992 0.4985609981
0.3186768057 -0.0248823658 0.0527068314
-0.3906148609 -0.2669865325 -0.1546660853
0.0568226391 -0.2302990325 0.5164047481
-0.3814690276 -0.2802573658 -0.1549202519
0.3551976391 -0.2836740325 -0.2317952519
0.0555101391 -0.2401948658 0.5038630814
0.0321143057 -0.3619240325 0.2602047481
-0.3731148609 -0.2897156992 -0.1558994186
0.2870309724 0.0085759675 0.0573693314
-0.0006565276 -0.3588198658 0.2570109981
-0.2226356943 -0.0591323658 0.1136318314
-0.2414273609 -0.0587365325 0.0993839147
0.2653018057 -0.0228406992 0.0788776647
-0.1015315276 -0.3761740325 0.3215984981
0.2851143057 -0.0255906992 0.0680172481
0.0220518057 0.5343468008 0.1837547481
0.2587601391 0.3598676342 -0.2882056686
0.0005101391 0.5347426342 0.1843297481
0.3091768057 0.0077218008 0.0480422481
-0.0006565276 -0.2346323658 0.5212172481
-0.0210315276 0.5343468008 0.1837547481
0.3027601391 -0.0258823658 0.0595839147
-0.0006565276 -0.2431323658 0.5101880814
-0.2598856943 -0.0592781992 0.0878859981
0.2992809724 0.0075968008 0.0516630814
-0.0782398609 -0.3802365325 0.3238339147
0.2976351391 -0.0262781992 0.0616922481
-0.0006565276 -0.3254031992 0.2351193314
-0.3896356943 -0.2648615325 -0.1803681686
-0.3176565276 -0.0574448658 0.0584984981
-0.0006565276 -0.2566740325 0.4885505814
-0.3284481943 -0.0573198658 0.0518109981
0.0148643057 -0.2564656992 0.4880193314
-0.3804481943 -0.2780281992 -0.1802410853
-0.0195106943 -0.2340281992 0.5208130814
-0.0186148609 -0.2426948658 0.5096547481
-0.0174481943 -0.2500906992 0.4985609981
-0.3867815276 -0.2610490325 -0.2054744186
-0.3773856943 -0.2739448658 -0.2051348353
0.0611768057 0.5391384675 0.0742984981
-0.1264690276 -0.3226740325 0.3971755814
-0.3090106943 -0.0583615325 0.0628005814
-0.2998440276 -0.0598615325 0.0666318314
-0.3955106943 -0.2437573658 -0.2077973353
0.0769268057 0.5342426342 -0.0305160853
-0.0541148609 -0.3784448658 0.2726401647
-0.3986981943 -0.2471115325 -0.1820931686
0.0704268057 0.5375551342 0.0183776647
0.2361351391 -0.0191115325 0.0960839147
0.2651351391 0.3708884675 -0.2724910853
0.0511976391 0.5376801342 0.1309443314
-0.0385940276 -0.2324865325 0.5193026647
0.0311768057 0.5434509675 0.0754922481
0.0005101391 0.5444093008 0.0762589147
0.0264476391 0.5410343008 0.1317734981
-0.0371356943 -0.2416115325 0.5076964147
-0.1147606943 -0.3700281992 0.4000714147
-0.0574898609 -0.2352573658 0.5101443314
-0.1010940276 -0.3786323658 0.2884214147
0.0005101391 0.5417009675 0.1324130814
-0.0321356943 -0.2561531992 0.4858464147
-0.0532398609 -0.2487990325 0.4921505814
-0.0254273609 0.5410343008 0.1317734981
-0.1402606943 -0.3335906992 0.3873151647
-0.4026981943 -0.2212781992 -0.2128015019
-0.4069481943 -0.2238406992 -0.1860973353
-0.1461356943 -0.3110490325 0.3908714147
-0.1122815276 -0.3495073658 0.2764964147
-0.1436356943 -0.3217365325 0.3887422481
-0.1023023609 -0.3623615325 0.2795401647
-0.1040523609 -0.2213198658 0.5089734981
-0.0601565276 0.5391384675 0.0742984981
0.1015309724 -0.4021115325 0.4109089147
-0.0501773609 0.5376801342 0.1309443314
0.3184893057 0.0076176342 0.0440609981
-0.1084481943 -0.2233615325 0.5066318314
-0.0921356943 -0.3758615325 0.2824797481
0.1153226391 -0.3949656992 0.3975797481
0.3298434724 -0.0250698658 0.0461901647
-0.0874065276 -0.3604448658 0.2707464147
0.3300518057 0.0071801342 0.0377776647
0.1070518057 -0.4114656992 0.4029026647
-0.0301565276 0.5434509675 0.0754922481
-0.1220940276 -0.3439865325 0.3960464147
-0.0772398609 -0.2269031992 0.5130630814
0.0355309724 0.5426593008 0.0204859981
0.0388434724 0.5396801342 -0.0277890019
0.0841351391 -0.3939031992 0.4226214147
0.0897601391 -0.4060698658 0.4211109981
0.0791351391 -0.4078198658 0.4287339147
0.3127184724 0.3315759675 -0.2704473353
0.2959893057 0.3290551342 -0.2863327519
-0.4146981943 0.0318676342 -0.2596702519
-0.4112398609 -0.0095698658 -0.2711056686
0.0005101391 0.5411176342 -0.0268515019
-0.4025523609 -0.0083406992 -0.2931890019
-0.0791981943 -0.3721323658 0.2751547481
0.0005101391 0.5438884675 0.0213380814
-0.1532190276 -0.3360073658 0.3764964147
0.3013226391 0.3075134675 -0.2976619186
-0.1359065276 -0.3467781992 0.3871234981
-0.0894273609 -0.2468615325 0.4861234981
-0.0865315276 -0.2448823658 0.4846109981
-0.0759065276 0.5342426342 -0.0305160853
0.3247601391 0.3166384675 -0.0788973353
0.0956351391 -0.3907156992 0.4147859981
-0.0941356943 -0.2336948658 0.4999651647
-0.4099273609 -0.0895490325 -0.2650369186
-0.0917190276 -0.2317365325 0.4992839147
0.3192809724 0.3070134675 -0.0657806686
-0.0694065276 0.5375551342 0.0183776647
-0.4112606943 -0.0502573658 -0.2685723353
-0.1031148609 -0.2321948658 0.5000943314
-0.3929481943 -0.1177156992 -0.3006223353
-0.1751148609 -0.3096948658 0.3697672481
-0.1006356943 -0.2441948658 0.4866568314
-0.1686981943 -0.3254656992 0.3659568314
-0.1609481943 -0.3424865325 0.3641880814
-0.0378231943 0.5396801342 -0.0277890019
0.3166976391 0.3429093008 -0.0930577519
0.3264476391 0.3526593008 -0.1260869186
-0.4017398609 -0.0865281992 -0.2875244186
-0.0345106943 0.5426593008 0.0204859981
-0.1115940276 -0.3635906992 0.2871859981
0.1410518057 -0.3870281992 0.3607609981
0.1292809724 -0.3863615325 0.3829068314
-0.0803440276 -0.2384031992 0.4970693314
0.3139476391 0.3656801342 -0.1264910853
0.3612184724 0.2685759675 -0.2571369186
-0.0974273609 -0.2252573658 0.5043526647
0.3807393057 0.2349509675 -0.2458931686
-0.1586773609 -0.3215698658 0.3785422481
-0.3681148609 -0.0016740325 -0.3461285853
-0.3661773609 0.0349926342 -0.3467473353
-0.1629065276 -0.3086115325 0.3817151647
-0.0723440276 -0.2490490325 0.4847401647
0.3649268057 0.2284509675 -0.2828827519
0.0411976391 0.5347218008 -0.0708702519
0.2995726391 0.3461801342 -0.0740848353
0.3226351391 0.2805343008 -0.3001535853
0.2734684724 0.3753676342 -0.0825181686
0.0707393057 -0.3867365325 0.3544568314
-0.3685315276 -0.0377781992 -0.3448723353
-0.0708648609 -0.3844448658 0.2794130814
0.0005101391 0.5363051342 -0.0698890019
0.0458018057 -0.2591740325 0.4769464147
-0.0401773609 0.5347218008 -0.0708702519
-0.3785523609 -0.0025906992 -0.3362265019
-0.0418440276 -0.3084656992 0.2226193314
0.0296143057 -0.2590281992 0.4811630814
-0.0810940276 -0.3068823658 0.2289214147
0.2888434724 0.3531384675 -0.0709973353
-0.3765940276 0.0346593008 -0.3369515019
0.1423018057 -0.3860490325 0.3399755814
-0.0403440276 -0.3254240325 0.2370359981
-0.3871356943 -0.0043406992 -0.3247702519
-0.3928648609 0.0328259675 -0.3119285853
-0.3851773609 0.0338259675 -0.3256640019
-0.0334481943 -0.3619240325 0.2602047481
0.2740309724 0.3604093008 -0.0652473353
-0.0774273609 -0.3239031992 0.2423172481
-0.0795940276 -0.3154656992 0.2364172481
-0.0671981943 -0.3529448658 0.2595651647
0.2386976391 0.4238468008 -0.0728077519
-0.1520731943 -0.3605281992 0.3654443314
0.2338226391 0.4133676342 -0.0452723353
-0.0149898609 -0.2619865325 0.4785422481
0.2801351391 0.3572843008 -0.0679515019
-0.1428856943 -0.3780073658 0.3686401647
-0.1465940276 -0.3518406992 0.3763901647
-0.0006565276 -0.2621323658 0.4790318314
-0.1388648609 -0.3691115325 0.3789255814
0.2530518057 0.3945759675 -0.0637577519
-0.3789690276 -0.0391948658 -0.3348640019
-0.3951565276 -0.0450906992 -0.3088410853
-0.3948440276 -0.0064240325 -0.3107577519
-0.3875315276 -0.0418823658 -0.3231723353
0.3544476391 0.2644926342 -0.2733223353
0.1023226391 -0.3865906992 0.3208109981
0.3367809724 0.2908051342 -0.2780285853
0.3476143057 0.2602634675 -0.2874619186
0.2604268057 0.3706593008 -0.0531723353
0.0265518057 -0.2668823658 0.4687693314
0.2481351391 0.4317843008 -0.1247890019
0.3579476391 0.2251384675 -0.2975765019
0.2436559724 0.4297218008 -0.0992556686
0.0983851391 -0.3863406992 0.3394214147
0.2647393057 0.3482843008 -0.0421640019
-0.1305523609 -0.3615073658 0.3886776647
0.0413851391 -0.2673615325 0.4648714147
0.2705309724 0.3449509675 -0.0469973353
-0.1240731943 -0.3779448658 0.3924901647
0.2844684724 0.3880968008 -0.1250869186
0.2634893057 0.4091801342 -0.1122035853
0.3403018057 0.2562218008 -0.2997702519
0.0585934724 -0.3897573658 0.3258568314
-0.3677190276 -0.0729448658 -0.3423806686
0.2682184724 0.3642843008 -0.0609660853
-0.3660315276 -0.1068406992 -0.3379952519
0.0576976391 -0.2686115325 0.4583755814
0.0546976391 -0.2769448658 0.4495609981
-0.0975731943 -0.3448615325 0.2640172481
0.2851143057 0.3781384675 -0.1073473353
0.2793018057 0.3828676342 -0.1046015019
0.0247809724 -0.2832990325 0.4539693314
0.3116976391 0.3347009675 -0.0769160853
0.2963434724 0.3325343008 -0.0586890019
0.2711559724 0.3906384675 -0.0988077519
0.0386976391 -0.2807156992 0.4521589147
-0.1619481943 -0.3536323658 0.3532859981
0.1260309724 -0.4051740325 0.3750068314
0.1211351391 -0.4021948658 0.3870172481
-0.3782606943 -0.0747156992 -0.3322244186
-0.3768023609 -0.1086948658 -0.3277306686
0.3077809724 0.3227843008 -0.0629473353
0.3067809724 0.3053259675 -0.0522994186
-0.1547377776 -0.3129094492 0.3135859981
0.2853434724 0.3175551342 -0.0415890019
0.0248226391 -0.2753615325 0.4591422481
-0.3868231943 -0.0781948658 -0.3202765019
-0.3854690276 -0.1126948658 -0.3155077519
-0.3943440276 -0.0824448658 -0.3056473353
0.1324268057 -0.4019240325 0.3550734981
0.1335309724 -0.3999240325 0.3606755814
-0.1524752776 -0.3166177825 0.3132693314
-0.0006565276 -0.3098406992 0.2215964147
0.0389268057 -0.2757990325 0.4555859981
-0.1503815276 -0.3205781992 0.3130797481
0.2515726391 0.4307843008 -0.1495119186
-0.1515523609 -0.3185281992 0.3129526647
0.3303851391 0.2845343008 -0.2901660853
0.0395934724 -0.2895281992 0.4481755814
0.1329059724 -0.3933406992 0.3727068314
0.3042601391 0.3553051342 -0.0915265019
0.3093851391 0.3613051342 -0.1094994186
0.0544476391 -0.2842156992 0.4449172481
0.0560934724 -0.2954448658 0.4407859981
0.2875934724 0.3961384675 -0.1619265019
0.2710101391 0.4119301342 -0.1564327519
-0.1517190276 -0.3177386158 0.3131505814
-0.1516294443 -0.3179219492 0.3131422481
0.2291976391 0.3042009675 -0.3427640019
0.1109893057 -0.4106115325 0.3534130814
-0.4019481943 -0.1907990325 -0.2448702519
-0.4052606943 -0.1604865325 -0.2528140019
0.2668226391 0.2932843008 -0.3292202519
0.2936768057 0.3628884675 -0.0898015019
-0.1513086109 -0.3185490325 0.3131172481
0.2473434724 0.2990134675 -0.3361848353
-0.1507565276 -0.3197261158 0.3130901647
-0.3973440276 -0.2170698658 -0.2374390019
0.2793018057 0.3710134675 -0.0860744186
0.2805934724 0.3990134675 -0.1409931686
0.2430934724 0.3491593008 -0.3076702519
-0.4085106943 -0.1941531992 -0.2193806686
0.0254059724 -0.2895073658 0.4514776647
0.2886976391 0.3912426342 -0.1444015019
0.2971768057 0.3843676342 -0.1454452519
0.2676351391 0.3193051342 -0.3123765019
0.2990518057 0.3693259675 -0.1090515019
-0.1452856943 -0.3303240325 0.3129380814
-0.1440148609 -0.3326948658 0.3129526647
-0.1471336109 -0.3269677825 0.3128401647
-0.3956981943 -0.1854448658 -0.2665494186
-0.3983023609 -0.1558406992 -0.2748765019
-0.3891773609 -0.1791948658 -0.2847785853
-0.3914481943 -0.1501948658 -0.2931473353
0.3104684724 0.3783259675 -0.1610535853
-0.3817398609 -0.1731531992 -0.2999410853
0.2902393057 0.3832218008 -0.1270244186
0.0131768057 -0.2644240325 0.4746026647
0.1768018057 -0.3155073658 0.0573484981
-0.3853856943 -0.2040073658 -0.2770265019
-0.1496565276 -0.3447781992 0.3177651647
-0.1436356943 -0.3425490325 0.3149339147
-0.3783856943 -0.1966740325 -0.2920390019
0.0602393057 -0.4049240325 0.3739422481
0.1363851391 -0.3272990325 0.0658443314
0.2972393057 0.3877634675 -0.1635452519
0.3169059724 0.2493676342 -0.0416952519
0.0927393057 -0.3370281992 0.0725964147
0.0120934724 -0.2713198658 0.4648922481
-0.1394273609 -0.3406156992 0.3135484981
-0.1361419443 -0.3455261158 0.3146214147
0.0897601391 -0.3163823658 0.0983839147
-0.3727190276 -0.2150281992 -0.2869077519
0.2530934724 0.4226593008 -0.1972119186
0.2881768057 0.3928884675 -0.1999806686
0.3036143057 0.3819093008 -0.1980869186
0.3211768057 0.2785759675 -0.0544515019
-0.0006565276 -0.2691740325 0.4681943314
0.3301768057 0.2829926342 -0.0657577519
0.2719684724 0.4064301342 -0.1988306686
-0.3916356943 -0.2110490325 -0.2588410853
0.1303226391 -0.4025698658 0.3497922481
0.1272809724 -0.4014031992 0.3448943314
0.1881559724 -0.3548615325 0.0028547481
0.1935934724 -0.3705073658 -0.0281723353
0.2265934724 -0.3402156992 -0.0049827519
0.2534268057 0.4274926342 -0.1735973353
-0.0267190276 -0.2713615325 0.4631255814
0.1232809724 -0.3980698658 0.3404443314
0.3118643057 0.3782426342 -0.1780056686
0.3013018057 0.3855134675 -0.1807723353
-0.1771565276 -0.3281740325 0.3363776647
-0.3658440276 -0.2604240325 -0.2512806686
0.1187393057 -0.3927365325 0.3363568314
0.2995101391 0.2849926342 -0.0396931686
0.3105934724 0.2804301342 -0.0460827519
-0.1859273609 -0.3086115325 0.3394005814
-0.1827606943 -0.3077990325 0.3325859981
-0.0134273609 -0.2713198658 0.4648922481
0.2849268057 0.3987634675 -0.1802827519
0.3197809724 0.2195343008 -0.3382077519
0.3208643057 0.2532843008 -0.3191265019
0.1068643057 -0.4044448658 0.3488339147
0.3176976391 0.3685134675 -0.1429098353
0.3204268057 0.3698884675 -0.1591806686
-0.3635106943 -0.2279240325 -0.2869494186
0.3316559724 0.2535134675 -0.3103098353
-0.1772606943 -0.3082365325 0.3266026647
0.3312184724 0.2194718008 -0.3303285853
0.3301559724 0.3554093008 -0.1419306686
0.0118018057 -0.2753198658 0.4608255814
0.3327809724 0.3568051342 -0.1577952519
-0.1706565276 -0.3091531992 0.3214068314
0.1025726391 -0.3962781992 0.3442359981
0.1494059724 -0.3828406992 -0.0215931686
-0.0131148609 -0.2833823658 0.4555026647
0.1452184724 -0.3665490325 0.0102443314
-0.3822606943 -0.2555490325 -0.2292827519
-0.3724690276 -0.2680906992 -0.2289848353
0.1064893057 -0.3968198658 0.3127818314
0.2508643057 0.4162843008 -0.2200410853
-0.1610940276 -0.3070073658 0.3097380814
-0.3909481943 -0.2387990325 -0.2318181686
-0.0006565276 -0.2754031992 0.4611880814
0.2984268057 0.3805759675 -0.2169098353
0.1046559724 -0.3932573658 0.3174672481
0.3218643057 0.3699093008 -0.1757056686
0.2817184724 0.3918259675 -0.2191473353
-0.0260315276 -0.2819656992 0.4546505814
-0.1561565276 -0.3124448658 0.3139755814
0.2194059724 -0.3231948658 0.0223818314
-0.1556169443 -0.3111302825 0.3138693314
0.3218018057 0.3686801342 -0.1929119186
0.3202184724 0.3661593008 -0.2102890019
-0.1585086109 -0.3054031992 0.3147380814
-0.0259690276 -0.2788823658 0.4564609981
-0.3854273609 -0.2321948658 -0.2531556686
0.3323226391 0.3536176342 -0.2085640019
-0.3792398609 -0.2241948658 -0.2716181686
0.3339684724 0.3558676342 -0.1912077519
0.0865518057 -0.3940073658 0.3513693314
0.1822809724 -0.3366948658 0.0310484981
0.0952393057 -0.4091948658 0.3131026647
-0.0130315276 -0.2789031992 0.4580568314
-0.3698440276 -0.2392781992 -0.2702973353
-0.1607190276 -0.3474240325 0.3256443314
-0.3763648609 -0.2483823658 -0.2509827519
0.0914059724 -0.3980698658 0.3214714147
0.0933643057 -0.4056115325 0.3179776647
0.0785309724 0.4449301342 0.2232151647
-0.1743648609 -0.3275073658 0.3301797481
0.3076976391 0.3769301342 -0.1442306686
0.0671768057 0.4818884675 0.2339693314
0.0679059724 0.4641384675 0.2388880814
0.0677393057 0.4515343008 0.2375901647
-0.1694690276 -0.3275490325 0.3249630814
0.3038018057 0.3739718008 -0.1270452519
0.3418643057 0.2202843008 -0.3209577519
-0.1554690276 -0.3464240325 0.3213651647
0.0118434724 -0.2847365325 0.4548193314
-0.1572190276 -0.3273406992 0.3165297481
0.3098018057 0.3740343008 -0.2131619186
-0.0006565276 -0.2946740325 0.4518380814
0.3505101391 0.2222843008 -0.3101619186
0.0650309724 0.4352009675 0.2323505814
0.0327601391 -0.3877573658 0.4365484981
-0.0134690276 -0.2896948658 0.4529880814
0.0988643057 -0.3751323658 0.0164193314
-0.1547606943 -0.3674656992 0.3336297481
0.0484059724 -0.3863198658 0.4334609981
0.3292184724 0.3501384675 -0.2256202519
0.0162601391 -0.3887365325 0.4384859981
0.3171143057 0.3623676342 -0.2273660853
-0.3613231943 -0.1683198658 -0.3224910853
0.0852601391 0.4803259675 0.2047526647
0.1013643057 0.4987218008 0.1497255814
0.0825309724 0.4994093008 0.1906984981
-0.3637398609 -0.1391115325 -0.3311577519
0.1406976391 -0.3480490325 0.0390130814
-0.1455731943 -0.3858198658 0.3454922481
0.0911351391 0.5176801342 0.1360339147
-0.0006565276 -0.3891115325 0.4391464147
0.0659059724 0.4991801342 0.2209797481
-0.1402606943 -0.3852365325 0.3352693314
0.0749268057 0.5155551342 0.1796464147
0.0645309724 0.5109301342 0.2060297481
-0.1456565276 -0.3853406992 0.3520505814
-0.0175731943 -0.3887365325 0.4384859981
0.0608643057 0.5259926342 0.1786234981
0.2788018057 0.2592218008 -0.3415723353
0.0958226391 -0.3567573658 0.0455943314
-0.1153023609 -0.3856115325 0.3325443314
-0.0910523609 -0.2590698658 0.4694068314
-0.0875940276 -0.2565906992 0.4664693314
-0.3749690276 -0.1406531992 -0.3207244186
0.0316976391 -0.3996115325 0.4403818314
0.0723018057 0.3560134675 0.1485130814
-0.3839481943 -0.1447365325 -0.3082452519
-0.1030315276 -0.2561323658 0.4706630814
-0.3726981943 -0.1689656992 -0.3123765019
0.0471143057 -0.3433406992 0.0771734981
0.0454684724 -0.3238823658 0.1028130814
0.0157393057 -0.4004656992 0.4421922481
0.0373226391 0.3218884675 0.1401651647
0.0364893057 0.3564093008 0.1558172481
-0.3699065276 -0.1920073658 -0.3039015019
0.0005101391 -0.3456323658 0.0789193314
-0.0870523609 -0.2506323658 0.4758172481
0.0151351391 -0.4114656992 0.4466651647
0.0487184724 -0.3623615325 0.0500859981
-0.0164481943 -0.4114656992 0.4466651647
0.1030726391 0.4542009675 0.1837547481
-0.1291356943 -0.3577990325 0.3153797481
0.0005101391 0.3225134675 0.1425505814
0.0845934724 0.4610759675 0.2148047481
-0.1304731943 -0.3525052825 0.3159714147
-0.0170523609 -0.4004656992 0.4421922481
-0.3362606943 0.3272843008 -0.2431244186
-0.1300315276 -0.3531177825 0.3160880814
-0.3484690276 0.3010134675 -0.2488952519
-0.0453440276 -0.2622156992 0.4723464147
0.3092184724 0.2544093008 -0.3264952519
-0.0363023609 0.3218884675 0.1401651647
0.0457809724 -0.4040490325 0.4398505814
0.0005101391 0.3567218008 0.1578818314
0.0620518057 0.4054509675 0.1930193314
-0.3422190276 0.2963051342 -0.2643348353
0.0576351391 -0.4087365325 0.4386151647
-0.1208023609 -0.3655698658 0.3212151647
-0.1222398609 -0.3610281992 0.3189359981
-0.0288023609 -0.2643823658 0.4726234981
0.0005101391 -0.3644031992 0.0518109981
-0.1291648609 -0.3539386158 0.3164214147
0.0906976391 0.4105968008 0.1821797481
-0.0712815276 0.3560134675 0.1485130814
0.0768434724 0.4245134675 0.2098422481
-0.3357606943 0.2908051342 -0.2780285853
-0.0622190276 -0.2632781992 0.4655734981
-0.3534273609 0.2644926342 -0.2733223353
-0.1207690276 -0.3592115325 0.3192318314
-0.3465940276 0.2602634675 -0.2874619186
-0.1214731943 -0.3591615325 0.3191193314
-0.0354690276 0.3564093008 0.1558172481
-0.1233044443 -0.3589886158 0.3188109981
-0.0917190276 -0.3370281992 0.0725964147
-0.3392815276 0.2562218008 -0.2997702519
-0.0460940276 -0.3433406992 0.0771734981
-0.0556773609 -0.2829865325 0.4455359981
-0.0476981943 -0.3623615325 0.0500859981
-0.0444481943 -0.3238823658 0.1028130814
0.0687393057 0.3857843008 0.1686359981
-0.0340731943 -0.3877573658 0.4365484981
-0.0497398609 -0.3863198658 0.4334609981
-0.0590315276 -0.2686115325 0.4583755814
-0.3569273609 0.2251384675 -0.2975765019
0.1024059724 0.3892009675 0.1552422481
-0.1339877776 -0.3481990325 0.3151422481
-0.1318919443 -0.3505990325 0.3155797481
0.0643434724 0.1360343008 0.2477693314
0.1244893057 0.4434093008 0.1468505814
-0.0887398609 -0.3163823658 0.0983839147
-0.3408440276 0.2202843008 -0.3209577519
0.1266768057 0.1243051342 0.2830109981
0.0651143057 0.1482843008 0.2742172481
0.1130518057 0.4222009675 0.1665922481
-0.0410731943 -0.2718615325 0.4593984981
0.0641768057 0.1581176342 0.3025609981
-0.0401356943 -0.2834865325 0.4506255814
-0.1176981943 -0.3597469492 0.3197151647
-0.0330315276 -0.3996115325 0.4403818314
0.0502601391 -0.3804240325 0.0207214147
0.0170101391 0.4825343008 0.2663172481
-0.3494898609 0.2222843008 -0.3101619186
-0.0159898609 0.4825343008 0.2663172481
0.1253434724 0.1121384675 0.2565422481
0.1783434724 0.0773676342 0.2693193314
-0.1157648609 -0.3594177825 0.3200401647
0.1722809724 0.0644718008 0.2432755814
0.0005101391 -0.3822573658 0.0223818314
0.1206559724 0.0982426342 0.2313297481
-0.0401148609 -0.2775281992 0.4543089147
-0.0560106943 -0.2769448658 0.4495609981
-0.0589481943 -0.4087365325 0.4386151647
0.0618018057 0.1215759675 0.2230672481
-0.3495106943 0.1459926342 -0.3446181686
-0.3406148609 0.1828676342 -0.3393994186
-0.3597606943 0.1467218008 -0.3350973353
-0.0470940276 -0.4040490325 0.4398505814
0.0335309724 0.4827009675 0.2623130814
-0.1509690276 -0.3669448658 0.3289443314
0.0518226391 0.4635343008 0.2549026647
-0.3509898609 0.1837009675 -0.3299452519
0.0500934724 0.4825759675 0.2523255814
-0.1408856943 -0.3620490325 0.3212151647
-0.0492398609 -0.3804240325 0.0207214147
-0.1462190276 -0.3650906992 0.3247922481
-0.0409065276 -0.2895281992 0.4481755814
-0.0280731943 -0.2996323658 0.4482609981
-0.1353231943 -0.3579656992 0.3182755814
0.0335101391 0.5034093008 0.2490255814
0.0496768057 0.5011384675 0.2393984981
0.0362809724 0.5208051342 0.2227672481
0.2843434724 0.2890134675 -0.3214056686
-0.0910731943 -0.4060698658 0.4211109981
0.1798018057 0.0891801342 0.2959172481
-0.0854481943 -0.3939031992 0.4226214147
-0.3593023609 0.1853051342 -0.3190202519
0.3004893057 0.2852843008 -0.3134202519
-0.0575731943 -0.2963615325 0.4404672481
-0.0804690276 -0.4078198658 0.4287339147
0.0170726391 0.5041176342 0.2529005814
0.0186976391 0.5223884675 0.2259839147
0.2783851391 0.2250759675 -0.3566056686
0.2865934724 0.2230968008 -0.3544556686
0.2927809724 0.2219093008 -0.3522410853
0.2556143057 0.2653676342 -0.3488327519
-0.0978440276 -0.3751323658 0.0164193314
-0.0969481943 -0.3907156992 0.4147859981
-0.1028440276 -0.4021115325 0.4109089147
-0.1095940276 -0.2660281992 0.4543526647
-0.0984065276 -0.2685281992 0.4523297481
-0.3384065276 0.1456176342 -0.3526035853
-0.1083648609 -0.4114656992 0.4029026647
-0.1309898609 -0.3783198658 0.3272839147
0.0005101391 0.5040551342 0.2533901647
-0.1258231943 -0.3725906992 0.3240255814
-0.0981981943 -0.2671948658 0.4449172481
-0.0160523609 0.5041176342 0.2529005814
-0.0176773609 0.5223884675 0.2259839147
0.2368018057 0.2703468008 -0.3544556686
-0.3456981943 0.1086176342 -0.3550306686
-0.3567815276 0.1089718008 -0.3469390019
0.0704059724 0.0924926342 0.1600339147
0.0734268057 0.1180759675 0.1431255814
-0.1359273609 -0.3825906992 0.3310318314
0.2432538891 0.2273718008 -0.3669556686
0.2461351391 0.2331801342 -0.3642515019
0.2349747224 0.2357530508 -0.3669556686
0.1052184724 0.0730343008 0.1543255814
-0.3512606943 0.0717218008 -0.3555202519
-0.0949065276 -0.2656948658 0.4486443314
-0.0739898609 -0.2790698658 0.4404672481
-0.0807815276 -0.2654656992 0.4556297481
-0.0948023609 -0.3567573658 0.0455943314
0.0182809724 0.4606593008 0.2680630814
0.1368643057 0.0461176342 0.1495984981
0.0005101391 0.4604301342 0.2686589147
-0.0172606943 0.4606593008 0.2680630814
-0.1177606943 -0.3832990325 0.3118880814
0.2490059724 0.2215072175 -0.3669556686
-0.3569690276 -0.0014031992 -0.3544348353
0.0292184724 -0.3966948658 0.3747297481
-0.1160315276 -0.3797573658 0.3166359981
0.0355726391 0.4616176342 0.2641651647
0.0563226391 0.4468259675 0.2479609981
0.1109059724 0.1001593008 0.1350547481
-0.0006565276 -0.3985698658 0.3781359981
0.0397393057 0.4431176342 0.2562005814
0.4051143057 0.1138051342 -0.2642931686
-0.3350690276 -0.0018948658 -0.3669556686
-0.3349794443 -0.0051948658 -0.3669556686
-0.3443023609 0.0348259675 -0.3616744186
-0.3350690276 0.0025072175 -0.3669556686
-0.3351148609 0.0346176342 -0.3666577519
0.4060934724 0.0725343008 -0.2753015019
0.0207393057 0.4415551342 0.2599068314
-0.3347315276 0.0239593008 -0.3669556686
-0.1568023609 -0.3676948658 0.3393151647
-0.1673856943 -0.3481740325 0.3363130814
-0.3344148609 0.0346113842 -0.3669556686
-0.0969065276 -0.2727365325 0.4375714147
-0.1650315276 -0.3476740325 0.3304359981
-0.1108231943 -0.2735281992 0.4373797481
0.3918018057 0.1530968008 -0.2760473353
-0.1081981943 -0.2712365325 0.4332276647
0.3921351391 0.1953676342 -0.2513015019
0.0461976391 0.4302009675 0.2399318314
-0.3573440276 -0.0372990325 -0.3531994186
-0.3465731943 -0.0374240325 -0.3598223353
-0.3373440276 -0.0378198658 -0.3647410853
0.0241559724 0.4282009675 0.2437005814
0.1613434724 0.0508051342 0.2175943314
0.0436768057 -0.3943198658 0.3701714147
-0.1666981943 -0.3498406992 0.3437672481
-0.3346752776 -0.0107677825 -0.3669556686
0.0575934724 -0.3910073658 0.3634859981
-0.1399690276 -0.3330906992 0.2943193314
-0.1515315276 -0.3170490325 0.2961089147
0.1125101391 0.0828468008 0.2071589147
-0.1395315276 -0.3445281992 0.3014318314
-0.0933856943 -0.2805906992 0.4299047481
-0.1413231943 -0.3365490325 0.2988984981
-0.3564065276 -0.0724240325 -0.3507285853
-0.3361148609 -0.0733406992 -0.3621640019
0.0005101391 0.4412843008 0.2606526647
0.2361143057 -0.1091948658 0.2302630814
0.0393643057 -0.3972781992 0.3272193314
0.1452601391 0.0365968008 0.1920609981
0.0005101391 0.4279509675 0.2446172481
0.2520518057 -0.1106740325 0.2678276647
0.1005622224 0.0538988842 0.1733464147
0.2587809724 -0.1065281992 0.3019214147
0.0939997224 0.0592176342 0.1729818314
0.1040726391 0.0505509675 0.1731089147
-0.0197190276 0.4415551342 0.2599068314
0.1093455557 0.0456509675 0.1728609981
0.0128018057 -0.4029240325 0.3278797481
-0.0928231943 -0.3015490325 0.4212172481
-0.0925523609 -0.2916115325 0.4242609981
-0.3383440276 -0.1077156992 -0.3553931686
-0.0141148609 -0.4029240325 0.3278797481
0.2354893057 -0.1446948658 0.2330109981
0.2516351391 -0.1558406992 0.2773255814
0.2328851391 -0.1882156992 0.2557755814
-0.0734690276 -0.2845906992 0.4368255814
-0.0231356943 0.4282009675 0.2437005814
-0.3544065276 -0.1065281992 -0.3464056686
-0.0750940276 -0.3016115325 0.4307568314
-0.1531773609 -0.3182156992 0.3027089147
-0.0720731943 -0.3867365325 0.3544568314
0.2444476391 -0.1836115325 0.2986214147
-0.1497606943 -0.3260698658 0.3045839147
0.2309684724 -0.2034448658 0.2755380814
-0.3505940276 -0.2721740325 -0.2541994186
-0.0927190276 -0.2844031992 0.4273068314
-0.0661565276 0.4818884675 0.2339693314
-0.0668856943 0.4641384675 0.2388880814
-0.0599065276 -0.3897573658 0.3258568314
-0.1433440276 -0.3388198658 0.3064359981
0.0683518057 0.0753468008 0.1755276647
-0.0490731943 0.4825759675 0.2523255814
-0.0508023609 0.4635343008 0.2549026647
-0.0325106943 0.4827009675 0.2623130814
0.0745538891 0.0714447175 0.1748734981
0.0772434724 0.0697634675 0.1746026647
-0.3522398609 -0.2369656992 -0.2899952519
-0.1122815276 -0.2852156992 0.4161901647
-0.3422815276 -0.2610490325 -0.2759827519
-0.1113231943 -0.2992990325 0.4117401647
-0.0324898609 0.5034093008 0.2490255814
-0.0997190276 -0.3863406992 0.3394214147
-0.0006565276 0.1452426342 0.2444047481
-0.3586981943 -0.2502990325 -0.2717035853
-0.0486565276 0.5011384675 0.2393984981
-0.0352606943 0.5208051342 0.2227672481
0.3165726391 -0.1233406992 0.0614589147
0.3181143057 -0.0902156992 0.0614359981
0.3285726391 -0.0897156992 0.0546443314
-0.0006565276 0.1574718008 0.2708526647
-0.0006565276 0.1671801342 0.2993672481
0.3973851391 0.0720551342 -0.2962140019
0.3268434724 -0.1224240325 0.0546859981
-0.0656565276 0.1360343008 0.2477693314
-0.0664273609 0.1482843008 0.2742172481
-0.0654898609 0.1581176342 0.3025609981
-0.0631356943 0.1215759675 0.2230672481
-0.1036565276 -0.3865906992 0.3208109981
-0.1637606943 -0.1000490325 0.5336547481
-0.0775106943 0.4449301342 0.2232151647
-0.3515731943 -0.1393823658 -0.3396556686
-0.1526565276 -0.3205073658 0.3093109981
-0.1539273609 -0.1309448658 0.5308859981
0.3416351391 0.1828676342 -0.3393994186
-0.0667190276 0.4515343008 0.2375901647
0.2457601391 -0.0981323658 0.1003651647
-0.1235731943 -0.1210698658 0.5542255814
0.3520101391 0.1837009675 -0.3299452519
-0.0553023609 0.4468259675 0.2479609981
-0.0387190276 0.4431176342 0.2562005814
-0.3348648609 -0.2006323658 -0.3253869186
-0.0305315276 -0.3966948658 0.3747297481
-0.0345523609 0.4616176342 0.2641651647
-0.1156669443 -0.0936615325 0.5682172481
-0.3472190276 -0.1968198658 -0.3194473353
-0.3536148609 -0.2162156992 -0.3034973353
-0.1504273609 -0.3111740325 0.2818193314
-0.1329481943 -0.3194656992 0.2663380814
-0.1159919443 -0.0954990325 0.5678776647
-0.1153461109 -0.0966719492 0.5680068314
-0.0589065276 -0.3910073658 0.3634859981
-0.3592190276 -0.1930073658 -0.3126744186
-0.1140981943 -0.0996761158 0.5681755814
-0.1143773609 -0.0990011158 0.5681380814
-0.0451773609 0.4302009675 0.2399318314
0.3081559724 -0.1253823658 0.0657589147
-0.1336773609 -0.3343198658 0.2852901647
0.0374476391 0.1552426342 0.1357130814
0.0367601391 0.1293051342 0.1482359981
-0.1145190276 -0.0986594492 0.5681193314
-0.0640106943 0.4352009675 0.2323505814
0.3030934724 -0.0933615325 0.0685276647
0.2944268057 -0.1294240325 0.0716151647
0.2810309724 -0.1315906992 0.0784297481
-0.1211148609 -0.3378198658 0.2732797481
-0.0450106943 -0.3943198658 0.3701714147
-0.3398023609 -0.1407156992 -0.3462785853
-0.1889273609 -0.0975698658 0.5123380814
-0.1742606943 -0.1163406992 0.5204297481
-0.1916981943 -0.1254656992 0.4999651647
-0.1123023609 -0.4106115325 0.3534130814
0.0005101391 0.1332426342 0.1500672481
-0.1664481943 -0.1330490325 0.5202589147
0.0005101391 0.1585968008 0.1378859981
0.0526143057 0.5165134675 0.2151651647
0.0425309724 0.5318884675 0.1819026647
-0.3411148609 0.1758259675 -0.0377119186
0.2959476391 -0.0947365325 0.0717859981
-0.0751356943 -0.4001323658 0.3633359981
-0.1768023609 -0.0950490325 0.5244130814
-0.1644065276 -0.1192156992 0.5275005814
-0.0357398609 0.1293051342 0.1482359981
-0.3599898609 0.1414926342 -0.0387556686
-0.3441356943 0.1398676342 -0.0257015019
0.2630309724 -0.0970281992 0.0895464147
-0.1131356943 -0.3854448658 0.2972797481
-0.0364273609 0.1552426342 0.1357130814
-0.1174065276 -0.3662781992 0.2922318314
-0.0340940276 -0.3990073658 0.3274547481
-0.1212190276 -0.3708615325 0.2961714147
-0.1993231943 -0.1044031992 0.4991776647
0.0347184724 0.3847218008 0.1754505814
-0.1220731943 -0.3770698658 0.3007922481
-0.1283023609 -0.3497781992 0.2928714147
0.0316976391 0.4035968008 0.1985776647
-0.2075940276 -0.1140698658 0.4859755814
0.3152184724 -0.1551740325 0.0583068314
0.3151768057 -0.1841115325 0.0517047481
-0.3437606943 0.0387843008 0.0173776647
0.3251768057 -0.1532573658 0.0518755814
-0.0006565276 0.1306384675 0.2198505814
0.0005101391 0.4034926342 0.2000255814
-0.1081773609 -0.4044448658 0.3488339147
-0.2318440276 -0.0929448658 0.4441505814
-0.2143231943 -0.0910698658 0.4818859981
-0.0878648609 -0.3940073658 0.3513693314
0.0354893057 0.1048884675 0.1638880814
-0.2133023609 -0.1250906992 0.4737734981
-0.1038856943 -0.3962781992 0.3442359981
0.3675518057 0.1874926342 -0.3061577519
-0.2250940276 -0.1190073658 0.4545859981
-0.3446773609 0.0717009675 0.0035568314
0.2446143057 -0.1370698658 0.0990651647
0.2409268057 -0.1746531992 0.0949339147
-0.2211773609 -0.1036740325 0.4676401647
0.0005101391 0.3847843008 0.1772172481
0.3603226391 0.1853051342 -0.3190202519
0.0005101391 0.1093259675 0.1653568314
-0.3431148609 0.0061801342 0.0283234981
-0.1078023609 -0.3968198658 0.3127818314
-0.1059690276 -0.3932573658 0.3174672481
-0.3424481943 -0.0262573658 0.0364568314
0.2980934724 -0.1611740325 0.0658880814
0.2590101391 -0.1707365325 0.0845422481
-0.0809065276 -0.4085073658 0.3218964147
-0.0842398609 0.4803259675 0.2047526647
-0.0815106943 0.4994093008 0.1906984981
0.2924268057 -0.1939656992 0.0607130814
-0.0965523609 -0.4091948658 0.3131026647
-0.1176356943 -0.3857156992 0.3068839147
-0.0739065276 0.5155551342 0.1796464147
-0.0946981943 -0.4056115325 0.3179776647
-0.0006565276 0.1138259675 0.1970651647
-0.1261981943 -0.3719865325 0.3056693314
-0.0648856943 0.4991801342 0.2209797481
0.0574893057 0.1051384675 0.1998964147
-0.2348856943 -0.1142990325 0.4289672481
-0.0927398609 -0.3980698658 0.3214714147
-0.0635106943 0.5109301342 0.2060297481
-0.3598648609 0.0044301342 0.0147797481
-0.3586773609 -0.0288615325 0.0226380814
-0.0515940276 0.5165134675 0.2151651647
0.0499059724 0.0846780508 0.1751693314
-0.0415106943 0.5318884675 0.1819026647
-0.2472815276 -0.0900490325 0.3914026647
-0.2597398609 -0.1006740325 0.3336734981
-0.2543856943 -0.0969865325 0.3642318314
0.2617601391 -0.1345906992 0.0885880814
0.0441663891 0.0865072175 0.1759734981
-0.1166356943 -0.3949656992 0.3975797481
0.2779268057 -0.1980490325 0.0671651647
0.2567601391 -0.2042990325 0.0769193314
0.0110747224 0.0939530508 0.1771464147
0.0275809724 0.0908655508 0.1772464147
0.0005101391 0.0959072175 0.1770547481
-0.3403231943 0.3331801342 -0.1262160853
-0.0006565276 0.0959447175 0.1768443314
-0.3520106943 0.3014718008 -0.1113931686
-0.3450106943 0.2962843008 -0.0950827519
-0.1423648609 -0.3870281992 0.3607609981
-0.1306148609 -0.3863615325 0.3829068314
-0.1346356943 -0.3561740325 0.3053714147
-0.1377606943 -0.1371115325 0.5393401647
0.2365518057 -0.2099656992 0.0874172481
-0.1208648609 -0.1575281992 0.5415755814
-0.1337815276 -0.1641115325 0.5305234981
-0.1003440276 0.4987218008 0.1497255814
-0.3436981943 0.2736176342 -0.0787702519
-0.1163231943 -0.1795490325 0.5335276647
-0.0901148609 0.5176801342 0.1360339147
-0.3393023609 0.2521593008 -0.0632452519
-0.0598440276 0.5259926342 0.1786234981
-0.1436356943 -0.3860490325 0.3399755814
0.2343643057 -0.2416323658 0.0755984981
-0.0104377776 0.0941259675 0.1769380814
0.2948434724 -0.2208615325 0.0492776647
-0.1227815276 -0.3485698658 0.2862484981
0.3505309724 0.1459926342 -0.3446181686
0.3607809724 0.1467218008 -0.3350973353
-0.3352398609 0.2135134675 -0.0456765019
-0.1825523609 -0.1440906992 0.5001151647
0.0347580557 0.0895134675 0.1772964147
0.3762601391 0.1493468008 -0.3109931686
0.3690309724 0.1478676342 -0.3240890019
-0.3486148609 0.2160343008 -0.0585390019
0.2372601391 -0.2682573658 0.0586464147
-0.1883023609 -0.1503615325 0.4905755814
-0.1020523609 0.4542009675 0.1837547481
-0.0835731943 0.4610759675 0.2148047481
-0.1485523609 -0.1568198658 0.5238151647
-0.0234231943 0.0916801342 0.1770297481
-0.1601148609 -0.1730073658 0.5042672481
-0.0306773609 0.4035968008 0.1985776647
-0.1533023609 -0.1643615325 0.5160443314
-0.1647190276 -0.1529240325 0.5123797481
-0.1041981943 0.0730343008 0.1543255814
-0.1273440276 -0.4051740325 0.3750068314
-0.1224690276 -0.4021948658 0.3870172481
0.3178643057 -0.2088406992 0.0412068314
-0.0610315276 0.4054509675 0.1930193314
-0.1728231943 -0.1607990325 0.5001359981
-0.3441356943 0.3359301342 -0.1417827519
0.3245101391 -0.1800906992 0.0461464147
-0.3466773609 0.3374093008 -0.1576035853
-0.0693856943 0.0924926342 0.1600339147
-0.0724065276 0.1180759675 0.1431255814
-0.1440315276 -0.1766115325 0.5161505814
0.3265934724 -0.2022781992 0.0369255814
-0.0758231943 0.4245134675 0.2098422481
-0.0896773609 0.4105968008 0.1821797481
0.3286768057 0.1455134675 -0.3590119186
0.3331351391 -0.2191740325 0.0236797481
0.3394268057 0.1456176342 -0.3526035853
-0.1098856943 0.1001593008 0.1350547481
0.3149476391 0.1830134675 -0.3559890019
-0.1337398609 -0.4019240325 0.3550734981
-0.0344690276 0.1048884675 0.1638880814
-0.3576981943 0.3055134675 -0.1272577519
-0.1348440276 -0.3999240325 0.3606755814
0.3060934724 -0.2157573658 0.0454443314
-0.1013856943 0.3892009675 0.1552422481
-0.3331148609 0.3569301342 -0.1741077519
0.3161976391 -0.2560906992 0.0124359981
-0.1359065276 -0.1932990325 0.5102943314
-0.3476981943 0.3376801342 -0.1740015019
0.3245934724 -0.2281531992 0.0264276647
-0.1233648609 -0.1915073658 0.5213026647
0.3258434724 -0.2501323658 0.0099672481
-0.0677190276 0.3857843008 0.1686359981
-0.3329481943 0.3558676342 -0.1912077519
-0.0588023609 0.1051384675 0.1998964147
-0.3470106943 0.3367843008 -0.1913994186
0.3340101391 -0.2430490325 0.0081776647
-0.1136981943 -0.3108406992 0.2456609981
-0.1342190276 -0.3933406992 0.3727068314
-0.1120315276 0.4222009675 0.1665922481
-0.1473648609 -0.1831115325 0.5086964147
-0.1400523609 -0.3057781992 0.2595234981
-0.0336981943 0.3847218008 0.1754505814
-0.3447815276 0.3347218008 -0.2091390019
-0.1334065276 -0.1787990325 0.5227505814
-0.1757815276 -0.3155073658 0.0573484981
0.3296143057 -0.2670490325 -0.0099869186
-0.3592398609 0.3078468008 -0.2132056686
-0.1353648609 -0.3272990325 0.0658443314
-0.1316565276 -0.4025698658 0.3497922481
-0.1285940276 -0.4014031992 0.3448943314
-0.1179898609 -0.2115073658 0.5111234981
-0.0997523609 0.0547613842 0.1724880814
-0.0949044443 0.0586884675 0.1722193314
-0.1334690276 -0.2056323658 0.5065026647
0.1489476391 0.4292009675 0.1071776647
-0.1208023609 -0.2159865325 0.5082922481
-0.1089752776 0.0460738842 0.1719630814
-0.1043481943 0.0503759675 0.1721797481
-0.3559065276 0.1780134675 -0.0507035853
0.1741976391 0.3805134675 0.0837755814
0.2435309724 -0.2905073658 0.0376505814
-0.1925731943 -0.3705073658 -0.0281723353
-0.1871356943 -0.3548615325 0.0028547481
0.2940726391 -0.2669031992 0.0198693314
-0.1246148609 -0.3980698658 0.3404443314
0.2977809724 -0.2848823658 -0.0005535853
-0.1200731943 -0.3927365325 0.3363568314
0.3093226391 -0.2384240325 0.0309005814
0.1522184724 0.4568051342 0.0803672481
0.2853643057 -0.2487156992 0.0395464147
-0.1483856943 -0.3828406992 -0.0215931686
0.1505726391 0.4824509675 0.0494255814
-0.0792336109 0.0685530508 0.1737359981
-0.1234273609 -0.2007990325 0.5135297481
0.3006351391 0.1842218008 -0.3624410853
0.1765518057 0.4120968008 0.0678464147
-0.0337481943 0.0897468008 0.1770922481
-0.3543023609 0.3048884675 -0.2315827519
-0.0436023609 0.0866113842 0.1756964147
-0.0510586109 0.0842426342 0.1746443314
-0.3411356943 0.3315343008 -0.2265994186
-0.1158648609 -0.2088615325 0.5106984981
0.2643476391 0.2058843008 -0.3669556686
0.1274059724 0.4690551342 0.1240443314
-0.0745211109 0.0714968008 0.1742109981
-0.0674065276 0.0759738842 0.1749609981
0.1128851391 -0.3895281992 0.3025401647
0.2992268057 0.1647072175 -0.3669556686
0.1241768057 0.4939718008 0.0992568314
-0.1311356943 -0.2022781992 0.5056297481
0.1124476391 0.5152634675 0.0800068314
0.0898434724 0.5300343008 0.0737443314
0.2805059724 0.1885197175 -0.3669556686
-0.1333231943 -0.2103406992 0.5045651647
-0.3379065276 -0.1236115325 0.0445276647
-0.3401148609 -0.0910281992 0.0445276647
-0.1480940276 -0.2051115325 0.4950901647
-0.1431981943 -0.2114656992 0.4967068314
0.0813434724 -0.3895073658 0.2854172481
0.0735934724 0.5302843008 0.1310714147
-0.3415315276 -0.0586115325 0.0418443314
0.2044684724 0.3291593008 0.0515776647
0.2761663891 0.1926905508 -0.3669556686
0.2767518057 0.1920322175 -0.3669556686
0.1423434724 0.3528259675 0.1137151647
-0.3548648609 -0.0949448658 0.0301755814
0.1750518057 0.3425134675 0.0838172481
0.2004268057 -0.1288615325 0.1573505814
0.1995476391 -0.1300886158 0.1555651647
0.1774268057 0.3011801342 0.0762151647
0.3129476391 0.1459093008 -0.3668702519
0.3130434724 0.1450634675 -0.3669556686
0.3126893057 0.1459384675 -0.3669556686
0.2017809724 -0.1025906992 0.1499172481
0.1047184724 -0.3972365325 0.2996859981
0.1383434724 0.3975134675 0.1290693314
0.1977788891 -0.0964323658 0.1596901647
0.1986330557 -0.1002906992 0.1595443314
-0.3355731943 -0.1538406992 0.0421214147
0.1071143057 -0.3979448658 0.3080130814
0.1078434724 0.3560759675 0.1348839147
-0.3483856943 -0.1585698658 0.0280672481
0.3047913891 0.1581843008 -0.3669556686
-0.1413648609 -0.2017365325 0.4974526647
0.2159893057 -0.1046948658 0.1920401647
0.1443434724 0.3107426342 0.1011297481
0.0910309724 -0.3929240325 0.2903589147
0.0735309724 -0.4027573658 0.2884422481
0.0928643057 -0.4069031992 0.2978755814
0.3680726391 0.1094509675 -0.3373348353
0.3737393057 0.0720551342 -0.3376327519
-0.3336981943 -0.1792365325 0.0375443314
0.3837809724 0.1108051342 -0.3129723353
0.1794268057 0.4386176342 0.0415255814
-0.3496356943 -0.2162365325 0.0064734981
0.3764059724 0.1100343008 -0.3262598353
-0.3395940276 -0.2054031992 0.0224672481
0.0738226391 0.3199509675 0.1327109981
0.1952476391 -0.0864219492 0.1612234981
0.2179893057 0.4078468008 -0.0055785853
-0.3563440276 -0.1935698658 0.0081359981
0.1096559724 0.3166176342 0.1198276647
-0.3446565276 -0.1848198658 0.0247464147
-0.1450731943 -0.2013615325 0.4943234981
0.2154476391 0.3854509675 0.0172714147
0.3897601391 0.0719301342 -0.3129723353
0.1996455557 -0.1285156992 0.1553609981
0.3821976391 0.0719926342 -0.3264744186
0.0994476391 -0.4054448658 0.3033068314
0.2090934724 0.4364509675 -0.0204848353
0.1991934724 -0.1035302825 0.1599839147
0.2074684724 0.2899926342 0.0490651647
0.1994455557 -0.1212240325 0.1569755814
0.1801143057 0.4613676342 0.0102859981
0.0967809724 -0.4092781992 0.3079901647
-0.3329898609 -0.2430490325 0.0081776647
0.1813434724 0.2189718008 0.0659089147
-0.3415523609 -0.2322365325 0.0067505814
0.1995518057 -0.1300386158 0.1555589147
0.1795934724 0.2595551342 0.0692734981
-0.1238440276 -0.2226323658 0.4986880814
0.2238018057 -0.1755698658 0.2258130814
0.3314059724 0.1083676342 -0.3639744186
0.1814059724 0.4770343008 -0.0246598353
0.2108434724 -0.2142781992 0.2384839147
-0.3523440276 -0.2429031992 -0.0134577519
0.3467184724 0.1086176342 -0.3550306686
-0.3436773609 -0.2545906992 -0.0126910853
0.3578018057 0.1089718008 -0.3469390019
-0.1927398609 -0.1570490325 0.4815672481
0.2229268057 -0.2181531992 0.2878880814
0.3287851391 0.0908384675 -0.3669556686
0.3250018057 0.1085176342 -0.3669556686
0.1456768057 0.2689301342 0.0913984981
0.1465726391 0.2286176342 0.0863734981
0.1419684724 0.5072426342 0.0117776647
0.1145101391 0.5236384675 -0.0350077519
-0.3543023609 -0.2635281992 -0.0350931686
-0.1441981943 -0.3665490325 0.0102443314
-0.3462190276 -0.2715281992 -0.0342640019
-0.3368023609 -0.2785490325 -0.0328369186
-0.1527398609 -0.2170073658 0.4816089147
0.0744684724 0.2431801342 0.1152922481
0.2051976391 -0.2379865325 0.2677214147
0.1050518057 0.5271801342 0.0154609981
0.0746768057 0.2083259675 0.1150797481
0.0618226391 -0.3970698658 0.2833943314
0.1982393057 -0.2474656992 0.2755797481
0.3522809724 0.0717218008 -0.3555202519
0.3325684724 0.0713301342 -0.3669556686
0.3323518057 0.0726030508 -0.3669556686
0.0468851391 -0.3898823658 0.2776464147
-0.1598440276 -0.2096531992 0.4793318314
-0.3554690276 -0.2789865325 -0.0576452519
0.0743643057 0.2813676342 0.1214026647
0.3333726391 0.0616655508 -0.3669556686
0.1892809724 -0.2571948658 0.2822880814
-0.3336565276 -0.2953823658 -0.0549827519
-0.1114273609 0.5152634675 0.0800068314
-0.0725731943 0.5302843008 0.1310714147
-0.0888231943 0.5300343008 0.0737443314
0.1108643057 0.2368051342 0.1029630814
-0.1831148609 -0.1940906992 0.4630193314
0.1104893057 0.2762009675 0.1088193314
-0.1900731943 -0.1821531992 0.4655318314
0.2137393057 -0.2292156992 0.2956193314
0.1954059724 -0.2468823658 0.3060964147
0.1930726391 -0.2498406992 0.3076922481
0.3633851391 0.0719301342 -0.3473431686
-0.1581565276 -0.2064448658 0.4776901647
-0.1620106943 -0.2118406992 0.4686609981
-0.3411773609 -0.3021948658 -0.0806431686
-0.1700731943 -0.2012781992 0.4708984981
0.0233434724 -0.3927156992 0.2768568314
-0.3594273609 -0.2966948658 -0.1067098353
0.2025518057 -0.2397990325 0.3018589147
0.4122601391 -0.0095698658 -0.2711056686
0.2028643057 0.3645968008 0.0475943314
-0.1792815276 -0.1912365325 0.4701734981
0.4035726391 -0.0083406992 -0.2931890019
-0.1040315276 0.5271801342 0.0154609981
-0.3528023609 -0.3038823658 -0.1846494186
0.0205309724 -0.4042990325 0.2816068314
0.2266559724 0.3499926342 0.0176964147
-0.1812606943 -0.3366948658 0.0310484981
0.2135101391 0.2089718008 0.0440609981
-0.0006565276 -0.4049448658 0.2814568314
0.2107393057 0.2493259675 0.0452734981
-0.0246565276 -0.3927156992 0.2768568314
-0.1234690276 0.4434093008 0.1468505814
-0.1667398609 -0.2190073658 0.4616130814
0.4122809724 -0.0502573658 -0.2685723353
-0.1653856943 -0.2165073658 0.4598880814
0.4109476391 -0.0895490325 -0.2650369186
-0.1647815276 -0.2156948658 0.4616984981
-0.1373231943 0.3975134675 0.1290693314
-0.3541773609 -0.2836740325 -0.2317952519
-0.1761565276 -0.2098198658 0.4545651647
0.4027601391 -0.0865281992 -0.2875244186
0.1679059724 -0.2789031992 0.2674026647
-0.3448440276 -0.2904865325 -0.2340535853
0.1614476391 -0.2897990325 0.2736839147
-0.0218648609 -0.4042990325 0.2816068314
-0.1479273609 0.4292009675 0.1071776647
0.1697393057 -0.2883406992 0.2958943314
-0.1731773609 0.3805134675 0.0837755814
-0.1757815276 -0.2179656992 0.4442359981
-0.1086356943 0.3166176342 0.1198276647
-0.1901148609 -0.1989448658 0.4478359981
-0.0482190276 -0.3898823658 0.2776464147
0.1784684724 -0.2721740325 0.2908484981
-0.1068231943 0.3560759675 0.1348839147
-0.3466773609 -0.3068823658 -0.1067515019
-0.1966356943 -0.1842990325 0.4549276647
0.3939684724 -0.1177156992 -0.3006223353
-0.0728023609 0.3199509675 0.1327109981
-0.1263856943 0.4690551342 0.1240443314
-0.3365940276 -0.3157156992 -0.1876306686
-0.1755315276 0.4120968008 0.0678464147
-0.1511981943 0.4568051342 0.0803672481
-0.1396773609 -0.3480490325 0.0390130814
-0.0826773609 -0.3895073658 0.2854172481
-0.3548231943 -0.3060490325 -0.1588598353
-0.1897190276 -0.2163615325 0.4228359981
0.0005101391 0.2158259675 0.1251089147
0.0376143057 0.2473051342 0.1229797481
-0.1928856943 -0.2071740325 0.4306714147
-0.3543023609 -0.3059448658 -0.1329015019
0.0376976391 0.2137426342 0.1224693314
0.0375934724 0.2844509675 0.1290484981
-0.1495523609 0.4824509675 0.0494255814
-0.1231565276 0.4939718008 0.0992568314
0.1821351391 -0.2654865325 0.2878464147
-0.2320731943 -0.3546948658 -0.0348390019
-0.2587815276 -0.3244656992 -0.0126910853
-0.2255731943 -0.3402156992 -0.0049827519
0.0005101391 0.2488259675 0.1256630814
0.0625726391 -0.4311323658 0.4407026647
-0.2062815276 -0.1517365325 0.4691526647
-0.2504481943 -0.3090281992 0.0137359981
-0.0631356943 -0.3970698658 0.2833943314
-0.2037815276 -0.1721740325 0.4565880814
-0.2025940276 -0.1832156992 0.4463651647
-0.2144273609 0.3854509675 0.0172714147
-0.2183856943 -0.3231948658 0.0223818314
-0.2169690276 0.4078468008 -0.0055785853
-0.1784065276 0.4386176342 0.0415255814
-0.0941773609 -0.4069031992 0.2978755814
0.1844268057 -0.2369240325 0.2237255814
0.0005101391 0.2854718008 0.1316464147
-0.0748648609 -0.4027573658 0.2884422481
0.1545518057 -0.2658198658 0.2255797481
-0.2259481943 -0.1379240325 0.4428526647
-0.0923440276 -0.3929240325 0.2903589147
-0.2160940276 -0.1515490325 0.4539693314
0.1769476391 -0.2663615325 0.2578630814
-0.1060523609 -0.3972365325 0.2996859981
-0.2066773609 -0.1615073658 0.4616130814
0.1848018057 -0.2478823658 0.2390797481
0.0634268057 -0.4193198658 0.4395734981
-0.1098440276 0.2368051342 0.1029630814
0.3795726391 -0.0025906992 -0.3362265019
0.1817393057 -0.2578198658 0.2501755814
0.3776143057 0.0346593008 -0.3369515019
-0.2080731943 0.4364509675 -0.0204848353
-0.1007606943 -0.4054448658 0.3033068314
0.3881559724 -0.0043406992 -0.3247702519
0.3938851391 0.0328259675 -0.3119285853
-0.1790940276 0.4613676342 0.0102859981
0.0722184724 -0.4206531992 0.4349734981
-0.1094690276 0.2762009675 0.1088193314
-0.0736565276 0.2083259675 0.1150797481
0.0818018057 -0.4210490325 0.4278818314
-0.2860940276 -0.3094656992 -0.0196556686
-0.1803856943 0.4770343008 -0.0246598353
-0.1084481943 -0.3979448658 0.3080130814
0.3861976391 0.0338259675 -0.3256640019
-0.0734481943 0.2431801342 0.1152922481
-0.0980940276 -0.4092781992 0.3079901647
-0.0733440276 0.2813676342 0.1214026647
-0.2175315276 -0.1969865325 0.3973234981
-0.2259481943 -0.1778823658 0.4026255814
0.1981768057 -0.3831531992 -0.0614348353
-0.1409481943 0.5072426342 0.0117776647
-0.0366773609 0.2137426342 0.1224693314
0.1499059724 -0.2832990325 0.2433609981
-0.2123231943 -0.1839031992 0.4240693314
-0.1971565276 -0.3831531992 -0.0614348353
-0.2213648609 -0.1591323658 0.4353984981
0.0930934724 -0.4186115325 0.4174693314
-0.2346981943 -0.1470906992 0.4127422481
0.0949684724 -0.4323823658 0.4039672481
-0.1134898609 0.5236384675 -0.0350077519
-0.0365940276 0.2473051342 0.1229797481
0.2103226391 -0.2265490325 0.2558609981
-0.2662398609 -0.3374656992 -0.0411848353
0.0996768057 -0.4248198658 0.4058839147
-0.0365731943 0.2844509675 0.1290484981
-0.2023231943 -0.2107781992 0.4085026647
0.2127809724 0.4490968008 -0.0514265019
0.1528851391 -0.2752573658 0.2359068314
0.2224476391 0.4558259675 -0.1125015019
0.2175934724 0.4549718008 -0.0823473353
0.0705726391 -0.4336115325 0.4344193314
0.2161351391 0.1337426342 0.0588172481
0.1017184724 -0.3916531992 -0.0158640019
0.0809684724 -0.4351948658 0.4242609981
0.1917393057 0.4807634675 -0.0990848353
0.2150101391 0.1707634675 0.0492776647
0.0593434724 -0.4467573658 0.4279026647
0.0590101391 -0.4444865325 0.4338026647
-0.1683023609 -0.2312573658 0.4445984981
-0.2943023609 -0.3209031992 -0.0468056686
-0.1612815276 -0.2384240325 0.4480484981
0.1572393057 0.5029926342 -0.0870744186
0.1615518057 0.4971384675 -0.1241494186
0.0005101391 -0.3987365325 -0.0101994186
0.0516976391 -0.3969656992 -0.0118181686
0.1824059724 0.1808259675 0.0691464147
-0.1660731943 -0.2233198658 0.4495818314
0.1860934724 0.4822218008 -0.0621598353
0.2385726391 -0.3662156992 -0.0666306686
0.1418643057 -0.2994865325 0.2561151647
-0.1589690276 -0.2266531992 0.4645734981
-0.0506773609 -0.3969656992 -0.0118181686
-0.1006981943 -0.3916531992 -0.0158640019
0.1162809724 -0.2986740325 0.2356089147
0.1472393057 0.1910134675 0.0879068314
0.1510726391 0.5067009675 -0.0444640019
-0.1361356943 -0.2529865325 0.4521151647
0.0730726391 -0.4420490325 0.4071193314
0.1834684724 0.1435759675 0.0773651647
0.3799893057 -0.0391948658 -0.3348640019
0.3961768057 -0.0450906992 -0.3088410853
0.3885518057 -0.0418823658 -0.3231723353
0.3958643057 -0.0064240325 -0.3107577519
0.0755518057 -0.4426323658 0.4128484981
0.0706351391 -0.4390698658 0.4013484981
0.0802809724 -0.3038823658 0.2262609981
-0.1142190276 -0.3895281992 0.3025401647
0.0781559724 -0.4406323658 0.4184276647
0.0918018057 -0.4355281992 0.3992609981
0.1480934724 0.1543468008 0.0949755814
-0.1661981943 -0.2289448658 0.4409776647
0.1201976391 0.5188676342 -0.0789827519
0.1778018057 -0.2105073658 0.1448484981
0.0813018057 0.5291593008 -0.0738723353
0.3579893057 -0.0014031992 -0.3544348353
0.3359997224 -0.0051948658 -0.3669556686
0.3360893057 -0.0018948658 -0.3669556686
0.3360893057 0.0025072175 -0.3669556686
0.3453226391 0.0348259675 -0.3616744186
0.0748018057 0.1761801342 0.1200839147
0.0746351391 0.1460343008 0.1296026647
0.3691351391 -0.0016740325 -0.3461285853
0.1240309724 0.5122426342 -0.1177619186
0.0841559724 0.5223259675 -0.1131619186
0.1123643057 0.1317843008 0.1199547481
0.1038226391 -0.4271323658 0.3786693314
-0.2375523609 -0.3662156992 -0.0666306686
0.1660205557 -0.2105094492 0.1642839147
0.1065726391 -0.4264448658 0.3836943314
0.1529684724 -0.3962156992 -0.0558556686
0.1041559724 -0.4054656992 -0.0507660853
0.1707184724 -0.2148406992 0.1790276647
0.1097184724 -0.4226531992 0.3877193314
0.1142393057 -0.4148615325 0.3893172481
0.1927601391 -0.1756323658 0.1476401647
0.1112601391 0.2004718008 0.1033880814
0.0529268057 -0.4109865325 -0.0470181686
0.1117393057 0.1658884675 0.1093089147
0.2262393057 0.4533259675 -0.1410994186
0.1836205557 -0.1844781992 0.1591005814
-0.1528648609 -0.2546740325 0.4188734981
0.2284059724 0.4484718008 -0.1685285853
-0.1548231943 -0.2570698658 0.4224526647
0.1959268057 0.4764718008 -0.1322848353
-0.1531773609 -0.2582573658 0.4275193314
0.2734476391 -0.3476948658 -0.0712744186
0.2780101391 -0.3549031992 -0.1024077519
0.3020726391 -0.3298615325 -0.0751702519
-0.1031356943 -0.4054656992 -0.0507660853
0.1175518057 -0.4161740325 0.3633359981
0.3070518057 -0.3360906992 -0.1043869186
0.1199893057 -0.4153615325 0.3684047481
0.1932184724 -0.1916323658 0.1853526647
-0.0519065276 -0.4109865325 -0.0470181686
0.1717830557 -0.2036156992 0.1649818314
0.1983018057 0.4700968008 -0.1630973353
0.1808643057 -0.1887386158 0.1602797481
0.1791268057 -0.1915552825 0.1612089147
-0.1399481943 -0.2617990325 0.4381880814
0.1639268057 0.4895551342 -0.1578806686
0.2426351391 -0.3744031992 -0.0997452519
-0.1519481943 -0.3962156992 -0.0558556686
0.1146351391 -0.4145906992 0.3581839147
0.2300351391 -0.3722261158 -0.0734848353
0.1010101391 -0.4250490325 0.3732818314
0.2318226391 -0.3791031992 -0.0988369186
0.2318226391 -0.3807177825 -0.1087077519
-0.1552190276 -0.2602781992 0.4089089147
0.1528434724 0.0726593008 0.1233193314
0.1852809724 0.1057426342 0.0890130814
0.2283434724 0.4421593008 -0.1951473353
0.3671976391 0.0349926342 -0.3467473353
0.2305309724 -0.0929448658 0.4441505814
0.2335726391 -0.1142990325 0.4289672481
0.1222809724 -0.4120906992 0.3729193314
0.1985101391 0.4623676342 -0.1928473353
0.3361351391 0.0346176342 -0.3666577519
0.2178018057 0.0969093008 0.0706359981
0.1905101391 0.0663884675 0.1002568314
-0.1640731943 -0.2445073658 0.4309068314
0.2008851391 -0.1395281992 0.1492359981
0.3357518057 0.0239593008 -0.3669556686
0.3354351391 0.0346113842 -0.3669556686
-0.1590731943 -0.2503406992 0.4344839147
0.1643226391 0.4806801342 -0.1904827519
0.2459476391 -0.0900490325 0.3914026647
0.2584059724 -0.1006740325 0.3336734981
0.1947413891 -0.1567802825 0.1554922481
0.2214059724 0.0594509675 0.0820297481
0.2530726391 -0.0969865325 0.3642318314
0.2093643057 -0.1652573658 0.1910380814
-0.1720106943 -0.2290073658 0.4331214147
0.3383643057 -0.0378198658 -0.3647410853
0.1951976391 -0.1570073658 0.1568380814
0.3475934724 -0.0374240325 -0.3598223353
0.3583643057 -0.0372990325 -0.3531994186
0.3356955557 -0.0107677825 -0.3669556686
-0.1620315276 -0.2415698658 0.4274568314
0.3695518057 -0.0377781992 -0.3448723353
0.1261143057 0.5040343008 -0.1534931686
0.1892955557 -0.1732906992 0.1601318314
0.0856768057 0.5139093008 -0.1500869186
0.1944372224 -0.1577615325 0.1557068314
0.1935288891 -0.1603594492 0.1565943314
0.0976976391 -0.4205490325 0.3681484981
0.2333851391 -0.1470906992 0.4127422481
0.0940309724 -0.4137573658 0.3629755814
0.1495726391 0.1168884675 0.1064964147
0.0860101391 0.5041176342 -0.1863306686
-0.1846565276 -0.2270490325 0.4159151647
0.1265101391 0.4945134675 -0.1882265019
0.3333309724 -0.0381427825 -0.3669556686
0.2537184724 -0.1392573658 0.3462151647
0.2564059724 -0.1443823658 0.3144214147
-0.1729273609 -0.2474031992 0.4040734981
0.2460726391 -0.1392365325 0.3772422481
0.0802393057 -0.4209656992 0.3771151647
0.2454684724 -0.1675490325 0.3538609981
0.2485518057 -0.1720281992 0.3255797481
-0.1688231943 -0.2545073658 0.4001984981
0.2378434724 -0.1915698658 0.3341839147
-0.1676356943 -0.2576531992 0.3987922481
0.2353851391 -0.1876323658 0.3579693314
0.2174893057 -0.1361115325 0.1939568314
0.0628851391 -0.4167365325 0.3824589147
0.2340934724 -0.2015906992 0.3102047481
0.0427184724 0.5279509675 -0.1103723353
0.2318226391 -0.3714031992 -0.0734806686
0.0005101391 0.5296384675 -0.1094348353
0.2373434724 -0.1689865325 0.3808422481
-0.1883856943 -0.2340281992 0.3985380814
-0.0802815276 0.5291593008 -0.0738723353
0.3670518057 -0.1068406992 -0.3379952519
0.0376976391 0.1832218008 0.1269193314
-0.1608023609 -0.2506115325 0.4157859981
0.3687393057 -0.0729448658 -0.3423806686
-0.0831356943 0.5223259675 -0.1131619186
-0.0416981943 0.5279509675 -0.1103723353
0.1988788891 -0.1371948658 0.1571984981
0.1987163891 -0.1391552825 0.1575651647
0.0890518057 -0.4356740325 0.3938943314
0.1978330557 -0.1428177825 0.1570964147
0.1963976391 -0.1489406992 0.1561755814
0.0863643057 -0.4331115325 0.3882734981
0.0005101391 0.1859301342 0.1293672481
0.3778226391 -0.1086948658 -0.3277306686
0.3792809724 -0.0747156992 -0.3322244186
0.0680934724 -0.4338406992 0.3956630814
0.3953643057 -0.0824448658 -0.3056473353
0.1545518057 -0.2406323658 0.1435089147
0.3878434724 -0.0781948658 -0.3202765019
-0.1113440276 0.1317843008 0.1199547481
-0.1107190276 0.1658884675 0.1093089147
0.3864893057 -0.1126948658 -0.3155077519
0.1624268057 -0.1000490325 0.5336547481
0.1525934724 -0.1309448658 0.5308859981
0.0828226391 -0.4203615325 0.3130172481
-0.1102398609 0.2004718008 0.1033880814
0.2318226391 -0.3634636158 -0.0734327519
0.0694059724 -0.4303198658 0.3126755814
0.0435309724 0.5195343008 -0.1478931686
0.0005101391 0.5213051342 -0.1471056686
0.1492184724 -0.2441740325 0.1940193314
-0.0736148609 0.1460343008 0.1296026647
0.0437184724 0.5097009675 -0.1850098353
-0.1147606943 -0.2767156992 0.4221964147
0.1470747224 -0.2286719492 0.1692339147
-0.0737815276 0.1761801342 0.1200839147
0.1463997224 -0.2291823658 0.1691630814
0.0005101391 0.5114718008 -0.1844994186
-0.1413648609 -0.2672781992 0.4211943314
-0.0425106943 0.5195343008 -0.1478931686
-0.1259481943 -0.2733615325 0.4263922481
0.0810934724 -0.4167573658 0.3181484981
0.1516372224 -0.2241656992 0.1678005814
-0.1420731943 -0.2670698658 0.4275630814
0.0733226391 -0.4131323658 0.3220026647
-0.0846565276 0.5139093008 -0.1500869186
-0.1286773609 -0.2718406992 0.4309484981
0.0681143057 -0.4265906992 0.3180422481
-0.0849898609 0.5041176342 -0.1863306686
-0.0366773609 0.1832218008 0.1269193314
-0.0426981943 0.5097009675 -0.1850098353
0.2924268057 -0.3421594492 -0.2101431686
0.3081559724 -0.3366948658 -0.1928056686
-0.1195731943 -0.2718823658 0.4398714147
0.2791268057 -0.3561781992 -0.1923806686
0.2924268057 -0.3472886158 -0.1923285853
0.1876143057 -0.0975698658 0.5123380814
0.2808226391 -0.3589865325 -0.1658869186
0.1980101391 -0.1044031992 0.4991776647
0.2924268057 -0.3468719492 -0.1951223353
0.2062601391 -0.1140698658 0.4859755814
0.1789268057 -0.2253615325 0.2032839147
0.1754893057 -0.0950490325 0.5244130814
0.2805934724 -0.3587573658 -0.1341160853
0.3101976391 -0.3396115325 -0.1636098353
0.2450309724 -0.3791531992 -0.1676973353
0.2733934724 -0.3594448658 -0.1923994186
0.1729476391 -0.1163406992 0.5204297481
0.2318226391 -0.3817677825 -0.1917660853
0.2318226391 -0.3816636158 -0.1925306686
0.2327455557 -0.3812490325 -0.1925285853
0.1903643057 -0.1254656992 0.4999651647
0.0420726391 -0.4271323658 0.4486651647
0.2436393057 -0.3763719492 -0.1924994186
0.2318226391 -0.3850406992 -0.1679285853
0.2449059724 -0.3788406992 -0.1336265019
0.0425934724 -0.4192365325 0.4463026647
0.2318226391 -0.3847886158 -0.1446390019
0.0557601391 -0.4278406992 0.4442797481
0.1651351391 -0.1330490325 0.5202589147
0.0294059724 -0.4292781992 0.4515839147
0.1629893057 0.4701801342 -0.2215098353
-0.1219898609 0.0982426342 0.2313297481
-0.1735940276 0.0644718008 0.2432755814
-0.1266565276 0.1121384675 0.2565422481
0.3098643057 -0.3394031992 -0.1340098353
-0.1796565276 0.0773676342 0.2693193314
-0.1171148609 -0.2722573658 0.4264339147
0.1193434724 -0.2833406992 0.2206589147
-0.1279898609 0.1243051342 0.2830109981
0.1188018057 -0.2687573658 0.2029214147
0.2263851391 0.4343259675 -0.2206806686
-0.1811356943 0.0891801342 0.2959172481
0.1630726391 -0.1192156992 0.5275005814
0.1968643057 0.4530551342 -0.2212119186
0.2318226391 -0.3846573658 -0.1331619186
0.0294059724 -0.4206531992 0.4490922481
0.1153643057 -0.2581323658 0.1869068314
-0.1239273609 -0.2713615325 0.4224297481
0.2318226391 -0.3634636158 -0.1924244186
0.2703851391 -0.3445906992 -0.1923119186
0.0853643057 0.4925134675 -0.2211265019
0.1255309724 0.4832843008 -0.2214244186
0.2924268057 -0.3387698658 -0.2207681686
0.2756059724 -0.3503219492 -0.2208348353
0.0790518057 -0.0877781992 0.5833151647
0.3039059724 -0.3307573658 -0.2211265019
-0.1310940276 -0.2860698658 0.4058839147
0.2747393057 -0.3488823658 -0.2272181686
0.0784059724 -0.2676323658 0.1818818314
0.0813434724 -0.2917781992 0.2139943314
0.0433851391 0.4979509675 -0.2207869186
0.2670476391 -0.3553406992 -0.2208640019
-0.1396773609 -0.2654240325 0.4178089147
0.0807393057 -0.2776740325 0.1968943314
0.0005101391 0.4997218008 -0.2206160853
0.2408226391 -0.3706448658 -0.2209535853
-0.1324273609 -0.2778198658 0.4091005814
0.0191976391 -0.4514656992 0.4415755814
0.0169476391 -0.4439031992 0.4504547481
0.0182393057 -0.4484448658 0.4464734981
0.0338851391 -0.4419865325 0.4486026647
-0.1347398609 -0.2724656992 0.4130609981
0.0368851391 -0.4462365325 0.4442359981
-0.0843440276 0.4925134675 -0.2211265019
0.2703851391 -0.3445906992 -0.2208015019
-0.0423648609 0.4979509675 -0.2207869186
0.0494476391 -0.4379865325 0.4453005814
-0.1358440276 0.0461176342 0.1495984981
0.0643434724 -0.1124240325 0.5833151647
0.0447393057 -0.4332573658 0.4482609981
0.0311351391 -0.4363615325 0.4512214147
-0.1850731943 0.4822218008 -0.0621598353
0.0728226391 -0.1007156992 0.5833151647
-0.1907190276 0.4807634675 -0.0990848353
-0.1507190276 -0.2695906992 0.4029672481
-0.1138440276 0.0828468008 0.2071589147
-0.1626565276 0.0508051342 0.2175943314
-0.1500523609 0.5067009675 -0.0444640019
0.0156976391 -0.4378823658 0.4529026647
-0.1465731943 0.0365968008 0.1920609981
-0.1562190276 0.5029926342 -0.0870744186
0.2924268057 -0.3234115325 -0.1921869186
0.0827601391 -0.2771948658 0.1503859981
0.3331976391 -0.3107365325 -0.2140577519
-0.1605315276 0.4971384675 -0.1241494186
0.0797830557 -0.2627969492 0.1739276647
0.0770080557 -0.2636323658 0.1736943314
-0.2034481943 0.3291593008 0.0515776647
0.2924268057 -0.3234115325 -0.2206806686
0.1215518057 -0.2624865325 0.1462339147
0.0148434724 -0.4304031992 0.4532026647
-0.1191773609 0.5188676342 -0.0789827519
-0.0006565276 -0.4218198658 0.4512422481
0.0837934724 -0.2612156992 0.1735859981
-0.1740315276 0.3425134675 0.0838172481
-0.0161565276 -0.4304031992 0.4532026647
-0.1413231943 0.3528259675 0.1137151647
-0.1230106943 0.5122426342 -0.1177619186
0.1222393057 -0.1210698658 0.5542255814
-0.2474065276 -0.1392365325 0.3772422481
-0.1433231943 0.3107426342 0.1011297481
-0.2366981943 -0.1876323658 0.3579693314
0.1102205557 -0.1249781992 0.5630255814
-0.2265106943 -0.2015281992 0.3599943314
0.1090413891 -0.1209281992 0.5651589147
0.1122851391 -0.4102573658 -0.0735015019
0.1145101391 -0.4095927825 -0.0728952519
0.1261018057 -0.4067823658 -0.0719848353
-0.1764065276 0.3011801342 0.0762151647
-0.2201148609 -0.2034031992 0.3786693314
0.1288851391 -0.4061094492 -0.0717723353
0.1294663891 -0.4059906992 -0.0718035853
0.1158601391 -0.2484198658 0.1718984981
0.1543538891 -0.4012490325 -0.0744723353
0.1549747224 -0.4010802825 -0.0745848353
0.1581143057 -0.4002219492 -0.0751410853
0.1115955557 -0.2505261158 0.1714964147
0.1144413891 -0.0956011158 0.5680109981
0.1191101391 -0.2463677825 0.1714901647
0.1415955557 -0.4105094492 -0.1018910853
0.1400059724 -0.4107906992 -0.1015577519
0.1382809724 -0.4110948658 -0.1011931686
0.1132184724 -0.0982490325 0.5682089147
0.1126663891 -0.0995927825 0.5682839147
-0.0006565276 -0.4520073658 0.4422568314
0.1728559724 -0.4008406992 -0.0936035853
0.1124080557 -0.1007156992 0.5681755814
-0.2467815276 -0.1675490325 0.3538609981
0.1092851391 -0.1143219492 0.5668526647
0.1092413891 -0.1153552825 0.5665922481
0.1665518057 -0.4053302825 -0.1093390019
0.1562059724 -0.4080302825 -0.1058848353
-0.2292398609 -0.1893406992 0.3797547481
0.1407976391 -0.4036636158 -0.0724306686
-0.0006565276 -0.4443615325 0.4510089147
-0.0006565276 -0.4489656992 0.4470901647
0.1139497224 -0.0964886158 0.5681109981
0.1439476391 -0.4030156992 -0.0726056686
0.1005288891 -0.2547469492 0.1723818314
-0.2520315276 0.3945759675 -0.0637577519
-0.2328023609 0.4133676342 -0.0452723353
0.1091038891 -0.1192261158 0.5655964147
-0.2386773609 -0.1689865325 0.3808422481
-0.0006565276 -0.4382365325 0.4533943314
-0.0205106943 -0.4514656992 0.4415755814
-0.2376773609 0.4238468008 -0.0728077519
0.1417080557 -0.2328156992 0.1685443314
0.1276997224 -0.2410615325 0.1706047481
0.1131372224 -0.0899615325 0.5691776647
-0.2096565276 -0.2104656992 0.3936172481
0.1518268057 -0.4087302825 -0.1044223353
0.1486976391 -0.4092323658 -0.1033785853
0.1428851391 -0.2341323658 0.1729380814
-0.2117606943 0.4490968008 -0.0514265019
-0.2064481943 0.2899926342 0.0490651647
-0.0195731943 -0.4484448658 0.4464734981
-0.0182815276 -0.4439031992 0.4504547481
0.1067184724 -0.1196323658 0.5668526647
-0.0170106943 -0.4378823658 0.4529026647
-0.2165731943 0.4549718008 -0.0823473353
-0.1785731943 0.2595551342 0.0692734981
0.0606351391 -0.4071990325 -0.0816785853
-0.2577190276 -0.1443823658 0.3144214147
-0.1446565276 0.2689301342 0.0913984981
-0.2550315276 -0.1392573658 0.3462151647
0.0778893057 -0.4058615325 -0.1250931686
-0.2391565276 -0.1915698658 0.3341839147
-0.2498648609 -0.1720281992 0.3255797481
0.0409059724 -0.3008198658 0.2151651647
0.0772601391 -0.4059115325 -0.1233160853
0.2130101391 -0.0910698658 0.4818859981
-0.1803231943 0.2189718008 0.0659089147
-0.2426356943 0.4297218008 -0.0992556686
0.0761559724 -0.4059969492 -0.1124744186
0.0405726391 -0.2826115325 0.1934443314
0.0409893057 -0.2920281992 0.2054755814
-0.2214273609 0.4558259675 -0.1125015019
0.2119893057 -0.1250906992 0.4737734981
0.0777601391 -0.4058719492 -0.1007994186
0.2237601391 -0.1190073658 0.4545859981
0.0818059724 -0.4055594492 -0.0925098353
0.2198643057 -0.1036740325 0.4676401647
-0.2471148609 0.4317843008 -0.1247890019
-0.1455523609 0.2286176342 0.0863734981
0.0894018057 -0.4049698658 -0.0838598353
0.0910518057 -0.4048427825 -0.0822015019
-0.2624690276 0.4091801342 -0.1122035853
-0.2834481943 0.3880968008 -0.1250869186
-0.2282398609 -0.2050490325 0.3389964147
0.0827809724 -0.4054844492 -0.0905140019
0.0498018057 -0.4302990325 0.3985151647
0.0393851391 -0.2730281992 0.1789214147
-0.2354065276 -0.2015906992 0.3102047481
-0.2246356943 -0.2141948658 0.3170630814
-0.0006565276 -0.2934031992 0.2043901647
0.0387393057 -0.4509865325 0.4279672481
0.0576976391 -0.4476948658 0.4221526647
0.1018434724 -0.4040073658 -0.0762744186
0.0394893057 -0.4508406992 0.4335047481
0.0323643057 -0.0864865325 0.5933880814
-0.2279898609 0.3167426342 0.0234255814
0.1037184724 -0.4038615325 -0.0757702519
0.0390934724 -0.4491740325 0.4389339147
-0.1978023609 -0.2605490325 0.3775193314
-0.0006565276 -0.2840698658 0.1923797481
-0.2256356943 0.3499926342 0.0176964147
-0.1976565276 -0.2522365325 0.3809047481
-0.2018440276 0.3645968008 0.0475943314
-0.1938440276 -0.2337156992 0.3877630814
0.3371351391 -0.0733406992 -0.3621640019
0.3574268057 -0.0724240325 -0.3507285853
-0.1948648609 -0.2397156992 0.3856964147
-0.2468023609 0.3066176342 0.0012568314
0.0549684724 -0.4416531992 0.4400422481
-0.1938856943 -0.2359031992 0.3870797481
-0.2632190276 0.3260343008 -0.0283015019
-0.2438023609 0.3381801342 -0.0050035853
0.0209268057 -0.0957781992 0.5933880814
0.3393643057 -0.1077156992 -0.3553931686
0.0270726391 -0.0916115325 0.5933880814
0.0185934724 -0.4507990325 0.4253901647
0.0421143057 -0.2859448658 0.1533026647
0.0191976391 -0.4526948658 0.4309484981
0.0178643057 -0.4471740325 0.4197464147
0.3554268057 -0.1065281992 -0.3464056686
-0.2690315276 0.3231801342 -0.0333681686
0.3311955557 -0.0489573658 -0.3669556686
0.3213226391 -0.1102573658 -0.3630806686
0.0417809724 -0.1306948658 0.5833151647
0.0194476391 -0.4528823658 0.4363797481
0.3273226391 -0.0743198658 -0.3663806686
0.3278018057 -0.1091115325 -0.3609285853
0.0005101391 -0.2888406992 0.1544755814
0.0538851391 -0.1225073658 0.5833151647
-0.2501773609 0.3582426342 -0.0266390019
0.3262372224 -0.0707886158 -0.3669556686
0.3276080557 -0.0665073658 -0.3669556686
0.3146809724 -0.0931511158 -0.3669556686
0.0391038891 -0.2715052825 0.1757026647
0.1694663891 -0.4034740325 -0.2047015019
0.3247226391 -0.0747406992 -0.3669556686
0.1634247224 -0.4036365325 -0.2108785853
-0.1823231943 -0.2446740325 0.3944276647
0.1626768057 -0.4036594492 -0.2116431686
-0.1835940276 -0.2415698658 0.3955339147
0.0408247224 -0.2712573658 0.1758609981
0.0558018057 -0.4465073658 0.4163818314
0.0449559724 -0.2703448658 0.1755984981
0.1571434724 -0.4116802825 -0.1435473353
0.0479580557 -0.2697011158 0.1754443314
-0.2727815276 0.2937218008 -0.0264681686
-0.2589898609 0.3001384675 -0.0129890019
-0.0221148609 -0.0957781992 0.5933880814
-0.0153231943 -0.0988406992 0.5933880814
-0.2668856943 0.2962009675 -0.0215077519
0.1571351391 -0.4114865325 -0.1293890019
-0.0080731943 -0.1007156992 0.5933880814
0.1772143057 -0.4031698658 -0.1885869186
0.1771330557 -0.4031177825 -0.1891973353
-0.0005940276 -0.1013406992 0.5933880814
0.0171559724 -0.4417573658 0.4140818314
0.1768226391 -0.4029156992 -0.1914890019
0.0068643057 -0.1007156992 0.5933880814
0.1724580557 -0.4030781992 -0.2006244186
0.1715101391 -0.4031136158 -0.2026098353
0.0141143057 -0.0988406992 0.5933880814
0.0347184724 -0.4404031992 0.4108464147
-0.2701356943 0.3906384675 -0.0988077519
-0.1488648609 -0.2926948658 0.3955568314
-0.1478231943 -0.3012990325 0.3932130814
0.2000934724 -0.3983636158 -0.1710848353
0.1718351391 -0.4073323658 -0.1563015019
0.1733997224 -0.4068719492 -0.1585640019
-0.2782815276 0.3828676342 -0.1046015019
0.0518018057 -0.4378406992 0.4048630814
0.1743226391 -0.4066011158 -0.1598994186
0.1769580557 -0.4058677825 -0.1673098353
0.1771643057 -0.4058115325 -0.1678890019
0.2000934724 -0.3987094492 -0.1683515019
0.2000934724 -0.3983323658 -0.1347744186
0.1783476391 -0.4042844492 -0.1770556686
0.1785309724 -0.4040011158 -0.1788410853
-0.1833440276 -0.2830906992 0.3796484981
-0.0006565276 -0.2740573658 0.1765630814
-0.1658440276 -0.2971115325 0.3853130814
-0.0006565276 -0.2746948658 0.1779422481
-0.1949065276 0.4764718008 -0.1322848353
0.1775101391 -0.4055823658 -0.1688577519
-0.1849065276 -0.2643823658 0.3869964147
0.0360934724 -0.4458406992 0.4165734981
-0.1972815276 0.4700968008 -0.1630973353
0.1606768057 -0.4106177825 -0.1454327519
0.1675580557 -0.4085761158 -0.1509785853
0.0024268057 -0.2739219492 0.1766693314
-0.2320106943 0.2792218008 0.0236589147
0.0005101391 -0.2740594492 0.1767172481
-0.1629065276 0.4895551342 -0.1578806686
0.1689059724 -0.4081761158 -0.1520681686
0.0046538891 -0.2737698658 0.1766005814
-0.2365315276 0.2395134675 0.0223172481
-0.2124898609 0.2089718008 0.0440609981
-0.0335731943 -0.0864865325 0.5933880814
0.2000934724 -0.3982927825 -0.1319515019
-0.1250940276 0.5040343008 -0.1534931686
-0.0038211109 -0.2738323658 0.1764839147
-0.0802606943 -0.0877781992 0.5833151647
-0.0042065276 -0.2738052825 0.1764755814
-0.0205106943 -0.4526948658 0.4309484981
-0.0199273609 -0.4507990325 0.4253901647
0.0613393057 -0.4071448658 -0.1772160853
0.0615101391 -0.4071302825 -0.1788598353
-0.1633023609 0.4806801342 -0.1904827519
-0.0006565276 -0.4534031992 0.4371234981
0.0600747224 -0.4072427825 -0.1894848353
-0.1974898609 0.4623676342 -0.1928473353
-0.1680523609 -0.2786531992 0.3914026647
0.0598018057 -0.4072636158 -0.1915140019
-0.0207815276 -0.4528823658 0.4363797481
-0.0826773609 -0.2917781992 0.2139943314
-0.2097190276 0.2493259675 0.0452734981
-0.0820523609 -0.2776740325 0.1968943314
0.0964893057 -0.4044219492 -0.1917910853
0.0928830557 -0.4047011158 -0.1908098353
0.0756351391 -0.4060365325 -0.1860952519
-0.0191773609 -0.4471740325 0.4197464147
-0.0006565276 -0.4475281992 0.4206214147
-0.1254898609 0.4945134675 -0.1882265019
-0.1676148609 -0.2638823658 0.3965359981
-0.0797398609 -0.2676323658 0.1818818314
-0.2796981943 0.2230343008 -0.0163973353
-0.0422190276 -0.3008198658 0.2151651647
-0.2574898609 0.2313676342 0.0032589147
0.3125934724 -0.1121531992 -0.3650181686
0.3111726391 -0.0999281992 -0.3669556686
-0.0282606943 -0.0916115325 0.5933880814
-0.2647190276 0.2645759675 -0.0106035853
-0.2518648609 0.2703051342 0.0028109981
0.3019372224 -0.1145886158 -0.3669556686
-0.0655523609 -0.1124240325 0.5833151647
-0.0407190276 -0.2730281992 0.1789214147
-0.0418856943 -0.2826115325 0.1934443314
-0.0423023609 -0.2920281992 0.2054755814
-0.1900523609 -0.2920490325 0.3641026647
-0.1964065276 -0.2711531992 0.3729839147
0.2986538891 -0.1183906992 -0.3669556686
0.1037184724 -0.4038615325 -0.1932619186
0.0599413891 -0.4072531992 -0.1673806686
0.0604684724 -0.4072115325 -0.1688660853
-0.2729690276 0.2610968008 -0.0186327519
0.0964768057 -0.4044219492 -0.1492452519
0.0945518057 -0.4045719492 -0.1481494186
-0.1800523609 -0.2954865325 0.3746651647
0.0879351391 -0.4050844492 -0.1425015019
-0.0181356943 -0.4380281992 0.4109089147
0.0817351391 -0.4055656992 -0.1344619186
0.0806768057 -0.4056469492 -0.1329473353
0.0864476391 -0.4051990325 -0.1412265019
-0.0550940276 -0.1225073658 0.5833151647
-0.2273856943 0.4484718008 -0.1685285853
-0.0429898609 -0.1306948658 0.5833151647
-0.1969065276 -0.2521115325 0.3298193314
-0.0006565276 -0.4347365325 0.4086943314
-0.2252190276 0.4533259675 -0.1410994186
-0.1912815276 -0.2567781992 0.3100130814
0.3993226391 -0.1558406992 -0.2748765019
0.4062809724 -0.1604865325 -0.2528140019
0.4029684724 -0.1907990325 -0.2448702519
-0.0570731943 -0.4278406992 0.4442797481
-0.2790315276 0.2915759675 -0.0300473353
-0.0638856943 -0.4311323658 0.4407026647
-0.0410940276 -0.2859448658 0.1533026647
0.1037184724 -0.4038615325 -0.1533827519
-0.0433856943 -0.4271323658 0.4486651647
-0.1942398609 -0.2586323658 0.3297339147
-0.0439273609 -0.4192365325 0.4463026647
-0.0817398609 -0.2771948658 0.1503859981
-0.0404106943 -0.2713802825 0.1754380814
-0.0445752776 -0.2704615325 0.1751734981
-0.0307190276 -0.4292781992 0.4515839147
-0.3003023609 0.2169718008 -0.0261702519
-0.2851565276 0.2569718008 -0.0264056686
-0.2505523609 0.4307843008 -0.1495119186
-0.2858440276 0.2210551342 -0.0205056686
-0.1952606943 -0.2736115325 0.3396984981
0.3901976391 -0.1791948658 -0.2847785853
-0.0507356943 -0.2691386158 0.1748568314
0.3924684724 -0.1501948658 -0.2931473353
0.3967184724 -0.1854448658 -0.2665494186
-0.1898440276 -0.2895281992 0.3362068314
0.3864059724 -0.2040073658 -0.2770265019
0.3926559724 -0.2110490325 -0.2588410853
-0.0740106943 -0.1007156992 0.5833151647
0.3827601391 -0.1731531992 -0.2999410853
-0.0307398609 -0.4206531992 0.4490922481
-0.1929898609 -0.2934448658 0.3525193314
0.3794059724 -0.1966740325 -0.2920390019
-0.2699898609 0.4119301342 -0.1564327519
-0.3043231943 0.2516384675 -0.0350515019
-0.3106356943 0.2147218008 -0.0303452519
-0.1117106943 -0.1249240325 0.5629005814
-0.1107440276 -0.1271073658 0.5625818314
-0.1893231943 -0.2671740325 0.3283693314
-0.1870731943 -0.2664656992 0.3124422481
-0.1831981943 -0.2736323658 0.3131859981
-0.1108836109 -0.1139761158 0.5667234981
-0.1109086109 -0.1134531992 0.5668526647
-0.0398231943 -0.2714636158 0.1755464147
-0.1106023609 -0.1211261158 0.5649026647
-0.0788481943 -0.2632094492 0.1732505814
-0.0351981943 -0.4419865325 0.4486026647
-0.0381981943 -0.4462365325 0.4442359981
-0.2795731943 0.3990134675 -0.1409931686
-0.0782481943 -0.2633906992 0.1732005814
-0.0324690276 -0.4363615325 0.4512214147
-0.2139898609 0.1707634675 0.0492776647
-0.2151148609 0.1337426342 0.0588172481
-0.1079273609 -0.1196323658 0.5668526647
-0.0460731943 -0.4332573658 0.4482609981
-0.0507606943 -0.4379865325 0.4453005814
-0.2520731943 0.4226593008 -0.1972119186
-0.2709481943 0.4064301342 -0.1988306686
-0.0838211109 -0.2612511158 0.1728276647
-0.1882190276 -0.2760906992 0.3308839147
-0.1824481943 0.1435759675 0.0773651647
-0.1813856943 0.1808259675 0.0691464147
-0.1127252776 -0.2501219492 0.1706776647
-0.1462190276 0.1910134675 0.0879068314
-0.1042544443 -0.2533531992 0.1713547481
0.1812393057 -0.1440906992 0.5001151647
-0.1789690276 -0.2767990325 0.3237714147
-0.0647606943 -0.4193198658 0.4395734981
-0.1795940276 -0.2807156992 0.3245380814
0.1869893057 -0.1503615325 0.4905755814
0.0093809724 -0.4111698658 -0.0719869186
0.2127809724 -0.1009656992 0.1305172481
0.0118434724 -0.4109781992 -0.0717994186
-0.2524065276 0.4274926342 -0.1735973353
0.0117393057 -0.4109865325 -0.1004890019
0.0009101391 -0.4118261158 -0.1019973353
0.1472184724 -0.1568198658 0.5238151647
0.2282184724 -0.0994656992 0.1140151647
0.0242559724 -0.4100177825 -0.0724952519
-0.1470731943 0.1543468008 0.0949755814
0.0384976391 -0.4089136158 -0.0747306686
0.0410726391 -0.4087136158 -0.0751910853
-0.1703648609 -0.2834240325 0.3203839147
0.1634059724 -0.1529240325 0.5123797481
0.1714893057 -0.1607990325 0.5001359981
0.0269268057 -0.4098094492 -0.0726452519
0.0212393057 -0.4102511158 -0.1011869186
0.1587809724 -0.1730073658 0.5042672481
-0.0400731943 -0.4509865325 0.4279672481
0.0316768057 -0.4094427825 -0.1033806686
0.0230038891 -0.4101136158 -0.1015619186
0.3737393057 -0.2150281992 -0.2869077519
-0.1761356943 -0.2930490325 0.3232172481
0.2047809724 -0.1788823658 0.1260464147
-0.0408023609 -0.4508406992 0.4335047481
0.0347643057 -0.4092031992 -0.1044098353
0.0495309724 -0.4080594492 -0.1093556686
-0.0404065276 -0.4491740325 0.4389339147
-0.2273231943 0.4421593008 -0.1951473353
0.0032601391 -0.4116427825 -0.1950973353
0.0016705557 -0.4117677825 -0.1949869186
-0.2568648609 0.0500134675 0.0612026647
-0.0590106943 -0.4476948658 0.4221526647
0.1519684724 -0.1643615325 0.5160443314
0.0277184724 -0.4097490325 -0.1726119186
0.0258101391 -0.4098969492 -0.1705910853
-0.0606773609 -0.4467573658 0.4279026647
0.0279205557 -0.4097344492 -0.1730598353
-0.1765731943 -0.2841740325 0.3121214147
0.0290518057 -0.4096448658 -0.1755515019
-0.2203856943 0.0594509675 0.0820297481
0.0294893057 -0.4096115325 -0.1790452519
0.0291184724 -0.4096406992 -0.1760827519
0.1467809724 -0.2051115325 0.4950901647
-0.2167815276 0.0969093008 0.0706359981
-0.2840940276 0.3781384675 -0.1073473353
0.0268851391 -0.4098136158 -0.1878181686
0.0290955557 -0.4096427825 -0.1803640019
-0.0603440276 -0.4444865325 0.4338026647
-0.1735523609 -0.2878615325 0.3168714147
0.0257622224 -0.4099011158 -0.1885765019
-0.1706981943 -0.2864448658 0.3200859981
0.0192601391 -0.4104031992 -0.1929369186
-0.1894898609 0.0663884675 0.1002568314
0.0169768057 -0.4105802825 -0.1932452519
-0.1518231943 0.0726593008 0.1233193314
0.1654684724 -0.1800073658 0.4924276647
0.0552976391 -0.4076115325 -0.2009056686
0.1437601391 -0.2013615325 0.4943234981
-0.0562815276 -0.4416531992 0.4400422481
0.0544684724 -0.4076761158 -0.2026348353
-0.3094481943 0.3783259675 -0.1610535853
-0.2876773609 0.3912426342 -0.1444015019
0.0456559724 -0.4083594492 -0.2116723353
-0.1721565276 -0.2859865325 0.3193401647
-0.2961565276 0.3843676342 -0.1454452519
0.1460518057 -0.1831115325 0.5086964147
-0.2865731943 0.3961384675 -0.1619265019
-0.1842606943 0.1057426342 0.0890130814
0.0122393057 -0.4109490325 -0.1635452519
0.3864476391 -0.2321948658 -0.2531556686
0.0134913891 -0.4108511158 -0.1641056686
-0.1643586109 -0.2935177825 0.3174568314
-0.0571148609 -0.4465073658 0.4163818314
0.3668643057 -0.2604240325 -0.2512806686
0.0069476391 -0.4113573658 -0.1296098353
0.0057518057 -0.4114511158 -0.1290431686
0.3773851391 -0.2483823658 -0.2509827519
-0.1667065276 -0.2888219492 0.3187693314
-0.0374273609 -0.4458406992 0.4165734981
-0.1669606943 -0.2892073658 0.3186130814
0.0206559724 -0.4102969492 -0.1673119186
-0.2892190276 0.3832218008 -0.1270244186
0.0213830557 -0.4102406992 -0.1677494186
0.0254684724 -0.4099240325 -0.1702244186
0.0163997224 -0.4106261158 -0.1330848353
0.1364476391 -0.1371115325 0.5393401647
0.0300643057 -0.4095677825 -0.1384660853
0.0323643057 -0.4093886158 -0.1393765019
0.1195518057 -0.1575281992 0.5415755814
0.1053434724 -0.1535281992 0.5524589147
0.0181768057 -0.4104886158 -0.1337410853
-0.1485523609 0.1168884675 0.1064964147
0.0436559724 -0.4085136158 -0.1454202519
-0.1657690276 -0.2907906992 0.3181026647
0.0504955557 -0.4079844492 -0.1509556686
-0.2962190276 0.3877634675 -0.1635452519
-0.1669627776 -0.2892177825 0.3186089147
0.1324476391 -0.1641115325 0.5305234981
-0.0360523609 -0.4404031992 0.4108464147
0.0563934724 -0.4075281992 -0.1585952519
0.0573018057 -0.4074573658 -0.1599035853
0.0518643057 -0.4078781992 -0.1520660853
0.3516143057 -0.2721740325 -0.2541994186
-0.0531148609 -0.4378406992 0.4048630814
0.1315851391 -0.4080052825 -0.2222848353
0.1207809724 -0.4099823658 -0.2230952519
-0.2403440276 0.1996384675 0.0232964147
-0.2433440276 0.1250134675 0.0416318314
-0.2871565276 0.3928884675 -0.1999806686
-0.3025940276 0.3819093008 -0.1980869186
0.1549622224 -0.4049011158 -0.2159306686
-0.1629481943 -0.2900073658 0.3180005814
-0.2422815276 0.1617009675 0.0304734981
0.3178851391 -0.2931531992 -0.2642494186
0.1049934724 -0.1367365325 0.5613234981
0.1021768057 -0.1430886158 0.5603984981
0.1008997224 -0.1499573658 0.5577839147
0.3802601391 -0.2241948658 -0.2716181686
0.1390976391 -0.4067219492 -0.2213056686
0.1369268057 -0.4070136158 -0.2218848353
-0.0735315276 -0.4206531992 0.4349734981
0.1528934724 -0.4050177825 -0.2170806686
-0.0831148609 -0.4210490325 0.4278818314
0.1509684724 -0.4051281992 -0.2181452519
-0.3108440276 0.3782426342 -0.1780056686
0.3279059724 -0.2696323658 -0.2807744186
-0.3002815276 0.3855134675 -0.1807723353
0.1007768057 -0.1530823658 0.5563901647
0.0903434724 -0.4048969492 -0.2201077519
0.0743643057 -0.4061365325 -0.2149390019
-0.2789898609 0.1499093008 0.0049193314
-0.2645315276 0.1544509675 0.0149714147
-0.2621981943 0.1920343008 0.0061130814
0.3433018057 -0.2610490325 -0.2759827519
-0.2808648609 0.1857634675 -0.0083035853
0.3532601391 -0.2369656992 -0.2899952519
0.0903663891 -0.1757323658 0.5497234981
-0.1623231943 -0.3024656992 0.3137193314
0.0926643057 -0.4047177825 -0.2204723353
0.0908059724 -0.1738261158 0.5505880814
0.1037184724 -0.4038615325 -0.2222265019
-0.1614773609 -0.2996469492 0.3158297481
0.3597184724 -0.2502990325 -0.2717035853
0.0934455557 -0.1649552825 0.5541672481
0.0924018057 -0.1668740325 0.5537443314
-0.1599086109 -0.3024490325 0.3152443314
0.3708643057 -0.2392781992 -0.2702973353
0.0356122224 -0.4091365325 -0.2172390019
0.0339268057 -0.4092677825 -0.2181702519
0.0218101391 -0.4102073658 -0.2213931686
0.0995934724 -0.1549990325 0.5560297481
0.0198851391 -0.4103552825 -0.2219056686
0.0037601391 -0.4116052825 -0.2231056686
-0.0944273609 -0.4186115325 0.4174693314
0.3645309724 -0.2279240325 -0.2869494186
0.0613643057 -0.1634656992 0.5668526647
-0.0962815276 -0.4323823658 0.4039672481
-0.1009898609 -0.4248198658 0.4058839147
0.0790518057 -0.1515073658 0.5668526647
0.1037184724 -0.4038615325 -0.1199306686
0.0943434724 -0.1367365325 0.5668526647
-0.2660106943 0.0825759675 0.0418443314
-0.1680731943 -0.2963406992 0.3186380814
0.3018226391 -0.2835073658 -0.2894848353
0.3849684724 -0.1447365325 -0.3082452519
0.3759893057 -0.1406531992 -0.3207244186
0.3737184724 -0.1689656992 -0.3123765019
-0.0718856943 -0.4336115325 0.4344193314
0.1149893057 -0.1795490325 0.5335276647
-0.0822815276 -0.4351948658 0.4242609981
-0.0768648609 -0.4426323658 0.4128484981
0.3324059724 -0.1734865325 -0.3395285853
0.3623434724 -0.1683198658 -0.3224910853
0.3525934724 -0.1393823658 -0.3396556686
-0.0794690276 -0.4406323658 0.4184276647
0.3647601391 -0.1391115325 -0.3311577519
-0.0744065276 -0.4420490325 0.4071193314
-0.2023440276 -0.2251531992 0.3770505814
0.3709268057 -0.1920073658 -0.3039015019
-0.0719481943 -0.4390698658 0.4013484981
-0.2014273609 -0.2271531992 0.3769443314
0.0715122224 -0.2103302825 0.5327693314
0.0705476391 -0.2102969492 0.5331651647
0.0590955557 -0.2099198658 0.5378693314
0.3140726391 -0.2075490325 -0.3344390019
0.3249893057 -0.2039865325 -0.3301160853
0.0773830557 -0.2050406992 0.5350089147
-0.0931148609 -0.4355281992 0.3992609981
0.3482393057 -0.1968198658 -0.3194473353
0.3358851391 -0.2006323658 -0.3253869186
0.3546351391 -0.2162156992 -0.3034973353
0.0952476391 -0.1987323658 0.5319943314
0.0931538891 -0.1998677825 0.5319943314
0.3602393057 -0.1930073658 -0.3126744186
0.0871997224 -0.1981240325 0.5364214147
0.0801747224 -0.1982427825 0.5397109981
0.0967934724 -0.1976448658 0.5319943314
0.0980226391 -0.1965740325 0.5319943314
0.0973913891 -0.1960990325 0.5326859981
0.0975955557 -0.1962531992 0.5324630814
0.3204476391 -0.1444865325 -0.3553931686
0.3408226391 -0.1407156992 -0.3462785853
-0.2009273609 -0.2226740325 0.3903609981
0.0911643057 -0.1829177825 0.5455755814
0.0888851391 -0.1864365325 0.5445151647
0.0962205557 -0.1980740325 0.5319943314
0.3018851391 -0.2118198658 -0.3382285853
0.0959018057 -0.1983240325 0.5319943314
-0.0167815276 -0.4186948658 0.3950026647
0.2949268057 -0.1512156992 -0.3613765019
-0.2060940276 -0.2361115325 0.3611214147
0.2741143057 -0.1568406992 -0.3669556686
-0.2054898609 -0.2320698658 0.3618672481
-0.2049481943 -0.2282781992 0.3625068314
0.3131143057 -0.1784656992 -0.3474494186
-0.0006565276 -0.4191740325 0.3959401647
0.3043643057 -0.1811531992 -0.3497910853
0.0783309724 -0.1926886158 0.5449464147
0.0772622224 -0.1938990325 0.5445151647
0.2909268057 -0.1853406992 -0.3529869186
0.0837934724 -0.1898823658 0.5445151647
0.0786184724 -0.1923656992 0.5450630814
0.0151143057 -0.4126948658 0.3900609981
0.0855955557 -0.1942073658 0.5402609981
0.2701976391 -0.1917365325 -0.3598223353
0.2860955557 -0.1348615325 -0.3669556686
-0.2031773609 -0.2364656992 0.3743672481
0.2600288891 -0.1794281992 -0.3669556686
0.2527351391 -0.1966948658 -0.3669556686
0.2473143057 -0.2034886158 -0.3669556686
0.2429184724 -0.2077136158 -0.3669556686
0.3312184724 -0.2269448658 -0.3132285853
0.3198851391 -0.2538198658 -0.3014952519
0.0467809724 -0.4145906992 0.3863984981
0.2000934724 -0.3882177825 -0.0808723353
0.2000934724 -0.3859844492 -0.0735660853
-0.2063231943 -0.2232156992 0.3624839147
0.1724851391 -0.3969490325 -0.0798994186
0.2677393057 -0.2237573658 -0.3476202519
0.3125101391 -0.2342990325 -0.3202973353
-0.2049690276 -0.2258615325 0.3627609981
0.0473226391 -0.4289656992 0.3219401647
0.2000934724 -0.3928948658 -0.0974265019
0.2000934724 -0.3926906992 -0.0961535853
0.2410934724 -0.2618406992 -0.3415723353
0.0198018057 -0.4214865325 0.3246859981
0.1776559724 -0.3957615325 -0.0816119186
0.2681976391 -0.2519865325 -0.3340765019
0.1427184724 -0.1766115325 0.5161505814
0.2889893057 -0.2437573658 -0.3277306686
0.1320934724 -0.1787990325 0.5227505814
0.2455518057 -0.2869448658 -0.3249619186
0.2729893057 -0.2754656992 -0.3168910853
0.1162809724 -0.4007261158 -0.1258848353
0.1345934724 -0.1932990325 0.5102943314
0.3008018057 -0.2627365325 -0.3078410853
0.1153809724 -0.4009511158 -0.1252619186
0.0465518057 -0.4130281992 0.3246443314
0.1220309724 -0.1915073658 0.5213026647
0.1119684724 -0.4018031992 -0.1228910853
0.1097809724 -0.4023490325 -0.1202265019
0.1115205557 -0.4019156992 -0.1223410853
-0.2034065276 -0.2600490325 0.3542859981
0.1084476391 -0.4026823658 -0.1169910853
0.1083580557 -0.4027031992 -0.1162577519
-0.2055731943 -0.2495698658 0.3576505814
0.0554476391 -0.4388823658 0.3121005814
0.1080101391 -0.4027906992 -0.1133702519
0.1117497224 -0.4018573658 -0.0735973353
0.1145101391 -0.4011698658 -0.0728452519
0.0546559724 -0.4350073658 0.3176797481
0.0274476391 -0.4511115325 0.3104401647
0.2249476391 0.3332634675 -0.3294348353
-0.2044690276 -0.2527781992 0.3687234981
0.2019893057 0.3402009675 -0.3380160853
-0.2045731943 -0.2446115325 0.3717047481
0.1100726391 -0.4022761158 -0.1062577519
0.1084309724 -0.4026865325 -0.1119244186
0.0414684724 -0.4458823658 0.3112922481
0.1321559724 -0.2056323658 0.5065026647
0.2255518057 0.3560968008 -0.3148035853
0.1254976391 -0.3984281992 -0.0719827519
0.2027393057 0.3644926342 -0.3233640019
0.1069268057 -0.2148198658 0.5095901647
0.1166559724 -0.2115073658 0.5111234981
0.0271976391 -0.4471531992 0.3164443314
0.0410101391 -0.4419448658 0.3170839147
0.0269893057 -0.4371531992 0.3214484981
0.1754684724 0.3733884675 -0.3321598353
0.1194893057 -0.2159865325 0.5082922481
0.1401247224 -0.3947781992 -0.0723410853
0.1288851391 -0.3975823658 -0.0717223353
0.1112872224 -0.4019740325 -0.1054098353
0.1158851391 -0.4008261158 -0.1022181686
0.1287809724 -0.3976094492 -0.1004098353
0.1187122224 -0.4001198658 -0.1018223353
0.2056559724 0.3104301342 -0.3506015019
0.1437393057 0.3545343008 -0.3544973353
0.1382809724 -0.3952386158 -0.1010994186
0.1746351391 0.3475551342 -0.3467890019
0.1408559724 -0.3945969492 -0.1016431686
0.1776351391 0.3170343008 -0.3585869186
-0.0074898609 -0.4233198658 0.3246005814
0.1460726391 0.3233259675 -0.3655723353
0.1468413891 0.3175030508 -0.3669556686
0.1542726391 -0.3912490325 -0.0744015019
0.1581143057 -0.3902906992 -0.0750827519
0.1439476391 -0.3938240325 -0.0725515019
0.0134059724 -0.4544240325 0.3097797481
-0.0006565276 -0.4555906992 0.3094818314
0.0133018057 -0.4504448658 0.3159130814
-0.0006565276 -0.4516115325 0.3157005814
0.1083226391 -0.2064448658 0.5176609981
-0.0147190276 -0.4544240325 0.3097797481
0.1486976391 -0.3926386158 -0.1032827519
0.1006768057 -0.2191740325 0.5086547481
0.1628059724 0.3014384675 -0.3669556686
-0.0146148609 -0.4504448658 0.3159130814
-0.0145315276 -0.4402573658 0.3211297481
0.1533768057 -0.3914719492 -0.1048390019
0.1145518057 -0.2088615325 0.5106984981
0.1426205557 0.3199863842 -0.3669556686
0.1363434724 0.3248280508 -0.3669556686
0.1113830557 0.3390863842 -0.3669556686
0.1102393057 0.3603884675 -0.3599077519
0.0923768057 0.3459801342 -0.3669556686
0.0747601391 0.3648468008 -0.3633785853
0.0751518057 0.3534384675 -0.3669556686
0.1188747224 0.3342488842 -0.3669556686
0.1220934724 -0.2007990325 0.5135297481
0.1776559724 -0.3854136158 -0.0815515019
-0.0655106943 -0.4215490325 0.3859943314
0.0636476391 0.3557780508 -0.3669556686
-0.0694273609 -0.4338406992 0.3956630814
0.1665518057 -0.3881844492 -0.1092369186
0.2123643057 0.2763259675 -0.3611202519
-0.0491356943 -0.4205698658 0.3910193314
0.2242143057 0.2458072175 -0.3669556686
0.2176268057 0.2528905508 -0.3669556686
0.1827205557 0.2861905508 -0.3669556686
0.2000934724 -0.3940781992 -0.2040640019
-0.1078856943 -0.4264448658 0.3836943314
0.1845393057 0.2841968008 -0.3669556686
0.1298226391 -0.2022781992 0.5056297481
-0.1051565276 -0.4271323658 0.3786693314
0.1874018057 0.2817655508 -0.3669556686
0.2038538891 0.2641947175 -0.3669556686
0.1320101391 -0.2103406992 0.5045651647
0.1430268057 -0.3940552825 -0.1706890019
-0.1110315276 -0.4226531992 0.3877193314
0.0379684724 0.3677218008 -0.3651890019
0.1421872224 -0.3942636158 -0.1888869186
0.0380663891 0.3619030508 -0.3669556686
0.1363018057 -0.3957323658 -0.1928535853
0.1203018057 -0.3997240325 -0.1950265019
0.1328913891 -0.3965823658 -0.1933160853
0.0005101391 0.3687634675 -0.3656785853
-0.0815731943 -0.4209656992 0.3771151647
0.1418851391 -0.2114656992 0.4967068314
0.0315309724 0.3623051342 -0.3669556686
0.1086143057 -0.4026406992 -0.1942515019
0.0005101391 0.3645155508 -0.3669556686
0.1180351391 -0.4002906992 -0.1948744186
0.1064351391 -0.4031844492 -0.1938119186
-0.1023440276 -0.4250490325 0.3732818314
0.1292809724 -0.3974844492 -0.1634660853
0.1173643057 -0.4004573658 -0.1590535853
0.1311184724 -0.3970261158 -0.1642869186
-0.0737398609 0.3648468008 -0.3633785853
-0.0953648609 -0.4137573658 0.3629755814
0.1073184724 -0.4029636158 -0.1550348353
-0.0741315276 0.3534384675 -0.3669556686
-0.0990106943 -0.4205490325 0.3681484981
-0.1092190276 0.3603884675 -0.3599077519
0.1376976391 -0.3953844492 -0.1672244186
-0.0913565276 0.3459801342 -0.3669556686
-0.1103648609 0.3390863842 -0.3669556686
0.1049476391 -0.4035552825 -0.1540827519
0.1387913891 -0.3951115325 -0.1678806686
0.1400518057 -0.2017365325 0.4974526647
0.1425101391 -0.3941823658 -0.1701306686
-0.0369481943 0.3677218008 -0.3651890019
-0.0370461109 0.3619030508 -0.3669556686
0.1239893057 -0.3988031992 -0.1295369186
0.1326351391 -0.3966469492 -0.1327119186
-0.0626273609 0.3557780508 -0.3669556686
-0.0903648609 -0.4356740325 0.3938943314
-0.0305106943 0.3623051342 -0.3669556686
0.1351976391 -0.3960073658 -0.1336577519
0.1223184724 -0.3992198658 -0.1287452519
-0.0876773609 -0.4331115325 0.3882734981
0.0760309724 -0.2153406992 0.5259672481
0.0929476391 -0.2111531992 0.5220484981
0.1447393057 -0.3936261158 -0.1725181686
0.1450497224 -0.3935490325 -0.1732056686
-0.0694273609 -0.4265906992 0.3180422481
-0.0618440276 -0.4217365325 0.3220880814
0.1460726391 -0.3932948658 -0.1754577519
0.1465101391 -0.3931844492 -0.1789494186
-0.2787815276 0.3745343008 -0.2541556686
0.1461747224 -0.3932677825 -0.1762744186
-0.2828856943 0.3498676342 -0.2788785853
0.1439059724 -0.3938344492 -0.1877244186
0.1459038891 -0.3933365325 -0.1809869186
-0.2462190276 0.3653468008 -0.2922535853
-0.2577398609 0.3598676342 -0.2882056686
-0.0567815276 -0.4388823658 0.3121005814
0.1027393057 -0.2213198658 0.5089734981
-0.0559898609 -0.4350073658 0.3176797481
-0.2641148609 0.3708884675 -0.2724910853
-0.0287606943 -0.4511115325 0.3104401647
0.1018018057 -0.2321948658 0.5000943314
-0.0285315276 -0.4471531992 0.3164443314
0.1071143057 -0.2233615325 0.5066318314
-0.0427815276 -0.4458823658 0.3112922481
-0.0423231943 -0.4419448658 0.3170839147
-0.0351356943 -0.4346948658 0.3216193314
0.1225101391 -0.2226323658 0.4986880814
-0.1450523609 0.3233259675 -0.3655723353
-0.1766148609 0.3170343008 -0.3585869186
-0.1416023609 0.3199863842 -0.3669556686
-0.1458231943 0.3175030508 -0.3669556686
-0.1427190276 0.3545343008 -0.3544973353
-0.1736148609 0.3475551342 -0.3467890019
-0.0707190276 -0.4303198658 0.3126755814
-0.0841356943 -0.4203615325 0.3130172481
0.1459226391 -0.3933323658 -0.1379098353
0.1493851391 -0.3924677825 -0.1392765019
-0.0824273609 -0.4167573658 0.3181484981
0.0880934724 -0.2468615325 0.4861234981
-0.1353231943 0.3248280508 -0.3669556686
-0.1155523609 -0.4148615325 0.3893172481
-0.1617856943 0.3014384675 -0.3669556686
0.0928226391 -0.2336948658 0.4999651647
0.0993226391 -0.2441948658 0.4866568314
-0.1178544443 0.3342488842 -0.3669556686
0.1782497224 -0.3852656992 -0.1759848353
0.1785309724 -0.3851969492 -0.1787327519
-0.1213023609 -0.4153615325 0.3684047481
0.1772851391 -0.3855073658 -0.1879681686
-0.1235940276 -0.4120906992 0.3729193314
0.1728997224 -0.3866011158 -0.1996035853
0.1715101391 -0.3869469492 -0.2025160853
-0.1744481943 0.3733884675 -0.3321598353
-0.1188648609 -0.4161740325 0.3633359981
0.1768226391 -0.3856219492 -0.1913890019
0.1626768057 -0.3891511158 -0.2115598353
0.0759268057 -0.2269031992 0.5130630814
-0.1159690276 -0.4145906992 0.3581839147
-0.2009690276 0.3402009675 -0.3380160853
0.1606768057 -0.3896511158 -0.1453098353
-0.2017190276 0.3644926342 -0.3233640019
0.1667101391 -0.3881448658 -0.1501723353
0.0790309724 -0.2384031992 0.4970693314
-0.2245315276 0.3560968008 -0.3148035853
0.1728455557 -0.3866136158 -0.1576452519
-0.2420731943 0.3491593008 -0.3076702519
0.1689059724 -0.3875969492 -0.1519494186
0.1766330557 -0.3856698658 -0.1662785853
0.1775101391 -0.3854511158 -0.1687369186
0.1743226391 -0.3862469492 -0.1597806686
0.0783018057 -0.4166531992 0.2966401647
0.0672601391 -0.4149448658 0.2917630814
0.0852184724 -0.2448823658 0.4846109981
0.0880726391 -0.4152156992 0.3020922481
0.2002226391 -0.3892844492 -0.2210619186
-0.2281773609 0.3042009675 -0.3427640019
0.0624476391 -0.4253615325 0.2956609981
0.0741351391 -0.4247573658 0.3011984981
-0.2239273609 0.3332634675 -0.3294348353
-0.2463231943 0.2990134675 -0.3361848353
0.0904059724 -0.2317365325 0.4992839147
0.2237309724 -0.3784906992 -0.2209994186
-0.2666148609 0.3193051342 -0.3123765019
0.0849476391 -0.4197781992 0.3073943314
0.2000934724 -0.3893240325 -0.2210619186
-0.2658023609 0.2932843008 -0.3292202519
0.0712809724 -0.4295073658 0.3067984981
0.0961143057 -0.2252573658 0.5043526647
0.1399413891 -0.3948240325 -0.2210119186
0.1369268057 -0.3955761158 -0.2218181686
0.1207809724 -0.3996052825 -0.2230348353
-0.2046356943 0.3104301342 -0.3506015019
0.1044059724 -0.4036906992 -0.2223348353
0.1536976391 -0.3913906992 -0.2165556686
-0.1817002776 0.2861905508 -0.3669556686
-0.1835190276 0.2841968008 -0.3669556686
0.1509684724 -0.3920719492 -0.2180681686
-0.1863815276 0.2817655508 -0.3669556686
0.0589684724 -0.4332781992 0.3003672481
-0.2833231943 0.2890134675 -0.3214056686
-0.2777815276 0.2592218008 -0.3415723353
0.0370101391 -0.4141948658 0.2860568314
0.0182393057 -0.4165698658 0.2855255814
0.1914268057 -0.1570490325 0.4815672481
0.2049476391 -0.1517365325 0.4691526647
-0.2113440276 0.2763259675 -0.3611202519
-0.2357815276 0.2703468008 -0.3544556686
-0.2545940276 0.2653676342 -0.3488327519
-0.2773648609 0.2250759675 -0.3566056686
-0.2451148609 0.2331801342 -0.3642515019
0.0529684724 -0.4156740325 0.2888255814
0.0466143057 -0.4319656992 0.2946172481
-0.2339356943 0.2357530508 -0.3669556686
-0.2421877776 0.2273718008 -0.3669556686
-0.2479606943 0.2215072175 -0.3669556686
-0.2231606943 0.2458072175 -0.3669556686
0.2024684724 -0.1721740325 0.4565880814
-0.2165815276 0.2528905508 -0.3669556686
-0.2028106943 0.2641947175 -0.3669556686
0.2147809724 -0.1515490325 0.4539693314
0.2246143057 -0.1379240325 0.4428526647
0.0308434724 -0.4365906992 0.2936797481
0.0290309724 -0.4448615325 0.2983234981
0.0439476391 -0.4400073658 0.2993234981
0.2053643057 -0.1615073658 0.4616130814
-0.2912606943 0.3686384675 -0.2505140019
-0.3114481943 0.3573051342 -0.2436369186
-0.3004065276 0.3644718008 -0.2470223353
0.0567809724 -0.4380490325 0.3060734981
0.0279684724 -0.4500281992 0.3041568314
-0.3176773609 0.3396176342 -0.2567119186
0.0423434724 -0.4449240325 0.3051380814
-0.2992190276 0.3419718008 -0.2727681686
-0.3052606943 0.3509509675 -0.2586494186
0.2012601391 -0.1832156992 0.4463651647
0.1953226391 -0.1842990325 0.4549276647
-0.0006565276 -0.4292781992 0.2889318314
-0.2845106943 0.3615343008 -0.2661452519
-0.0195523609 -0.4165698658 0.2855255814
0.1585309724 -0.2096531992 0.4793318314
0.0150934724 -0.4392781992 0.2929776647
-0.2949690276 0.3290551342 -0.2863327519
-0.3116981943 0.3315759675 -0.2704473353
0.0141559724 -0.4478198658 0.2975568314
-0.3003023609 0.3075134675 -0.2976619186
-0.3189065276 0.3062634675 -0.2838410853
-0.0006565276 -0.4488198658 0.2972359981
-0.3302815276 0.3219718008 -0.2580744186
-0.3241773609 0.3151384675 -0.2715973353
-0.0006565276 -0.4401531992 0.2927005814
0.0136351391 -0.4532156992 0.3034130814
-0.0006565276 -0.4543198658 0.3030714147
-0.0154898609 -0.4478198658 0.2975568314
-0.0164065276 -0.4392781992 0.2929776647
-0.3216148609 0.2805343008 -0.3001535853
-0.3293648609 0.2845343008 -0.2901660853
-0.0149690276 -0.4532156992 0.3034130814
0.2000934724 -0.3789927825 -0.0735244186
-0.3187606943 0.2195343008 -0.3382077519
-0.3081981943 0.2544093008 -0.3264952519
-0.3198440276 0.2532843008 -0.3191265019
-0.3306356943 0.2535134675 -0.3103098353
0.2000934724 -0.3789927825 -0.2210015019
-0.3301981943 0.2194718008 -0.3303285853
-0.0685940276 -0.4149448658 0.2917630814
-0.2994690276 0.2852843008 -0.3134202519
-0.0637606943 -0.4253615325 0.2956609981
-0.0383231943 -0.4141948658 0.2860568314
-0.0542815276 -0.4156740325 0.2888255814
-0.2855731943 0.2230968008 -0.3544556686
-0.0479481943 -0.4319656992 0.2946172481
-0.2917606943 0.2219093008 -0.3522410853
-0.2632752776 0.2058843008 -0.3669556686
-0.2757315276 0.1920322175 -0.3669556686
-0.2794856943 0.1885197175 -0.3669556686
-0.3321773609 -0.3107365325 -0.2140577519
-0.2751461109 0.1926905508 -0.3669556686
-0.3060315276 -0.3360906992 -0.1043869186
-0.3276565276 0.1455134675 -0.3590119186
-0.3139273609 0.1830134675 -0.3559890019
-0.3071356943 -0.3366948658 -0.1928056686
-0.0580940276 -0.4380490325 0.3060734981
-0.3091773609 -0.3396115325 -0.1636098353
-0.3119273609 0.1459093008 -0.3668702519
-0.2996148609 0.1842218008 -0.3624410853
-0.3037711109 0.1581843008 -0.3669556686
-0.3116690276 0.1459384675 -0.3669556686
-0.3120231943 0.1450634675 -0.3669556686
-0.3088440276 -0.3394031992 -0.1340098353
-0.2982065276 0.1647072175 -0.3669556686
-0.0436565276 -0.4449240325 0.3051380814
-0.3303856943 0.1083676342 -0.3639744186
-0.2772815276 -0.3451281992 -0.0733244186
-0.2727315276 -0.3481740325 -0.0733431686
-0.2724273609 -0.3476948658 -0.0712744186
-0.3239815276 0.1085176342 -0.3669556686
-0.2772815276 -0.3545990325 -0.1020765019
-0.3277648609 0.0908384675 -0.3669556686
-0.2772815276 -0.3553386158 -0.1059869186
-0.2772815276 -0.3547136158 -0.1024265019
-0.2701794443 -0.3496427825 -0.0733515019
-0.2389231943 -0.3759740325 -0.1019765019
-0.2406148609 -0.3751531992 -0.1015994186
-0.2417398609 -0.3746448658 -0.1015952519
-0.3323523609 0.0616655508 -0.3669556686
-0.3315481943 0.0713301342 -0.3669556686
-0.3313315276 0.0726030508 -0.3669556686
0.2084476391 -0.2414240325 -0.3650181686
-0.2455731943 -0.3724802825 -0.1015827519
0.2087538891 -0.2370886158 -0.3669556686
0.2212268057 -0.2260886158 -0.3669556686
0.1719684724 -0.2815490325 -0.3556910853
0.1718330557 -0.2556990325 -0.3669556686
-0.2772815276 -0.3365844492 -0.0732744186
-0.2689481943 -0.3445906992 -0.0733223353
-0.2778023609 -0.3556740325 -0.1971285853
-0.2772815276 -0.3548073658 -0.2009660853
-0.2772815276 -0.3559615325 -0.1971869186
-0.2426086109 -0.3763490325 -0.1926931686
0.1764934724 -0.2525823658 -0.3669556686
-0.2440106943 -0.3791531992 -0.1676973353
-0.2442190276 -0.3753844492 -0.1930265019
0.1927913891 -0.2449761158 -0.3669556686
-0.2455731943 -0.3780677825 -0.1690577519
-0.2455731943 -0.3746136158 -0.1930223353
0.1457580557 -0.2650386158 -0.3669556686
-0.2772815276 -0.3560365325 -0.1966744186
-0.2438856943 -0.3788406992 -0.1336265019
-0.2455731943 -0.3779073658 -0.1351410853
0.2048518057 -0.2386469492 -0.3669556686
-0.2455731943 -0.3782719492 -0.1676181686
-0.2772815276 -0.3604073658 -0.1660160853
-0.2772815276 -0.3603802825 -0.1636244186
-0.2798023609 -0.3589865325 -0.1658869186
0.2086768057 -0.2721115325 -0.3491327519
-0.2795731943 -0.3587573658 -0.1341160853
0.2126976391 -0.2988823658 -0.3330973353
-0.2455731943 -0.3776198658 -0.1320348353
-0.2455731943 -0.3778906992 -0.1336494186
-0.2772815276 -0.3600469492 -0.1340848353
0.0895101391 -0.2943198658 -0.3629306686
0.0760059724 -0.2850094492 -0.3669556686
0.0895038891 -0.2832219492 -0.3669556686
0.1319684724 -0.2889656992 -0.3601848353
0.1125601391 -0.2762011158 -0.3669556686
0.1319247224 -0.2715948658 -0.3669556686
-0.3010523609 -0.3298615325 -0.0751702519
0.0454268057 -0.2975698658 -0.3643160853
0.0355601391 -0.2903886158 -0.3669556686
0.0454268057 -0.2900115325 -0.3669556686
0.0005101391 -0.2986531992 -0.3646556686
-0.2737190276 -0.3488823658 -0.2272181686
-0.2660273609 -0.3553406992 -0.2208640019
0.0005184724 -0.2920011158 -0.3669556686
-0.2745856943 -0.3503219492 -0.2208348353
-0.2772815276 -0.3484698658 -0.2208244186
-0.2689481943 -0.3445906992 -0.2208015019
-0.2772815276 -0.3365844492 -0.2207556686
-0.3028856943 -0.3307573658 -0.2211265019
-0.0444065276 -0.2975698658 -0.3643160853
-0.0345231943 -0.2903886158 -0.3669556686
-0.0443877776 -0.2900115325 -0.3669556686
-0.0884898609 -0.2943198658 -0.3629306686
-0.0749606943 -0.2850094492 -0.3669556686
-0.0884481943 -0.2832219492 -0.3669556686
-0.1114919443 -0.2762011158 -0.3669556686
-0.1546356943 -0.4059865325 -0.0919931686
-0.1844794443 -0.3970573658 -0.0947869186
-0.1774106943 -0.4008573658 -0.1046910853
-0.1751565276 -0.4020698658 -0.1078494186
-0.1716940276 -0.4047448658 -0.1177973353
-0.1892815276 -0.3941948658 -0.0903660853
-0.3323106943 -0.0381427825 -0.3669556686
-0.1856565276 -0.3961906992 -0.0931390019
-0.3265877776 -0.0665073658 -0.3669556686
-0.3252169443 -0.0707886158 -0.3669556686
-0.3263023609 -0.0743198658 -0.3663806686
-0.3237023609 -0.0747406992 -0.3669556686
-0.3301752776 -0.0489573658 -0.3669556686
-0.1701106943 -0.4059552825 -0.1223431686
-0.1689690276 -0.4068302825 -0.1256265019
-0.3115731943 -0.1121531992 -0.3650181686
-0.3203023609 -0.1102573658 -0.3630806686
-0.3136606943 -0.0931511158 -0.3669556686
-0.3101523609 -0.0999281992 -0.3669556686
-0.1952190276 -0.3806740325 -0.0857640019
-0.3009169443 -0.1145886158 -0.3669556686
-0.2383898609 -0.3679031992 -0.0734598353
-0.2374690276 -0.3683281992 -0.0734619186
-0.2277523609 -0.3731156992 -0.0744973353
-0.3267815276 -0.1091115325 -0.3609285853
-0.2976336109 -0.1183906992 -0.3669556686
-0.2246148609 -0.3746573658 -0.0748327519
-0.2175523609 -0.3781281992 -0.0755931686
-0.2052919443 -0.3851531992 -0.0801806686
-0.2000315276 -0.3881656992 -0.0821410853
-0.1992565276 -0.3887031992 -0.0827348353
-0.2046148609 -0.3944656992 -0.1209681686
-0.2139502776 -0.3885948658 -0.1106640019
-0.2730315276 -0.1568406992 -0.3669556686
-0.2174898609 -0.3863677825 -0.1067556686
-0.2691148609 -0.1917365325 -0.3598223353
-0.2588648609 -0.1794281992 -0.3669556686
-0.2174898609 -0.3697740325 -0.1066577519
-0.2406148609 -0.3584573658 -0.1014994186
-0.2515315276 -0.1966948658 -0.3669556686
-0.2128794443 -0.3720302825 -0.1117431686
-0.2046148609 -0.3760761158 -0.1208598353
-0.2416815276 -0.2077136158 -0.3669556686
-0.2460856943 -0.2034886158 -0.3669556686
-0.2455731943 -0.3560302825 -0.1014848353
-0.2374690276 -0.3599969492 -0.0734119186
-0.2254961109 -0.3658552825 -0.0746890019
-0.2061627776 -0.3753177825 -0.0797994186
-0.2000315276 -0.3783198658 -0.0820827519
-0.1309481943 -0.2889656992 -0.3601848353
-0.2175523609 -0.3697448658 -0.0755452519
-0.1754002776 -0.2525823658 -0.3669556686
-0.1707461109 -0.2556990325 -0.3669556686
-0.1709481943 -0.2815490325 -0.3556910853
-0.1344898609 -0.4118094492 -0.2048910853
-0.1901315276 -0.3968219492 -0.2042494186
-0.1980231943 -0.3927406992 -0.2100223353
-0.1660086109 -0.4042219492 -0.2047515019
-0.1743377776 -0.4044219492 -0.1832160853
-0.1754690276 -0.4036594492 -0.1864827519
-0.1767127776 -0.4030615325 -0.1881910853
-0.1558815276 -0.4112052825 -0.1744265019
-0.1637815276 -0.4057781992 -0.1980827519
-0.1916648609 -0.2449761158 -0.3669556686
-0.1690315276 -0.4080136158 -0.1677452519
-0.1690523609 -0.4079802825 -0.1679556686
-0.1308481943 -0.2715948658 -0.3669556686
-0.1561148609 -0.4114865325 -0.1293890019
-0.1685315276 -0.4076719492 -0.1301285853
-0.1669690276 -0.4083761158 -0.1462119186
-0.1446690276 -0.2650386158 -0.3669556686
-0.1681315276 -0.4081865325 -0.1583473353
-0.1842627776 -0.3993781992 -0.1985598353
-0.1864273609 -0.3983198658 -0.2015369186
-0.2073023609 -0.2414240325 -0.3650181686
-0.1687127776 -0.4080740325 -0.1644181686
-0.2075627776 -0.2370886158 -0.3669556686
-0.2400731943 -0.2618406992 -0.3415723353
-0.2198919443 -0.2260886158 -0.3669556686
-0.2036669443 -0.2386469492 -0.3669556686
-0.2076565276 -0.2721115325 -0.3491327519
-0.2667190276 -0.2237573658 -0.3476202519
-0.2671773609 -0.2519865325 -0.3340765019
-0.2719690276 -0.2754656992 -0.3168910853
-0.2445315276 -0.2869448658 -0.3249619186
-0.1952190276 -0.3806740325 -0.2078931686
-0.1970398609 -0.3797823658 -0.2092265019
-0.2116773609 -0.2988823658 -0.3330973353
-0.2001294443 -0.3916511158 -0.2115619186
-0.2014481943 -0.3907615325 -0.2125223353
-0.2040711109 -0.3969552825 -0.1683952519
-0.2043586109 -0.3966177825 -0.1699140019
-0.2283440276 -0.3831490325 -0.1897348353
-0.2082023609 -0.3939927825 -0.1765098353
-0.2049690276 -0.3959052825 -0.1731244186
-0.2259523609 -0.3842886158 -0.1892390019
-0.2189898609 -0.3876094492 -0.1877994186
-0.3008023609 -0.2835073658 -0.2894848353
-0.2038648609 -0.3970344492 -0.1673160853
-0.3168648609 -0.2931531992 -0.2642494186
-0.2025856943 -0.3972031992 -0.1321598353
-0.2025981943 -0.3971844492 -0.1320827519
-0.3268856943 -0.2696323658 -0.2807744186
-0.2025440276 -0.3975448658 -0.1603515019
-0.2025106943 -0.3972406992 -0.1325660853
-0.2010377776 -0.3979219492 -0.1524202519
-0.1999481943 -0.3981948658 -0.1466806686
-0.3313856943 -0.1734865325 -0.3395285853
-0.3008648609 -0.2118198658 -0.3382285853
-0.1999481943 -0.3783594492 -0.1465640019
-0.2015481943 -0.3775761158 -0.1549931686
-0.3130523609 -0.2075490325 -0.3344390019
-0.2049690276 -0.3759031992 -0.1730056686
-0.2096336109 -0.3736198658 -0.1778973353
-0.2189898609 -0.3690406992 -0.1876931686
-0.2442190276 -0.3566927825 -0.1929160853
-0.2284773609 -0.3643969492 -0.1896515019
-0.3239690276 -0.2039865325 -0.3301160853
-0.2455731943 -0.3560302825 -0.1929119186
-0.2014481943 -0.3776261158 -0.2124452519
-0.1535919443 -0.4037073658 -0.2206410853
-0.1652502776 -0.4001615325 -0.2201910853
-0.1710940276 -0.3983844492 -0.2199640019
-0.1700190276 -0.3996136158 -0.2167473353
-0.3194273609 -0.1444865325 -0.3553931686
-0.2939065276 -0.1512156992 -0.3613765019
-0.3120940276 -0.1784656992 -0.3474494186
-0.3033440276 -0.1811531992 -0.3497910853
-0.2899065276 -0.1853406992 -0.3529869186
-0.2148919443 -0.3832094492 -0.2171785853
-0.2199690276 -0.3803552825 -0.2189431686
-0.2200794443 -0.3803031992 -0.2189535853
-0.2398190276 -0.3706802825 -0.2208119186
-0.2412815276 -0.3697823658 -0.2209473353
-0.2850523609 -0.1348615325 -0.3669556686
-0.2412815276 -0.3581302825 -0.2208806686
-0.2138044443 -0.3715781992 -0.2167306686
-0.2199690276 -0.3685615325 -0.2188744186
-0.2879690276 -0.2437573658 -0.3277306686
-0.3188648609 -0.2538198658 -0.3014952519
-0.2997815276 -0.2627365325 -0.3078410853
-0.3114898609 -0.2342990325 -0.3202973353
-0.3301981943 -0.2269448658 -0.3132285853
-0.1042481943 -0.4117073658 -0.0731848353
0.2608434724 -0.3250906992 -0.2815619186
0.2892184724 -0.3099240325 -0.2734494186
0.2687184724 -0.3386531992 -0.2555619186
-0.1078523609 -0.4024719492 -0.1234494186
0.2975309724 -0.3218198658 -0.2481515019
-0.1022815276 -0.4038615325 -0.0731390019
0.2338226391 -0.3561948658 -0.2629723353
-0.1022815276 -0.4038615325 -0.1796890019
-0.1022815276 -0.4038615325 -0.1387390019
-0.1064794443 -0.4028136158 -0.1272160853
-0.1022815276 -0.4038615325 -0.1521619186
0.2526351391 -0.3079448658 -0.3048390019
-0.1229127776 -0.4082927825 -0.0755577519
-0.1221148609 -0.4077761158 -0.0731619186
0.2266351391 -0.3409031992 -0.2897390019
0.1874893057 -0.3554448658 -0.2967890019
-0.1276148609 -0.4113031992 -0.0896765019
0.1937393057 -0.3723198658 -0.2692327519
0.1492601391 -0.3849865325 -0.2732785853
-0.1337877776 -0.3960011158 -0.1080973353
-0.1221148609 -0.3989136158 -0.0731098353
-0.1901711109 -0.3819344492 -0.0896160853
-0.1782586109 -0.3849052825 -0.1034119186
-0.1751565276 -0.3856802825 -0.1077535853
-0.1856565276 -0.3830594492 -0.0930598353
0.2191351391 -0.3217990325 -0.3132077519
-0.1707106943 -0.3867886158 -0.1205098353
-0.1689690276 -0.3872240325 -0.1255119186
0.1754268057 -0.3098823658 -0.3401660853
0.1809893057 -0.3345698658 -0.3204890019
0.1346976391 -0.3185281992 -0.3450431686
0.1391143057 -0.3445906992 -0.3254952519
-0.1369898609 -0.3952011158 -0.2121765019
0.0914059724 -0.3247365325 -0.3480452519
-0.1259690276 -0.3979511158 -0.1796535853
0.0944684724 -0.3517990325 -0.3285827519
-0.1180315276 -0.3999323658 -0.1521223353
-0.1669690276 -0.3877219492 -0.1460931686
-0.1684940276 -0.3873406992 -0.1620140019
-0.1737398609 -0.3860323658 -0.1813806686
0.0980518057 -0.3750698658 -0.3044556686
-0.1690523609 -0.3872031992 -0.1678327519
0.1442809724 -0.3668615325 -0.3015577519
-0.1833898609 -0.3836261158 -0.1972640019
-0.1864273609 -0.3828677825 -0.2014473353
-0.1754690276 -0.3856011158 -0.1863765019
-0.1379356943 -0.4084261158 -0.2150452519
-0.1384752776 -0.4078969492 -0.2166306686
-0.1400106943 -0.4063636158 -0.2211598353
-0.1634398609 -0.3886031992 -0.2201910853
-0.1710940276 -0.3866927825 -0.2198952519
-0.1400106943 -0.3944490325 -0.2210910853
0.0497809724 -0.3800490325 -0.3058806686
0.0005101391 -0.3817156992 -0.3062223353
0.0479476391 -0.3561740325 -0.3301369186
0.0463851391 -0.3284865325 -0.3495577519
0.0005101391 -0.3297573658 -0.3499410853
0.0005101391 -0.3576323658 -0.3305202519
-0.0007606943 -0.4117261158 -0.1259494186
-0.0014294443 -0.4116740325 -0.1254869186
-0.0050731943 -0.4113927825 -0.1229473353
-0.0072606943 -0.4112219492 -0.1202806686
-0.0054169443 -0.4113656992 -0.1225244186
-0.0903856943 -0.3247365325 -0.3480452519
-0.0934481943 -0.3517990325 -0.3285827519
-0.0274273609 -0.4096594492 -0.0836910853
-0.0259690276 -0.4097740325 -0.0822306686
-0.0469273609 -0.3561740325 -0.3301369186
-0.0085940276 -0.4111198658 -0.1170410853
-0.0453648609 -0.3284865325 -0.3495577519
-0.0151773609 -0.4106094492 -0.0763140019
-0.0086606943 -0.4111136158 -0.1164619186
-0.0090106943 -0.4110865325 -0.1134202519
-0.0046627776 -0.4114240325 -0.0734890019
-0.0025106943 -0.4115906992 -0.0729077519
-0.0069690276 -0.4112448658 -0.1063098353
-0.0086815276 -0.4111115325 -0.1122765019
-0.0487606943 -0.3800490325 -0.3058806686
-0.0060273609 -0.4113177825 -0.1056556686
-0.0970315276 -0.3750698658 -0.3044556686
-0.0011565276 -0.4116948658 -0.1022827519
-0.0934481943 -0.4045448658 -0.0731431686
-0.0392023609 -0.4087490325 -0.1249702519
-0.0397815276 -0.4087031992 -0.1233327519
-0.0408856943 -0.4086177825 -0.1124890019
-0.1864690276 -0.3554448658 -0.2967890019
-0.0392815276 -0.4087427825 -0.1008160853
-0.1927190276 -0.3723198658 -0.2692327519
-0.0351481943 -0.4090615325 -0.0923494186
-0.1482398609 -0.3849865325 -0.2732785853
-0.0342606943 -0.4091302825 -0.0905348353
-0.0894690276 -0.4048531992 -0.1796952519
-0.0871002776 -0.4050386158 -0.1868390019
-0.0413856943 -0.4085781992 -0.1861098353
-0.0973856943 -0.4042406992 -0.1521702519
-0.2256148609 -0.3409031992 -0.2897390019
-0.2598231943 -0.3250906992 -0.2815619186
-0.0292836109 -0.4095156992 -0.1423723353
-0.0354086109 -0.4090427825 -0.1343369186
-0.0363648609 -0.4089677825 -0.1329660853
-0.0305940276 -0.4094156992 -0.1412515019
-0.0084065276 -0.4111344492 -0.1943015019
-0.0101106943 -0.4110011158 -0.1939556686
-0.0205523609 -0.4101927825 -0.1918265019
-0.0236023609 -0.4099573658 -0.1909910853
0.0003226391 -0.4118094492 -0.1591181686
-0.0102065276 -0.4109948658 -0.1548806686
-0.0208440276 -0.4101698658 -0.1491077519
-0.0224690276 -0.4100448658 -0.1481806686
-0.0120731943 -0.4108490325 -0.1541265019
-0.0707669443 -0.4063031992 -0.2209765019
-0.0757190276 -0.4059198658 -0.2211577519
-0.0441565276 -0.4083636158 -0.2200181686
-0.0426565276 -0.4084802825 -0.2149515019
-0.0266773609 -0.4097177825 -0.2201348353
-0.0247211109 -0.4098698658 -0.2204452519
-0.0126148609 -0.4108073658 -0.2223765019
3 13 16 15
3 13 4710 8
3 13 15 4700
3 65 27 30
3 77 22 23
3 24 4026 4027
3 33 4678 36
3 24 26 4026
3 31 32 25
3 32 20 25
3 33 4467 4678
3 33 15 16
3 20 19 25
3 41 24 4050
3 15 33 36
3 18 3869 42
3 135 26 24
3 37 12 40
3 46 50 45
3 4520 33 16
3 15 36 55
3 51 56 48
3 57 48 56
3 50 51 48
3 47 48 57
3 50 48 58
3 50 58 59
3 50 59 60
3 60 45 50
3 50 46 61
3 3217 3223 63
3 27 65 64
3 62 112 18
3 41 4050 29
3 68 76 67
3 67 370 66
3 36 4694 55
3 70 76 68
3 4700 15 55
3 42 62 18
3 72 76 70
3 370 67 76
3 4308 3812 18
3 3827 3830 18
3 18 3830 3869
3 1326 69 1053
3 30 74 65
3 71 3740 75
3 62 42 52
3 80 85 69
3 62 52 4344
3 44 81 74
3 83 87 80
3 3531 3499 3635
3 44 74 30
3 246 3635 3499
3 99 3217 98
3 97 96 72
3 198 89 88
3 4079 26 71
3 71 75 4079
3 97 98 96
3 76 72 96
3 94 108 62
3 95 123 125
3 3975 95 125
3 96 98 3217
3 65 95 64
3 4344 207 94
3 29 3573 624
3 95 65 102
3 26 100 71
3 62 4344 94
3 95 102 123
3 374 54 237
3 49 54 105
3 109 364 106
3 94 88 108
3 111 364 109
3 78 106 364
3 2246 93 84
3 89 112 108
3 66 364 111
3 107 356 1408
3 87 83 101
3 105 0 49
3 101 83 103
3 49 237 54
3 108 88 89
3 96 3541 76
3 77 86 84
3 84 93 77
3 112 38 18
3 105 54 107
3 3545 106 78
3 3549 109 3545
3 106 3545 109
3 3553 111 3549
3 109 3549 111
3 67 66 3553
3 111 3553 66
3 3740 71 100
3 67 3558 68
3 77 23 86
3 85 80 87
3 112 62 108
3 3564 98 97
3 68 3560 70
3 72 3569 97
3 70 3569 72
3 119 116 118
3 128 121 118
3 4073 91 90
3 124 117 122
3 119 118 121
3 61 4075 90
3 46 4075 61
3 128 126 1437
3 127 132 129
3 98 3565 99
3 123 113 114
3 122 84 124
3 123 114 125
3 134 135 24
3 115 125 114
3 131 113 123
3 129 265 127
3 133 137 136
3 793 133 136
3 140 138 113
3 139 141 142
3 26 135 100
3 3469 124 86
3 142 144 139
3 124 84 86
3 113 138 1042
3 4109 51 50
3 2246 148 93
3 123 102 149
3 4109 4107 51
3 149 131 123
3 41 29 624
3 113 131 149
3 136 147 146
3 149 102 65
3 624 157 41
3 140 113 149
3 149 74 140
3 152 155 162
3 156 162 155
3 151 152 159
3 162 158 152
3 139 144 145
3 143 147 136
3 65 74 149
3 140 74 81
3 24 41 157
3 199 144 142
3 156 160 162
3 159 152 158
3 163 164 151
3 154 151 164
3 159 163 151
3 168 134 24
3 143 112 89
3 173 177 172
3 170 172 177
3 168 24 157
3 175 177 173
3 169 170 177
3 117 3601 153
3 143 136 137
3 184 182 176
3 180 3635 179
3 137 4339 143
3 161 2315 167
3 182 186 187
3 182 187 183
3 300 1751 167
3 197 177 193
3 82 3763 181
3 144 186 145
3 192 193 177
3 89 198 200
3 191 192 177
3 1963 166 165
3 195 200 198
3 194 196 219
3 199 187 144
3 171 166 174
3 88 94 198
3 194 219 225
3 409 145 184
3 198 94 195
3 206 208 202
3 183 199 132
3 640 202 208
3 207 188 195
3 640 208 209
3 196 613 611
3 177 212 202
3 196 611 219
3 207 195 94
3 212 203 202
3 9 422 207
3 182 184 186
3 1191 185 3755
3 204 206 202
3 203 204 202
3 211 212 177
3 210 211 177
3 184 145 186
3 128 1437 121
3 227 169 154
3 187 186 144
3 194 294 767
3 213 321 217
3 49 0 126
3 230 232 154
3 214 230 154
3 232 227 154
3 236 214 154
3 216 154 169
3 132 127 183
3 222 223 224
3 183 187 199
3 197 220 177
3 200 286 271
3 169 177 216
3 215 216 177
3 220 215 177
3 224 118 222
3 226 233 518
3 126 234 49
3 236 154 235
3 164 235 154
3 234 128 224
3 234 237 49
3 175 210 177
3 224 228 234
3 146 308 231
3 219 238 221
3 10 1606 28
3 241 3635 240
3 285 287 205
3 569 237 228
3 10 1599 1606
3 317 223 222
3 242 240 3635
3 224 223 228
3 841 247 250
3 422 248 188
3 248 243 188
3 254 34 249
3 178 3635 244
3 238 245 221
3 244 3635 241
3 243 195 188
3 246 242 3635
3 248 252 243
3 261 177 256
3 258 190 257
3 257 261 256
3 247 251 250
3 118 116 222
3 126 128 234
3 258 724 190
3 128 118 224
3 34 254 35
3 190 261 257
3 39 1619 34
3 255 252 248
3 237 234 228
3 39 1601 1619
3 509 255 248
3 259 263 264
3 1601 39 28
3 221 268 219
3 304 305 260
3 243 200 195
3 253 256 177
3 267 177 266
3 267 253 177
3 202 266 177
3 261 191 177
3 262 1171 841
3 225 219 268
3 292 293 262
3 283 262 272
3 275 78 661
3 274 760 209
3 276 269 303
3 288 296 262
3 270 53 35
3 278 265 129
3 270 35 254
3 364 661 78
3 275 661 274
3 640 209 761
3 89 200 271
3 841 288 262
3 3530 3531 3635
3 273 277 279
3 276 278 264
3 279 171 273
3 146 147 308
3 245 284 221
3 3511 3530 3635
3 268 221 284
3 143 89 271
3 171 174 273
3 147 143 271
3 267 3727 253
3 308 147 271
3 253 3689 256
3 268 284 282
3 245 1317 284
3 287 326 205
3 264 263 276
3 281 280 1705
3 205 260 305
3 205 291 285
3 200 243 286
3 190 189 3703
3 263 269 276
3 292 262 296
3 286 330 271
3 243 297 286
3 192 3702 193
3 296 288 251
3 265 278 276
3 243 252 297
3 261 190 3703
3 298 293 292
3 302 226 301
3 299 279 277
3 292 296 298
3 3702 191 3703
3 192 191 3702
3 261 3703 191
3 298 296 251
3 330 286 297
3 229 303 239
3 250 288 841
3 229 302 303
3 288 250 251
3 233 302 229
3 293 272 262
3 302 127 265
3 277 287 285
3 299 277 291
3 285 291 277
3 303 302 265
3 298 272 293
3 301 226 176
3 251 850 298
3 183 301 182
3 233 226 302
3 205 305 307
3 304 260 337
3 302 301 127
3 265 276 303
3 333 260 2533
3 176 182 301
3 216 4176 154
3 183 127 301
3 271 330 308
3 4177 215 220
3 303 269 239
3 197 3725 220
3 197 193 3725
3 3701 3725 193
3 316 308 330
3 311 317 222
3 279 299 2585
3 279 2585 2569
3 3689 253 3727
3 321 323 322
3 299 304 337
3 203 3729 3730
3 203 3730 204
3 299 307 305
3 299 305 304
3 206 204 3732
3 3730 3732 204
3 315 323 321
3 319 1000 316
3 318 325 320
3 287 277 326
3 205 307 291
3 322 218 217
3 307 299 291
3 328 332 338
3 208 3736 209
3 284 327 282
3 333 2533 331
3 3735 3545 275
3 325 318 2454
3 327 284 332
3 318 313 2454
3 172 4180 173
3 327 332 328
3 331 2585 333
3 325 2454 2637
3 4181 4179 170
3 334 331 2533
3 2585 334 2593
3 331 334 2585
3 210 175 4184
3 4180 4184 175
3 173 4180 175
3 239 269 320
3 337 260 333
3 306 328 338
3 333 2585 337
3 299 337 2585
3 4194 4192 230
3 338 341 306
3 230 214 4194
3 3729 203 212
3 332 1354 338
3 1000 231 316
3 329 323 340
3 316 231 308
3 1876 205 326
3 340 323 310
3 241 4198 244
3 297 252 515
3 340 310 669
3 295 345 290
3 345 289 290
3 4202 4240 178
3 326 1893 1876
3 515 252 255
3 359 194 225
3 92 4067 246
3 340 3572 329
3 336 4286 346
3 1046 349 259
3 225 268 359
3 222 116 311
3 4208 4207 235
3 311 314 317
3 205 350 260
3 235 164 4208
3 116 1563 311
3 349 354 357
3 350 358 260
3 359 328 306
3 354 318 357
3 306 2080 345
3 345 359 306
3 318 320 357
3 345 295 359
3 352 353 348
3 342 313 354
3 354 313 318
3 359 294 194
3 327 328 359
3 268 282 359
3 343 342 347
3 327 359 282
3 244 4202 178
3 347 342 354
3 263 357 269
3 359 295 294
3 1046 347 349
3 363 355 351
3 361 360 1734
3 347 85 343
3 349 263 259
3 350 355 363
3 352 348 312
3 347 354 349
3 316 330 365
3 363 3265 358
3 320 269 357
3 365 312 319
3 352 312 365
3 349 357 263
3 4456 4463 79
3 364 66 370
3 226 518 371
3 350 363 358
3 316 365 319
3 373 375 371
3 376 107 54
3 377 378 379
3 381 373 572
3 351 3275 363
3 176 226 371
3 387 366 386
3 4601 4602 383
3 322 323 329
3 376 385 378
3 385 374 568
3 366 384 386
3 389 366 387
3 3223 366 389
3 315 310 323
3 383 362 5
3 375 373 381
3 362 4 5
3 388 422 4248
3 393 394 392
3 398 392 394
3 217 321 322
3 371 397 176
3 356 378 361
3 398 394 396
3 395 396 394
3 399 400 139
3 378 377 361
3 356 376 378
3 329 3572 3546
3 360 361 377
3 403 399 405
3 367 1036 404
3 54 374 376
3 139 145 399
3 399 409 405
3 3240 406 411
3 356 107 376
3 409 397 412
3 385 379 378
3 404 391 367
3 385 376 374
3 414 394 413
3 394 416 417
3 394 417 418
3 418 413 394
3 380 408 478
3 415 419 420
3 375 381 506
3 463 456 403
3 355 1911 2023
3 422 188 207
3 430 3223 428
3 421 424 531
3 397 184 176
3 420 504 415
3 433 3223 432
3 389 428 3223
3 371 375 397
3 431 427 507
3 509 248 422
3 400 141 139
3 433 368 3223
3 430 432 3223
3 400 935 141
3 369 367 391
3 400 399 403
3 391 390 369
3 399 145 409
3 372 369 390
3 412 405 409
3 390 449 372
3 573 436 565
3 184 397 409
3 436 422 388
3 419 415 407
3 375 412 397
3 370 438 364
3 379 441 377
3 394 364 442
3 437 395 394
3 442 437 394
3 438 442 364
3 420 419 421
3 403 405 463
3 436 573 422
3 421 1128 424
3 446 394 445
3 443 445 394
3 448 394 446
3 414 443 394
3 583 504 420
3 447 372 449
3 450 436 388
3 412 375 506
3 451 452 454
3 450 565 436
3 455 456 458
3 450 388 382
3 460 492 453
3 451 461 452
3 459 366 457
3 429 464 444
3 464 425 431
3 439 369 372
3 565 450 462
3 439 367 369
3 411 457 366
3 384 366 459
3 3240 411 366
3 458 463 467
3 461 466 452
3 470 394 469
3 427 425 3402
3 447 439 372
3 467 471 500
3 405 471 463
3 394 393 472
3 394 472 474
3 394 474 475
3 475 469 394
3 394 470 476
3 394 476 416
3 467 477 458
3 464 429 425
3 380 478 479
3 427 431 425
3 4674 4673 446
3 479 382 380
3 445 4674 446
3 481 482 468
3 382 479 450
3 458 480 455
3 479 462 450
3 4676 4677 413
3 413 4677 414
3 482 460 473
3 481 407 415
3 478 462 479
3 418 4676 413
3 444 464 1918
3 401 4680 402
3 458 456 463
3 434 435 441
3 451 454 484
3 485 441 435
3 478 408 2174
3 467 463 471
3 465 460 453
3 406 4681 4685
3 402 4681 406
3 4688 411 4685
3 405 412 471
3 458 477 480
3 485 487 360
3 473 468 482
3 406 4685 411
3 477 467 502
3 484 410 451
3 476 4686 416
3 460 465 473
3 1121 407 481
3 4688 4689 457
3 488 483 489
3 478 2174 491
3 457 411 4688
3 494 493 492
3 459 495 384
3 493 498 660
3 496 499 500
3 469 4691 470
3 539 451 410
3 481 415 501
3 384 495 386
3 501 494 482
3 710 462 491
3 490 497 913
3 504 498 501
3 491 462 478
3 500 506 496
3 4691 4687 470
3 504 583 662
3 3815 387 3813
3 386 3813 387
3 460 494 492
3 454 426 484
3 412 506 471
3 387 3815 389
3 500 502 467
3 493 494 498
3 477 502 713
3 482 481 501
3 500 499 502
3 460 482 494
3 392 3817 3818
3 472 393 3818
3 392 3818 393
3 501 415 504
3 496 506 381
3 494 501 498
3 506 500 471
3 485 440 487
3 509 422 573
3 472 3818 512
3 512 4695 472
3 629 666 510
3 498 504 662
3 360 377 485
3 513 516 515
3 440 485 435
3 518 519 520
3 229 519 233
3 517 1202 453
3 492 522 517
3 521 523 519
3 522 1253 517
3 485 377 441
3 373 518 520
3 433 3824 368
3 3824 3541 368
3 524 515 255
3 453 492 517
3 3839 370 3541
3 492 493 522
3 1253 2546 517
3 437 3832 395
3 396 395 3833
3 528 513 515
3 623 521 229
3 524 528 515
3 531 424 529
3 396 3833 3829
3 396 3829 398
3 490 782 497
3 525 534 545
3 370 3839 438
3 545 534 1514
3 783 497 782
3 3839 3838 438
3 553 705 490
3 528 524 509
3 509 573 528
3 509 524 255
3 584 538 537
3 427 543 507
3 518 233 519
3 523 520 519
3 521 519 229
3 516 636 515
3 530 523 521
3 551 552 549
3 548 549 552
3 373 371 518
3 545 1514 1524
3 553 490 555
3 538 550 537
3 556 557 554
3 542 461 451
3 576 559 525
3 559 534 525
3 542 451 541
3 558 541 539
3 516 592 636
3 550 538 529
3 401 3240 562
3 402 3240 401
3 406 3240 402
3 557 562 3240
3 1514 559 579
3 534 559 1514
3 533 535 536
3 538 531 529
3 564 565 462
3 527 568 526
3 568 569 533
3 542 2663 461
3 540 566 567
3 496 381 560
3 565 513 573
3 574 557 571
3 560 572 561
3 525 505 609
3 575 557 574
3 223 535 228
3 451 539 541
3 561 577 563
3 570 571 540
3 525 639 594
3 520 577 572
3 385 527 379
3 540 571 557
3 523 580 577
3 576 579 559
3 421 581 420
3 513 528 573
3 581 583 420
3 535 790 536
3 567 684 540
3 533 526 568
3 584 585 586
3 1514 579 1552
3 569 535 533
3 588 581 586
3 589 565 564
3 525 594 576
3 589 513 565
3 591 597 639
3 597 598 639
3 223 790 535
3 570 540 590
3 587 590 540
3 576 593 579
3 569 228 535
3 586 538 584
3 237 569 374
3 581 531 586
3 510 532 578
3 544 548 547
3 552 547 548
3 385 568 527
3 513 589 516
3 598 597 579
3 593 594 579
3 598 579 594
3 569 568 374
3 592 516 589
3 563 577 580
3 593 576 594
3 421 531 581
3 508 532 511
3 594 639 598
3 588 586 585
3 596 595 526
3 583 581 588
3 527 526 599
3 530 635 580
3 556 566 557
3 557 566 540
3 579 597 591
3 526 600 599
3 531 538 586
3 604 557 601
3 603 600 595
3 578 532 897
3 562 557 604
3 575 601 557
3 560 381 572
3 572 373 520
3 608 541 897
3 561 572 577
3 599 600 605
3 682 4624 544
3 548 544 4624
3 520 523 577
3 608 542 541
3 609 503 602
3 600 610 605
3 530 580 523
3 526 533 596
3 489 602 503
3 542 608 2850
3 776 496 560
3 556 4696 566
3 554 4696 556
3 505 503 609
3 616 615 537
3 818 4714 587
3 489 483 602
3 541 558 578
3 587 4697 590
3 527 599 379
3 558 510 578
3 584 537 615
3 570 4698 571
3 590 4698 570
3 620 617 618
3 616 614 615
3 434 599 605
3 532 510 511
3 618 325 620
3 4699 574 571
3 441 599 434
3 574 4701 575
3 615 621 584
3 612 691 611
3 620 325 2637
3 604 4705 562
3 621 607 718
3 624 3573 335
3 190 625 189
3 606 607 621
3 526 595 600
3 623 229 239
3 615 606 621
3 600 603 610
3 410 629 539
3 533 536 596
3 238 219 611
3 441 379 599
3 618 623 239
3 738 626 622
3 727 619 592
3 320 618 239
3 634 630 633
3 632 633 630
3 628 630 634
3 627 632 630
3 636 297 515
3 629 624 666
3 625 637 638
3 623 635 521
3 631 639 626
3 614 1244 606
3 605 610 773
3 626 609 622
3 353 643 613
3 606 615 614
3 617 635 623
3 643 641 619
3 782 490 705
3 618 617 623
3 353 641 643
3 555 546 553
3 635 530 521
3 643 619 612
3 631 664 639
3 585 584 621
3 611 643 612
3 666 624 335
3 644 645 649
3 490 648 555
3 611 613 643
3 555 648 546
3 629 642 624
3 591 639 663
3 654 364 651
3 507 543 546
3 655 652 617
3 642 629 410
3 563 580 652
3 639 609 626
3 656 657 659
3 661 364 658
3 652 582 563
3 592 641 636
3 525 609 639
3 580 635 652
3 654 658 364
3 660 662 656
3 655 582 652
3 650 651 364
3 706 546 543
3 636 330 297
3 484 642 410
3 365 330 636
3 1750 647 646
3 663 639 664
3 636 641 365
3 511 510 666
3 638 668 625
3 635 617 652
3 669 511 666
3 1097 579 663
3 1097 663 664
3 508 511 669
3 619 641 592
3 646 647 753
3 663 579 591
3 585 665 588
3 669 310 508
3 657 583 588
3 558 629 510
3 558 539 629
3 647 667 434
3 670 674 675
3 677 679 675
3 670 675 679
3 676 678 680
3 667 435 434
3 680 602 483
3 641 353 352
3 681 682 683
3 657 665 659
3 641 352 365
3 656 653 660
3 684 685 686
3 662 657 656
3 686 689 688
3 689 690 688
3 687 688 690
3 688 694 686
3 680 692 676
3 335 340 669
3 666 335 669
3 498 662 660
3 611 691 238
3 655 620 673
3 696 686 695
3 694 695 686
3 693 692 439
3 617 620 655
3 168 157 642
3 483 692 680
3 665 657 588
3 699 686 697
3 676 693 698
3 624 642 157
3 662 583 657
3 484 426 642
3 320 325 618
3 699 701 686
3 691 612 729
3 649 708 686
3 686 701 540
3 707 776 704
3 712 686 709
3 564 462 710
3 499 707 713
3 656 702 653
3 676 692 693
3 702 659 703
3 715 686 714
3 714 686 712
3 709 686 708
3 710 743 589
3 697 686 715
3 703 716 711
3 499 713 502
3 477 717 480
3 679 1150 670
3 728 726 716
3 716 718 728
3 544 547 682
3 710 589 564
3 683 682 1157
3 547 1157 682
3 718 716 659
3 743 592 589
3 553 546 705
3 706 705 546
3 723 704 720
3 665 718 659
3 725 190 724
3 710 491 486
3 722 602 680
3 707 723 717
3 609 602 722
3 190 725 625
3 625 725 637
3 722 622 609
3 759 3447 732
3 737 732 3447
3 678 622 722
3 730 731 649
3 731 734 649
3 627 750 734
3 736 627 735
3 619 729 612
3 776 499 496
3 622 678 733
3 741 739 627
3 776 707 499
3 477 713 717
3 748 700 746
3 718 585 621
3 740 627 739
3 747 627 744
3 740 744 627
3 735 627 747
3 749 627 736
3 757 627 749
3 630 741 627
3 742 745 700
3 745 746 700
3 626 738 890
3 619 727 729
3 646 1842 1750
3 707 704 723
3 718 607 728
3 626 890 631
3 727 592 743
3 649 734 644
3 713 707 717
3 486 729 727
3 746 752 748
3 667 1768 435
3 622 733 738
3 711 726 822
3 719 742 700
3 743 710 486
3 563 582 803
3 743 486 727
3 644 734 751
3 732 737 3459
3 737 792 3459
3 561 563 765
3 543 3456 3459
3 754 647 605
3 750 627 758
3 757 758 627
3 751 734 750
3 761 209 760
3 434 605 647
3 680 678 722
3 742 719 721
3 756 763 755
3 702 656 659
3 760 274 661
3 561 765 560
3 745 742 721
3 703 659 716
3 704 765 769
3 711 716 726
3 768 649 645
3 310 315 807
3 665 585 718
3 807 770 310
3 763 808 755
3 391 766 390
3 610 764 773
3 391 771 766
3 404 771 391
3 753 754 772
3 194 767 196
3 773 754 605
3 196 767 766
3 809 812 748
3 777 364 775
3 774 775 394
3 754 753 647
3 3459 759 732
3 196 423 1065
3 196 771 423
3 404 423 771
3 769 720 704
3 610 603 764
3 784 364 777
3 785 364 784
3 752 746 770
3 779 781 769
3 196 766 771
3 773 772 754
3 746 745 770
3 721 770 745
3 705 706 782
3 783 782 706
3 787 364 786
3 650 364 787
3 765 776 560
3 536 790 788
3 765 704 776
3 390 789 449
3 497 783 791
3 737 497 792
3 497 791 792
3 223 317 790
3 786 364 785
3 793 136 756
3 767 789 766
3 596 536 788
3 394 775 364
3 756 755 793
3 783 706 791
3 792 791 706
3 390 766 789
3 794 447 449
3 720 769 781
3 795 1008 668
3 625 668 1008
3 447 794 797
3 762 781 779
3 962 721 719
3 763 756 798
3 595 799 800
3 769 765 803
3 607 606 778
3 748 805 823
3 690 672 687
3 671 687 672
3 596 2082 799
3 2100 797 794
3 796 607 778
3 596 2086 2082
3 804 803 582
3 685 689 686
3 447 2099 439
3 728 607 796
3 799 2088 800
3 728 796 821
3 801 779 804
3 540 684 686
3 2219 603 800
3 798 756 136
3 798 136 146
3 762 779 801
3 686 696 649
3 1244 778 606
3 765 563 803
3 809 748 752
3 730 649 810
3 803 779 769
3 595 596 799
3 800 603 595
3 1087 808 763
3 1085 1087 763
3 649 696 811
3 811 810 649
3 803 804 779
3 805 748 812
3 1479 814 1473
3 752 770 809
3 812 809 770
3 806 812 770
3 794 813 2100
3 814 762 801
3 815 3309 755
3 818 540 816
3 1476 1473 814
3 802 819 796
3 587 540 818
3 701 816 540
3 815 755 808
3 805 812 806
3 1479 762 814
3 708 649 820
3 768 820 649
3 711 822 3745
3 3312 815 808
3 827 821 829
3 449 789 817
3 394 448 774
3 289 813 290
3 728 827 726
3 823 805 806
3 813 794 817
3 677 4622 679
3 796 819 821
3 817 794 449
3 789 767 817
3 4726 4707 674
3 813 817 290
3 831 582 655
3 582 831 804
3 829 821 819
3 827 822 726
3 689 4727 690
3 807 806 770
3 295 290 817
3 728 821 827
3 817 767 294
3 825 831 673
3 836 835 857
3 655 673 831
3 294 295 817
3 841 1171 748
3 837 660 653
3 833 830 832
3 671 4728 687
3 493 837 522
3 832 993 834
3 826 836 828
3 4618 4651 547
3 552 4618 547
3 824 3408 838
3 493 660 837
3 104 702 703
3 836 826 835
3 826 2699 835
3 664 631 839
3 748 823 841
3 852 841 823
3 1157 4625 683
3 664 839 1097
3 110 703 711
3 110 104 703
3 684 567 4727
3 4696 4727 566
3 566 4727 567
3 843 832 830
3 711 3745 110
3 844 839 631
3 697 4712 699
3 844 847 846
3 845 146 843
3 846 839 844
3 814 848 1476
3 849 1476 848
3 699 4715 701
3 850 806 807
3 845 843 830
3 854 841 852
3 854 247 841
3 780 763 845
3 838 842 849
3 845 763 798
3 730 856 731
3 3843 731 856
3 810 856 730
3 806 850 251
3 849 859 838
3 780 845 830
3 3843 734 731
3 798 146 845
3 852 823 806
3 858 825 859
3 251 854 806
3 852 806 854
3 811 696 4717
3 695 4718 696
3 854 251 247
3 825 858 831
3 807 321 850
3 859 848 858
3 213 298 850
3 862 863 861
3 807 315 321
3 864 863 862
3 824 838 859
3 792 706 3459
3 213 850 321
3 825 824 859
3 1734 855 861
3 843 146 231
3 735 3848 736
3 861 855 862
3 698 2128 676
3 831 858 804
3 706 543 3459
3 801 858 848
3 836 857 861
3 814 801 848
3 861 863 836
3 3852 3850 744
3 865 869 1213
3 3854 3855 739
3 429 1522 840
3 849 848 859
3 3860 3854 741
3 801 804 858
3 1734 861 857
3 740 3852 744
3 873 904 872
3 741 630 3860
3 628 3860 630
3 877 878 879
3 1346 880 876
3 879 878 1346
3 878 880 1346
3 874 876 880
3 895 875 869
3 739 741 3854
3 2128 678 676
3 960 962 869
3 867 733 678
3 871 904 881
3 828 836 863
3 1031 868 1037
3 884 990 866
3 877 879 885
3 885 923 880
3 883 874 923
3 880 923 874
3 867 1067 733
3 632 627 3867
3 734 3842 627
3 3867 3865 632
3 874 883 876
3 886 876 883
3 1031 1013 868
3 889 892 865
3 869 865 892
3 869 892 895
3 873 872 998
3 881 998 872
3 882 998 881
3 993 884 834
3 881 872 871
3 885 878 877
3 878 885 880
3 668 3873 795
3 668 638 3873
3 637 3873 638
3 725 3873 637
3 888 887 896
3 898 901 975
3 3876 3961 795
3 906 866 957
3 532 899 897
3 541 578 897
3 871 872 904
3 911 864 862
3 862 855 911
3 911 909 901
3 912 645 3882
3 820 768 912
3 645 912 768
3 645 644 3882
3 751 3882 644
3 936 882 904
3 750 758 3884
3 906 908 907
3 751 750 3882
3 3884 3882 750
3 923 885 879
3 873 883 923
3 709 708 4721
3 820 4720 708
3 887 875 895
3 909 855 360
3 537 550 893
3 714 4722 715
3 4723 715 4722
3 962 700 869
3 910 833 916
3 919 917 920
3 915 914 913
3 891 894 961
3 712 4724 714
3 899 888 896
3 918 129 922
3 715 4723 697
3 4712 697 4723
3 631 902 844
3 497 915 913
3 906 900 908
3 902 631 890
3 953 954 844
3 888 532 941
3 922 923 918
3 888 899 532
3 879 919 923
3 901 898 911
3 3889 775 924
3 775 774 924
3 924 774 448
3 911 855 909
3 775 3889 777
3 3888 777 3889
3 903 901 909
3 873 923 904
3 908 1118 907
3 853 925 851
3 758 3894 3884
3 897 899 3698
3 920 917 1020
3 927 926 853
3 906 957 900
3 926 929 893
3 129 132 922
3 919 918 923
3 927 929 926
3 3898 784 3888
3 879 917 919
3 921 929 927
3 832 906 833
3 923 922 904
3 3805 896 889
3 930 985 1001
3 889 896 892
3 786 3900 3901
3 786 3901 787
3 884 866 906
3 925 853 926
3 892 896 895
3 932 933 142
3 777 3888 784
3 906 907 833
3 935 932 141
3 834 884 906
3 3898 3904 784
3 959 953 902
3 832 834 906
3 904 932 936
3 916 833 907
3 785 3904 786
3 933 199 142
3 839 846 1097
3 916 907 1124
3 896 887 895
3 934 913 914
3 650 3901 651
3 3906 651 3901
3 787 3901 650
3 933 922 132
3 933 904 922
3 847 1097 846
3 3908 654 3906
3 651 3906 654
3 3807 896 3805
3 947 929 921
3 938 940 939
3 937 1097 847
3 905 928 931
3 763 910 1085
3 943 938 942
3 939 942 938
3 721 941 770
3 310 770 941
3 844 902 953
3 658 3915 661
3 830 833 910
3 780 830 910
3 944 943 948
3 949 943 945
3 942 948 943
3 944 945 943
3 986 967 902
3 959 902 967
3 934 905 931
3 640 3914 202
3 761 3914 640
3 763 780 910
3 508 310 941
3 875 952 869
3 960 869 952
3 914 905 934
3 847 844 955
3 955 844 954
3 893 929 947
3 957 958 956
3 959 937 953
3 954 953 937
3 959 967 937
3 961 894 947
3 719 700 962
3 875 887 952
3 958 950 956
3 189 625 964
3 1008 964 625
3 939 940 942
3 1167 942 940
3 960 952 887
3 891 961 978
3 967 965 937
3 532 508 941
3 967 986 965
3 894 893 947
3 956 900 957
3 966 938 943
3 946 961 947
3 1986 1985 931
3 937 955 954
3 887 888 721
3 934 931 1985
3 966 936 938
3 941 721 888
3 970 968 1183
3 963 1008 968
3 931 928 1986
3 951 969 1183
3 969 970 1183
3 962 960 721
3 866 868 958
3 1027 1395 943
3 957 866 958
3 943 949 1027
3 887 721 960
3 984 985 930
3 847 955 937
3 975 976 977
3 901 903 975
3 982 983 979
3 930 977 984
3 978 983 891
3 928 905 980
3 928 980 996
3 971 1973 981
3 979 988 982
3 1016 1021 972
3 142 141 932
3 2935 975 977
3 933 932 904
3 977 976 984
3 932 935 936
3 975 903 976
3 881 904 882
3 348 990 993
3 132 199 933
3 348 993 312
3 978 961 946
3 936 935 938
3 978 979 983
3 996 1998 928
3 1762 985 984
3 884 993 990
3 936 966 974
3 936 974 882
3 982 988 992
3 993 319 312
3 995 989 987
3 319 993 1000
3 973 1441 998
3 991 986 997
3 1001 1026 2979
3 968 3942 963
3 832 843 1000
3 980 1014 996
3 995 1004 989
3 3943 189 964
3 1000 993 832
3 231 1000 843
3 115 114 989
3 3952 3942 970
3 980 115 989
3 1167 1308 948
3 3952 970 969
3 1050 1047 986
3 886 883 998
3 974 998 882
3 883 873 998
3 998 974 973
3 996 2017 1998
3 1345 879 1346
3 1139 994 1011
3 1314 950 1007
3 963 964 1008
3 995 2016 1004
3 980 989 1014
3 1010 1017 972
3 1007 1013 1005
3 1016 972 1017
3 1004 1014 989
3 1022 972 1021
3 917 879 1345
3 1004 2016 1014
3 1360 917 1345
3 1012 465 1015
3 2004 2016 995
3 917 1360 1020
3 1270 972 1022
3 1022 1025 1270
3 1013 1031 1006
3 1012 473 465
3 972 2153 1010
3 1001 985 1026
3 1025 1022 991
3 991 1022 1021
3 868 1013 1007
3 943 1388 966
3 1189 1190 860
3 1390 1391 943
3 958 868 1007
3 1028 1027 949
3 1062 1197 1029
3 1006 1005 1013
3 1012 1009 473
3 950 958 1007
3 1025 1029 1270
3 1032 1041 1019
3 991 1016 986
3 1308 1470 945
3 1038 987 113
3 945 944 1308
3 1034 1041 1032
3 1018 1019 1041
3 1016 991 1021
3 1003 1011 1054
3 1039 1041 1034
3 987 989 114
3 1385 1400 966
3 974 966 973
3 1017 986 1016
3 1040 1036 1031
3 1045 1043 1023
3 1050 986 1017
3 404 1036 1040
3 1047 1010 965
3 439 1320 1006
3 1046 1048 69
3 367 439 1006
3 1044 1038 1042
3 1017 1010 1050
3 1047 1050 1010
3 1048 259 1051
3 995 1038 1044
3 1023 1024 1049
3 937 965 1010
3 1036 367 1006
3 1049 1045 1023
3 965 986 1047
3 1048 1053 69
3 1006 1031 1036
3 1042 2738 1044
3 1040 423 404
3 1051 1055 1048
3 860 1056 1189
3 1056 860 1190
3 1059 1054 1011
3 919 1060 918
3 1063 1057 1061
3 113 1042 1038
3 1064 1037 348
3 1060 920 1051
3 1059 1043 1054
3 1057 1052 1061
3 672 1057 1063
3 672 1063 671
3 1020 1055 920
3 1062 1029 1189
3 2735 1042 138
3 866 990 1037
3 1062 1189 1056
3 1041 1061 1052
3 1058 1052 1057
3 1060 278 918
3 2006 995 1044
3 1043 1066 1023
3 1025 1189 1029
3 1051 264 1060
3 1045 1049 1283
3 987 1038 995
3 114 113 987
3 1048 1046 259
3 1003 1054 1277
3 1058 1103 1052
3 1067 738 733
3 1051 259 264
3 1043 1277 1054
3 1204 1041 1052
3 1043 1059 1066
3 353 613 1068
3 1067 1069 738
3 1053 1048 1055
3 348 353 1064
3 738 1069 890
3 1065 423 1040
3 1073 1288 1075
3 1060 919 920
3 1068 1065 1040
3 1064 1068 1040
3 1055 1051 920
3 1218 1075 1030
3 1078 1072 1070
3 348 1037 990
3 902 890 1080
3 1077 1078 1070
3 278 129 918
3 1071 1079 1662
3 1031 1037 1064
3 1072 1082 1081
3 264 278 1060
3 1069 1080 890
3 1037 868 866
3 1040 1031 1064
3 1072 1078 1082
3 986 902 1080
3 1055 1454 1053
3 1074 1083 1009
3 1454 1453 1053
3 468 1009 1033
3 1020 1454 1055
3 347 1046 85
3 1064 353 1068
3 1015 1071 1012
3 1084 700 748
3 343 85 87
3 339 343 87
3 1071 1074 1012
3 87 101 339
3 1009 1012 1074
3 69 85 1046
3 937 1120 1097
3 1076 700 1084
3 1079 1071 1015
3 1069 870 1080
3 1084 1119 1076
3 403 1090 400
3 1183 968 1008
3 935 1091 938
3 1095 1008 1093
3 1083 1035 1033
3 1018 1008 1095
3 1090 1096 400
3 1090 403 456
3 1008 795 1093
3 1041 1008 1018
3 1091 400 1096
3 1015 1102 1079
3 1080 870 986
3 1091 940 938
3 1099 1098 1082
3 674 670 1104
3 670 1052 1104
3 986 870 997
3 1103 1104 1052
3 1082 1098 1081
3 1099 1082 1078
3 1077 1099 1078
3 1108 1061 1041
3 1102 1662 1079
3 1109 1105 1091
3 1105 1107 1091
3 1107 1111 1091
3 1111 1112 1091
3 1112 1113 1091
3 940 1091 1113
3 981 994 1101
3 1114 1041 1110
3 1108 1041 1114
3 1101 994 1139
3 1039 1110 1041
3 1098 1127 1081
3 1083 1033 1009
3 1098 1099 3653
3 1057 4727 1058
3 1102 1100 1196
3 1104 4726 674
3 1091 1096 1117
3 1115 1116 1096
3 1102 1015 1100
3 1119 1084 1086
3 672 4727 1057
3 1106 900 956
3 1035 1121 1033
3 407 1122 419
3 1118 908 1106
3 1117 1096 1116
3 1106 908 900
3 1094 1149 1156
3 1135 1542 1115
3 916 1124 1092
3 937 2153 1120
3 407 1121 1170
3 1086 1094 1156
3 1163 1091 1126
3 907 1118 1124
3 1121 468 1033
3 1010 2153 937
3 1086 1156 1119
3 1123 1127 1193
3 1063 4728 671
3 1115 1542 1116
3 1170 1122 407
3 1108 4729 1061
3 1123 1132 1127
3 1270 2153 972
3 419 1128 421
3 1127 1098 1193
3 1093 3961 1095
3 1277 1129 1003
3 1095 3962 1018
3 1019 1018 3963
3 1123 1131 1132
3 1019 3963 3965
3 1019 3965 1032
3 1247 1135 1096
3 1032 3965 3966
3 1032 3966 1034
3 1094 1101 1129
3 1115 1096 1135
3 1136 1133 1219
3 1034 3966 1137
3 1034 1137 1039
3 1136 1134 1133
3 910 916 1092
3 1039 1137 1110
3 910 1092 1085
3 1132 1134 1136
3 1110 4731 1114
3 1135 1247 1142
3 1142 1247 1141
3 1130 1134 1131
3 1139 1011 1003
3 1128 419 1122
3 1140 1229 1146
3 1134 1145 1133
3 1132 1072 1081
3 453 1148 465
3 1127 1132 1081
3 670 4525 1214
3 1129 1147 1149
3 935 400 1091
3 1151 670 1150
3 1129 1149 1094
3 1153 1154 1155
3 468 473 1009
3 1223 1119 1156
3 1164 1165 1091
3 1109 1091 1165
3 1117 1125 1091
3 1164 1091 1163
3 956 1162 1106
3 1121 481 468
3 1156 1149 1223
3 1152 1175 1159
3 1100 1148 1196
3 1125 1126 1091
3 4525 670 1151
3 1015 465 1148
3 1166 1162 956
3 1100 1015 1148
3 950 1166 956
3 1139 1003 1129
3 1160 4538 1154
3 1101 1139 1129
3 1084 748 1171
3 1166 950 1158
3 1159 997 870
3 851 1173 1172
3 1171 1086 1084
3 1132 1131 1134
3 1134 1130 1145
3 1162 1275 1106
3 1174 1173 1122
3 1176 1086 1171
3 1160 4634 1161
3 1153 4634 1154
3 1154 4634 1160
3 1167 1113 1112
3 1167 1112 1168
3 1138 1159 1175
3 1158 1303 1166
3 948 942 1167
3 1113 1167 940
3 1086 1176 1094
3 1169 1168 1107
3 971 981 1176
3 1176 1171 971
3 1111 1107 1168
3 424 1128 1173
3 3029 808 1179
3 1123 1181 1182
3 1111 1168 1112
3 1176 981 1101
3 1173 1180 424
3 1101 1094 1176
3 1105 1169 1107
3 1085 1178 1179
3 529 424 1180
3 1105 1109 1169
3 1165 1169 1109
3 4279 4289 346
3 1180 925 529
3 1173 1174 1172
3 1128 1122 1173
3 1123 1182 1131
3 262 971 1171
3 1182 1181 1185
3 1170 1174 1122
3 851 1180 1173
3 851 925 1180
3 1187 1185 1181
3 869 700 1076
3 1183 1177 4633
3 1188 1272 1269
3 1195 1187 1181
3 1189 1186 1190
3 346 1184 4632
3 1181 1193 1195
3 1181 1123 1193
3 1170 1121 1035
3 1142 1542 1135
3 1183 1008 1177
3 1270 1029 1197
3 1206 1088 1188
3 1191 1192 1200
3 1089 1088 1206
3 1089 1206 1209
3 1200 185 1191
3 1102 1196 2103
3 1194 1197 1186
3 1197 1190 1186
3 1008 1041 1198
3 1062 1056 1197
3 3858 1193 1098
3 1198 1177 1008
3 1218 2834 1209
3 2546 1202 517
3 1201 1185 1187
3 2834 1089 1209
3 1090 456 1203
3 1041 1199 1198
3 1190 1197 1056
3 1205 1148 1202
3 1189 1025 991
3 1195 1201 1187
3 1159 1210 997
3 1209 1211 1218
3 1148 453 1202
3 1192 1191 1213
3 1196 1148 1205
3 1209 1212 1211
3 1265 1185 1201
3 1206 1212 1209
3 991 997 1210
3 1214 1052 670
3 893 894 537
3 1195 1271 1201
3 865 1213 1191
3 1130 1131 1182
3 1216 1222 1243
3 455 1387 1217
3 1243 1186 1216
3 1216 1186 1189
3 2775 1130 2774
3 869 1076 1213
3 1212 1206 1268
3 1210 1216 991
3 1228 1213 1076
3 1052 1207 1204
3 1189 991 1216
3 1217 1208 1215
3 1214 1207 1052
3 1221 1217 1220
3 550 529 925
3 1159 1138 1222
3 1199 1041 1204
3 925 926 550
3 1226 1217 1221
3 1215 1220 1217
3 926 893 550
3 1211 1073 1218
3 1669 1677 1215
3 1199 1204 4692
3 1073 1075 1218
3 894 891 616
3 1119 1223 1228
3 1188 1269 1206
3 1076 1119 1228
3 891 983 614
3 1229 1234 1231
3 1231 1232 1229
3 1229 1232 1235
3 1229 1235 1230
3 616 537 894
3 1085 1179 1087
3 614 616 891
3 1225 1224 1254
3 1239 796 778
3 1124 1241 1178
3 1239 802 796
3 1240 1145 2784
3 778 1242 1239
3 1192 1213 1228
3 1178 1092 1124
3 1234 1281 1231
3 1133 1145 1240
3 1243 1222 1224
3 1242 1244 982
3 1147 1223 1149
3 1243 1224 1225
3 1133 1240 1233
3 1234 1217 1246
3 1245 1246 1217
3 1229 1217 1234
3 1226 1245 1217
3 1194 1243 1225
3 4591 4592 1236
3 1118 1237 1241
3 1244 614 983
3 1133 1227 1219
3 1227 1133 1233
3 1229 1140 1247
3 1140 1141 1247
3 1138 1224 1222
3 1241 1124 1118
3 1229 1230 1251
3 1252 1146 1251
3 1251 1146 1229
3 1267 1249 1248
3 1239 1262 802
3 1243 1194 1186
3 1210 1159 1222
3 1248 1249 1228
3 1216 1210 1222
3 1217 1247 455
3 1242 778 1244
3 1233 1250 1227
3 1096 1090 1203
3 1275 1238 1106
3 983 982 1244
3 1203 1247 1096
3 1238 1237 1118
3 1238 1118 1106
3 1228 1249 1192
3 1387 1208 1217
3 653 1256 837
3 1255 1257 1258
3 1220 1215 1260
3 1259 1260 1215
3 1259 1215 1336
3 1238 1274 1237
3 1223 1248 1228
3 1258 1263 1255
3 1260 1282 1220
3 802 1262 1264
3 1178 3029 1179
3 1203 456 455
3 1092 1178 1085
3 1299 802 1264
3 1268 1206 1269
3 1087 1179 808
3 1255 1265 1201
3 1262 1325 1264
3 1266 1267 1248
3 1197 1194 1270
3 1264 1386 1295
3 1212 1268 119
3 1201 1271 1255
3 1270 1194 1261
3 1332 1325 1262
3 1273 1268 1272
3 1261 1194 1225
3 1266 1248 1377
3 3858 3895 1271
3 1217 1229 1247
3 1432 119 1268
3 1225 1254 1261
3 1295 1299 1264
3 1273 1432 1268
3 455 1247 1203
3 1178 1241 3021
3 1238 1275 1274
3 1255 1263 1265
3 2838 1263 1258
3 1268 1269 1272
3 1043 1280 1277
3 822 827 1307
3 1271 1257 1255
3 819 1309 829
3 1280 1045 1283
3 1251 1276 1252
3 819 802 1299
3 1278 1235 1232
3 1307 827 829
3 1287 1285 1279
3 1276 1235 1278
3 1286 2838 1258
3 1235 1276 1251
3 1235 1251 1230
3 1166 1289 1162
3 0 1288 126
3 1231 1278 1232
3 3923 1293 1290
3 1407 1294 105
3 1278 1231 1281
3 1246 1281 1234
3 1290 1286 3938
3 0 1294 1296
3 1162 1289 1275
3 1281 1245 1282
3 1221 1282 1245
3 1245 1226 1221
3 1245 1281 1246
3 1323 1327 1284
3 3940 1290 3938
3 1285 1287 1298
3 1259 1342 1260
3 1221 1220 1282
3 1284 1277 1280
3 1301 1298 1287
3 1289 1166 1303
3 1300 1306 1290
3 1296 1075 1288
3 1290 2846 1286
3 1030 1075 1296
3 1274 1275 1374
3 1307 1309 1291
3 1277 1284 1305
3 1309 1299 1292
3 1277 1305 1129
3 1290 1293 1300
3 1311 1223 1147
3 1290 1306 2846
3 1311 1147 1305
3 944 948 1308
3 2846 2838 1286
3 0 105 1294
3 0 1296 1288
3 1314 1312 1313
3 1043 1045 1280
3 1314 1313 1158
3 1256 3030 1315
3 1318 4331 324
3 829 1309 1307
3 1292 1291 1309
3 1164 1542 1165
3 488 1312 1314
3 1309 819 1299
3 1315 522 837
3 1129 1305 1147
3 53 270 309
3 653 702 1256
3 1295 1292 1299
3 1318 1300 1293
3 1256 1315 837
3 1302 1307 1434
3 1316 1317 245
3 1318 53 309
3 1315 1253 522
3 1242 1319 1239
3 53 1318 1293
3 1262 1319 1332
3 1116 1542 1117
3 1006 1320 1005
3 1318 1321 1300
3 1242 982 992
3 1007 1005 1314
3 1321 2856 1306
3 1322 1316 1279
3 1262 1239 1319
3 1142 1141 1542
3 488 1314 1320
3 1317 1316 1322
3 992 1319 1242
3 1320 483 488
3 1323 1284 1280
3 1283 1323 1280
3 1320 439 692
3 150 1392 1362
3 1306 1300 1321
3 950 1314 1158
3 1321 1318 324
3 1334 1303 1158
3 69 1326 80
3 1284 1327 1324
3 1334 1158 1313
3 1327 1348 1324
3 1276 1542 1252
3 1328 80 1326
3 1331 150 161
3 1314 1005 1320
3 692 483 1320
3 1392 150 1331
3 1322 1279 1329
3 1322 1329 1380
3 1329 1279 1285
3 1002 1319 992
3 1326 1053 1453
3 1305 1324 1333
3 1329 1285 1335
3 1331 2024 1341
3 1333 1311 1305
3 1328 83 80
3 1335 1285 1298
3 1325 1332 1330
3 1324 1305 1284
3 1298 1310 1335
3 1336 1338 1259
3 103 3273 1337
3 1348 1369 1324
3 1319 1002 1332
3 3272 3276 83
3 1369 1333 1324
3 1313 1312 1343
3 1339 1335 1310
3 1296 1294 1304
3 1282 1260 1342
3 1343 1334 1313
3 1323 2945 1327
3 886 1441 876
3 1344 1386 1325
3 332 284 1317
3 1351 1426 1350
3 1347 1349 1350
3 1344 1379 1386
3 1327 2950 1348
3 1353 1426 1352
3 1351 1352 1426
3 1356 1357 1387
3 1343 1414 1334
3 1330 1344 1325
3 1347 1358 1349
3 1346 876 1441
3 1347 1731 1358
3 1351 1358 1731
3 1344 1330 1849
3 1020 1360 1359
3 1731 1363 1351
3 1366 1426 1367
3 1354 1365 1405
3 1322 1354 1317
3 1362 1372 3410
3 488 489 1312
3 1365 1354 1322
3 1367 1356 1355
3 1367 1355 1366
3 1356 1367 1373
3 1367 1353 1373
3 1363 1373 1353
3 1352 1363 1353
3 1357 1356 1373
3 1370 1357 1373
3 332 1317 1354
3 1358 1350 1349
3 1377 1311 1371
3 1372 1362 1393
3 1351 1350 1358
3 1392 1393 1362
3 1454 1020 1359
3 1344 1340 1379
3 1406 1377 1371
3 1364 1379 1340
3 1374 1334 1376
3 480 1381 1382
3 1394 1375 1372
3 1382 1384 1387
3 1406 1371 1389
3 1383 966 1388
3 1385 966 1383
3 1417 1347 1423
3 1365 1380 1378
3 1388 943 1391
3 1371 1311 1333
3 1334 1446 1376
3 1248 1223 1377
3 1404 1386 1379
3 1426 1347 1350
3 1223 1311 1377
3 1322 1380 1365
3 1303 1374 1289
3 1379 1364 1404
3 1393 1394 1372
3 1390 943 1395
3 1208 1387 1357
3 1420 1375 1421
3 1370 1451 1208
3 1357 1370 1208
3 1389 1371 1369
3 1275 1289 1374
3 1373 1739 1370
3 1028 1429 1027
3 1374 1303 1334
3 1435 1396 1341
3 1208 1451 1215
3 1386 1264 1325
3 1396 1435 1402
3 1369 1368 1389
3 1395 1027 1429
3 1399 1378 1397
3 1395 1429 1390
3 1391 1390 1429
3 1355 1356 1387
3 1371 1333 1369
3 1396 1392 1341
3 480 717 1381
3 1361 1398 1401
3 1334 1480 1446
3 1382 455 480
3 973 966 1400
3 1402 1393 1396
3 1361 1401 1364
3 1382 1387 455
3 1403 1441 1400
3 1378 1399 1365
3 1382 1381 1384
3 1366 1355 1384
3 1387 1384 1355
3 1343 1312 489
3 1385 1383 1403
3 1400 1385 1403
3 1426 1423 1347
3 107 1407 105
3 1375 1394 1421
3 1401 1404 1364
3 1331 1341 1392
3 1426 1353 1367
3 1384 1426 1366
3 1365 1399 1405
3 1408 356 1729
3 717 723 1381
3 1393 1392 1396
3 1405 341 338
3 1343 1433 1413
3 1394 1393 1402
3 338 1354 1405
3 1451 1746 1215
3 1448 1411 1410
3 835 1297 1415
3 1413 1431 1414
3 1398 1425 1410
3 1415 1304 1294
3 1416 1420 1418
3 1405 2357 341
3 1411 1404 1410
3 835 1415 1419
3 2357 1405 1399
3 1414 1343 1413
3 1295 1411 1292
3 1343 503 1433
3 1419 857 835
3 1423 1439 1417
3 1419 1408 1729
3 1423 1426 1424
3 1418 1499 1416
3 1419 1415 1408
3 1384 1427 1426
3 1415 1407 1408
3 1410 1401 1398
3 1419 1729 857
3 107 1408 1407
3 1424 1427 720
3 1383 1388 1422
3 1404 1295 1386
3 1430 1428 1397
3 1415 1294 1407
3 1401 1410 1404
3 1297 1304 1415
3 1427 1381 723
3 1380 1335 1430
3 835 2872 1297
3 3421 1420 1416
3 1563 116 1432
3 1404 1411 1295
3 1418 1420 1421
3 949 1429 1028
3 121 1211 1212
3 1424 1426 1427
3 1430 1397 1378
3 1499 1495 1416
3 1384 1381 1427
3 1212 119 121
3 1450 1291 1292
3 1447 1412 3424
3 1412 1422 3424
3 1412 1409 1422
3 1383 1422 1403
3 1409 1403 1422
3 1433 1455 1413
3 1437 1073 1211
3 1291 1434 1307
3 723 720 1427
3 1391 1422 1388
3 1429 1422 1391
3 1335 1380 1329
3 1291 1436 1434
3 1380 1430 1378
3 1450 1436 1291
3 1498 1440 1339
3 1439 1423 1483
3 489 503 1343
3 1432 116 119
3 1458 1417 1439
3 1441 3341 1346
3 121 1437 1211
3 503 505 1433
3 1335 1339 1440
3 1437 1288 1073
3 1438 1444 1442
3 886 998 1441
3 973 1400 1441
3 126 1288 1437
3 1292 1411 1450
3 1352 1351 1363
3 1403 1409 1441
3 1438 1402 1435
3 1409 1412 1447
3 505 1457 1433
3 1449 1438 1442
3 1411 1448 1450
3 1402 1449 1394
3 1425 1448 1410
3 1449 1421 1394
3 1425 1881 1448
3 1440 1445 1430
3 1428 1430 1443
3 1435 4094 4096
3 1430 1335 1440
3 1458 1752 1417
3 2228 4094 1435
3 1433 1457 1455
3 1443 1430 1445
3 1456 1436 1450
3 1402 1438 1449
3 1448 1456 1450
3 1348 2971 1369
3 1472 1458 1439
3 1460 1421 1449
3 1462 1459 1482
3 1480 1414 1466
3 1462 1460 1459
3 1464 1307 1302
3 1468 1460 1462
3 1431 1466 1414
3 822 1307 1464
3 1431 1413 1455
3 1449 1442 1459
3 1266 1377 1406
3 1449 1459 1460
3 1471 1472 1473
3 1455 1474 1475
3 1463 1339 1310
3 1465 1473 1476
3 1468 1499 1418
3 1431 1475 1466
3 1460 1468 1418
3 1474 1466 1475
3 130 1464 1302
3 1421 1460 1418
3 1476 1509 1465
3 1480 1334 1414
3 130 3746 1464
3 1424 1483 1423
3 3424 1467 1461
3 1459 1442 1481
3 1483 1479 1439
3 1459 1481 1482
3 1484 1389 1368
3 1467 1422 1469
3 781 1424 720
3 1467 3424 1422
3 1485 1486 1434
3 762 1483 781
3 1469 1422 1429
3 1465 1471 1473
3 1473 1472 1479
3 1470 1469 1429
3 1444 4138 1481
3 1434 1436 1485
3 1487 3127 3093
3 1474 1488 1466
3 3883 130 1486
3 1481 1442 1444
3 949 945 1470
3 1470 1429 949
3 1455 1488 1474
3 1406 1389 1487
3 1455 1457 1488
3 1486 1302 1434
3 3093 1406 1487
3 1436 1491 1485
3 1531 1477 1532
3 1487 1389 1484
3 1479 1472 1439
3 1302 1486 130
3 1478 1489 1490
3 1498 1490 1489
3 2994 3011 3166
3 1483 1424 781
3 1490 1498 1463
3 1479 1483 762
3 1491 1436 1456
3 1452 1501 1510
3 1771 1472 1471
3 1499 1502 1495
3 1503 1504 1457
3 1488 1457 1504
3 1339 1463 1498
3 1523 1514 1503
3 1505 1475 1431
3 1505 1431 1455
3 1475 1505 1455
3 1146 1542 1140
3 1272 1507 1273
3 1497 1495 1502
3 1465 1506 1782
3 1500 1518 1521
3 1783 1782 1506
3 525 1457 505
3 1489 1478 1477
3 1506 1508 1783
3 1272 1452 1507
3 1540 1489 1477
3 1515 1516 1517
3 1506 1509 1513
3 842 1509 849
3 1502 1515 1497
3 1539 1518 1541
3 1520 1599 1517
3 1523 1503 1457
3 1524 1457 545
3 525 545 1457
3 429 444 1522
3 1518 1500 1541
3 1523 1457 1524
3 2605 1511 1478
3 1488 1504 1466
3 1514 1466 1504
3 2605 2595 1511
3 1492 1494 1530
3 1514 1480 1466
3 1517 1516 1520
3 1691 1603 1521
3 1515 1502 1516
3 1494 1492 1496
3 1599 21 1517
3 1518 1691 1521
3 1511 1512 1525
3 1524 1514 1523
3 444 1519 1522
3 1504 1503 1514
3 1478 1511 1477
3 1546 1468 1526
3 1530 1529 1492
3 1522 1513 840
3 1468 1462 1526
3 1514 1552 514
3 1511 1532 1477
3 1528 1526 1462
3 1493 1530 1494
3 1482 1528 1462
3 1514 514 1480
3 1506 1513 1508
3 514 1446 1480
3 1513 1522 1508
3 1532 1511 1525
3 1508 1522 1519
3 613 196 1065
3 3175 1530 1493
3 1065 1068 613
3 1534 1533 1526
3 842 840 1513
3 1527 1535 1541
3 1541 1535 1539
3 1540 1477 1600
3 1526 1528 1534
3 1535 927 853
3 1477 1531 1600
3 1506 1465 1509
3 1539 1535 853
3 851 1539 853
3 1476 849 1509
3 1536 1574 1537
3 842 1513 1509
3 1541 1500 1732
3 1604 1540 1600
3 1519 2763 1508
3 1549 1499 1546
3 851 1518 1539
3 1498 1489 1554
3 1557 1498 1554
3 1546 1499 1468
3 1540 1604 1547
3 1533 1549 1546
3 1544 514 1545
3 1533 1546 1526
3 1570 1549 1533
3 1554 1553 1557
3 1547 1554 1540
3 514 1552 1545
3 1547 1553 1554
3 1553 1547 1543
3 1571 1533 1534
3 1461 1467 1542
3 1501 1586 1510
3 1467 1469 1542
3 1489 1540 1554
3 1535 1527 1564
3 1432 1273 1507
3 1469 1470 1542
3 1499 1549 1502
3 1452 1510 1507
3 1516 1502 1549
3 1470 1308 1542
3 1308 1167 1542
3 1551 1548 1562
3 1560 1684 1559
3 1167 1168 1542
3 1520 1559 1684
3 1684 1560 1566
3 1440 1498 1557
3 1168 1169 1542
3 1550 1555 1561
3 1557 1445 1440
3 1564 1562 921
3 1169 1165 1542
3 927 1564 921
3 1164 1163 1542
3 1163 1126 1542
3 1551 1562 1564
3 1568 1445 1557
3 1568 1557 1553
3 1527 1551 1564
3 1126 1125 1542
3 1571 1559 1570
3 1568 1553 2440
3 1125 1117 1542
3 1559 1516 1570
3 1559 1571 1560
3 1443 1445 1568
3 927 1535 1564
3 1570 1533 1571
3 1543 2440 1553
3 1569 1591 1538
3 1141 1140 1542
3 1146 1252 1542
3 1559 1520 1516
3 1555 1572 1561
3 1548 2053 1724
3 1516 1549 1570
3 1575 1545 1573
3 1276 1278 1542
3 1278 1281 1542
3 1281 1282 1542
3 1562 1548 1724
3 1567 3037 1561
3 1577 1576 1560
3 2162 1567 1572
3 1282 1342 1542
3 1571 1577 1560
3 1561 1572 1567
3 1342 1687 1542
3 1572 2165 2162
3 1772 1575 1573
3 1525 1512 1593
3 1512 1583 1593
3 1577 4195 1576
3 1572 1555 1590
3 1563 1584 1586
3 1577 1571 1534
3 1584 1432 1507
3 2031 1579 1585
3 1507 1510 1584
3 1660 1605 1565
3 1542 3639 3642
3 1566 1576 1588
3 1576 1566 1560
3 1585 1579 1593
3 1563 1586 1589
3 2079 2084 1596
3 1593 1579 1594
3 1538 1591 3969
3 21 1599 10
3 4031 4035 1591
3 1532 1525 1593
3 1586 1584 1510
3 1585 1593 1583
3 1646 1589 1586
3 1542 1687 1688
3 1596 1595 1597
3 1688 1689 1542
3 1501 1646 1586
3 1593 1531 1532
3 1689 1690 1542
3 1582 1545 1552
3 1600 1531 1593
3 1572 1592 1558
3 1690 3681 1542
3 1604 1593 1594
3 1558 1638 2192
3 1572 1590 1592
3 1582 579 1786
3 1638 1558 1598
3 2192 2181 1558
3 1606 1607 1601
3 1605 1569 1565
3 1604 1600 1593
3 1592 1598 1558
3 1569 1605 1591
3 1606 1599 1608
3 1597 1603 1691
3 1573 1582 1786
3 1542 3633 3636
3 1607 1609 1602
3 1545 1575 1544
3 2266 1595 1596
3 3639 1542 3636
3 1596 2084 2266
3 1596 1611 1587
3 1601 28 1606
3 1563 1432 1584
3 1602 1601 1607
3 1597 1170 1596
3 1170 1035 1611
3 1579 2031 1610
3 1599 1520 1608
3 1547 1604 1594
3 1607 1606 1608
3 1035 1083 1611
3 1563 1614 311
3 1614 314 311
3 1555 1550 1615
3 1083 1587 1611
3 1628 1555 1615
3 1596 1170 1611
3 1617 2067 314
3 1083 1580 1587
3 1543 1547 1594
3 1542 3632 3633
3 249 34 1619
3 1616 1977 1622
3 1563 1589 1614
3 1589 1656 1614
3 249 1619 1647
3 1615 3041 1618
3 1573 1545 1582
3 1622 1620 1626
3 1620 3997 1626
3 1647 1640 249
3 1622 1626 1616
3 3645 1542 3642
3 1630 1626 3997
3 1614 1617 314
3 3597 1542 3645
3 1614 1621 1617
3 1632 1624 1623
3 4213 270 254
3 3599 1542 3597
3 1632 1071 1633
3 1071 1632 1074
3 1602 1619 1601
3 1605 1636 1591
3 1632 1633 1624
3 1678 1635 1627
3 1639 1591 1636
3 1632 1641 1074
3 254 249 1640
3 1623 1581 1632
3 1670 1946 1636
3 1646 2494 1656
3 1071 1662 1633
3 1636 1631 1613
3 1612 1626 1613
3 1616 1626 1612
3 1636 1613 1626
3 1630 1639 1636
3 1626 1630 1636
3 1581 1641 1632
3 3995 4000 3996
3 1619 1602 1647
3 1581 1580 1641
3 1630 3997 1639
3 1589 1646 1656
3 1655 1645 1644
3 1501 2442 1646
3 1650 1670 1649
3 1653 1654 1647
3 1683 1685 1634
3 1634 1685 1656
3 1624 1651 1648
3 1634 2474 1683
3 2282 1638 1642
3 1637 2282 1642
3 1653 1647 1602
3 1658 1645 1655
3 1654 4223 1640
3 1224 1645 1658
3 1565 1556 1660
3 1254 1224 1658
3 1629 1628 1674
3 1654 1640 1647
3 1628 1615 1618
3 1602 1609 1653
3 1660 1556 1659
3 1555 1628 1590
3 1633 1662 1651
3 1678 1645 1671
3 1598 1642 1638
3 1664 1654 1653
3 1643 1598 1592
3 1660 1636 1605
3 1629 1590 1628
3 1662 1666 1652
3 1653 1609 1664
3 1652 1651 1662
3 1590 1629 1592
3 1668 1609 1667
3 1662 1665 1666
3 1224 1671 1645
3 1629 1643 1592
3 1796 1670 1659
3 1598 1643 1642
3 1651 1624 1633
3 1661 2519 1672
3 1659 1670 1660
3 1673 4257 1668
3 1663 1635 1671
3 1665 1705 1666
3 1675 1673 1668
3 1636 1660 1670
3 1662 1102 1665
3 1336 1215 1677
3 2325 1652 1666
3 1672 1682 1661
3 1681 1676 1637
3 1952 1670 1796
3 1083 1641 1580
3 1670 1947 1946
3 1679 1642 1643
3 1650 1947 1670
3 1685 1683 1692
3 1678 1695 1645
3 1083 1074 1641
3 1644 1645 1695
3 1671 1635 1678
3 1172 1174 1597
3 1520 1684 1608
3 1682 1683 1661
3 1667 1684 1566
3 1691 1172 1597
3 1667 1608 1684
3 2474 1661 1683
3 1671 1175 1663
3 1642 1681 1637
3 1675 1667 1566
3 1671 1138 1175
3 1608 1667 1607
3 1224 1138 1671
3 2132 1694 1692
3 1673 1675 1588
3 1681 1642 1693
3 1692 1682 2127
3 1566 1588 1675
3 1685 1621 1614
3 1681 1693 1838
3 1696 1625 1710
3 1687 1697 1698
3 1664 1609 1668
3 1678 1627 1696
3 1574 1578 1819
3 1668 1667 1675
3 3739 1745 1686
3 1627 1625 1696
3 1691 851 1172
3 1609 1607 1667
3 1678 1699 1695
3 1679 1693 1642
3 1695 1699 1644
3 1338 1336 1697
3 1628 1618 1674
3 1644 1699 1701
3 1687 1698 1688
3 1544 1575 1578
3 1686 1659 1556
3 1778 1629 1674
3 1552 579 1582
3 1597 1174 1170
3 851 1691 1518
3 1102 2103 1704
3 1578 1536 1544
3 1665 1704 1705
3 1925 1537 1700
3 3685 1689 1688
3 1745 1659 1686
3 1700 1537 1574
3 1689 3771 1690
3 281 1702 280
3 1536 1578 1574
3 1687 1342 1697
3 1708 281 1704
3 1705 1704 281
3 1708 1726 281
3 1342 1259 1697
3 1338 1697 1259
3 1678 1696 1699
3 1705 2358 1666
3 1697 1721 1698
3 1680 1698 1721
3 1715 1706 1701
3 1704 1665 1102
3 280 1702 1758
3 1709 1711 1713
3 1709 1713 1714
3 1677 1669 1697
3 1721 1697 1669
3 1701 1699 1715
3 1711 1860 1738
3 1720 1709 1733
3 1714 1733 1709
3 1685 1614 1656
3 1720 1723 1709
3 1677 1697 1336
3 1713 1738 1714
3 1694 1685 1692
3 1683 1682 1692
3 1699 1696 1710
3 1715 1699 1710
3 1694 1621 1685
3 1729 356 361
3 1808 1719 1717
3 1744 978 1718
3 1727 2065 1726
3 946 1718 978
3 1724 921 1562
3 1451 1370 1739
3 1702 1726 2065
3 1731 1739 1363
3 947 921 1724
3 1724 1737 947
3 1734 360 855
3 1728 1731 1347
3 1732 1500 1743
3 1734 1729 361
3 1373 1363 1739
3 1708 1736 1726
3 1717 1719 1743
3 946 1737 1718
3 1702 281 1726
3 1719 1732 1743
3 1737 1722 1718
3 1729 1734 857
3 1736 1727 1726
3 2665 2660 1739
3 946 947 1737
3 1737 1724 1722
3 487 909 360
3 1716 1727 2154
3 1718 1742 1744
3 903 487 440
3 1669 1215 1746
3 1742 1763 1744
3 3739 1740 1745
3 1500 1521 1743
3 1710 1725 1747
3 1625 1725 1710
3 1451 2660 1680
3 1680 1721 1451
3 1451 1721 1746
3 2254 1743 1521
3 1721 1669 1746
3 487 903 909
3 1730 1723 1735
3 1720 1733 1723
3 1735 1723 1733
3 1706 1715 1748
3 1733 1714 1738
3 1735 1733 1738
3 1751 300 1749
3 647 1750 667
3 1740 1738 1859
3 1713 1711 1738
3 1748 1710 1747
3 1347 1417 1728
3 1756 1748 1747
3 1417 1752 1728
3 1754 1761 1759
3 1762 1760 985
3 1765 167 1751
3 1748 1715 1710
3 1762 667 1750
3 1793 1745 1740
3 1748 1756 1807
3 1764 1752 1458
3 1765 161 167
3 1766 1778 1674
3 1927 1751 1749
3 1573 1795 1772
3 1771 1471 1769
3 1764 1458 1771
3 1819 1578 1772
3 1702 1927 1758
3 1754 2828 1753
3 1765 1331 161
3 1578 1575 1772
3 1744 1759 1761
3 1753 1761 1754
3 1762 984 1768
3 1744 1763 1759
3 1794 1772 1795
3 1768 976 440
3 1458 1472 1771
3 1775 1767 1756
3 1780 1774 2032
3 1777 1780 2032
3 1794 1712 1772
3 1744 979 978
3 1771 1769 2721
3 1750 1760 1762
3 1725 1781 1747
3 1772 1820 1819
3 1756 1747 1781
3 1761 979 1744
3 1781 1775 1756
3 1820 1772 1712
3 1782 1471 1465
3 1026 985 1760
3 1753 988 1761
3 1785 1776 1784
3 1776 1774 1784
3 1780 1784 1774
3 1768 667 1762
3 1766 1755 1778
3 579 1097 1786
3 1706 1748 1787
3 440 435 1768
3 1784 1780 1796
3 1755 1757 1779
3 1802 1786 1097
3 988 979 1761
3 984 976 1768
3 976 903 440
3 2032 2026 1777
3 1770 1796 1773
3 1782 1769 1471
3 1779 1778 1755
3 1796 1770 1657
3 3007 2991 1788
3 1794 1795 1791
3 1519 444 1790
3 444 1918 1790
3 1659 1745 1796
3 1791 1712 1794
3 1796 1745 1793
3 1508 2763 2761
3 1508 2761 1783
3 1777 1773 1796
3 1618 1766 1674
3 1798 1800 2849
3 1793 1784 1796
3 1780 1777 1796
3 1618 3039 1766
3 1748 1799 1787
3 1801 1795 1802
3 1793 1785 1784
3 1803 1789 1800
3 1808 1805 1892
3 1832 2991 999
3 1800 1797 1002
3 1799 1807 1804
3 1778 1679 1643
3 1873 1774 1810
3 1776 1810 1774
3 988 1803 992
3 1805 1778 1779
3 1786 1795 1573
3 1879 1811 1812
3 1880 1811 1879
3 1778 1841 1679
3 1789 2849 1800
3 1802 1097 1801
3 1753 1789 1803
3 1800 1798 1797
3 1748 1807 1799
3 1002 1803 1800
3 2843 2887 1814
3 988 1753 1803
3 1802 1795 1786
3 1807 1756 1767
3 1816 1828 1814
3 1002 992 1803
3 1778 1805 1841
3 1812 1816 1879
3 1798 1818 1797
3 1841 1693 1679
3 3028 1792 1813
3 1825 2785 1822
3 1814 1822 2843
3 1817 1815 2635
3 1778 1643 1629
3 1821 2785 1825
3 2843 1822 2785
3 1798 1823 1818
3 2635 1724 1817
3 1792 3007 1827
3 1798 1826 1823
3 1880 1828 1811
3 1820 1829 1819
3 1827 1788 1830
3 1822 1814 1831
3 1828 1831 1814
3 1812 1811 1816
3 1828 1816 1811
3 1830 1832 1833
3 1822 1831 1825
3 1717 1676 1681
3 1832 999 1835
3 1825 1831 1828
3 1825 1828 1821
3 1693 1841 1838
3 1709 2785 1711
3 1829 1837 1819
3 1808 1717 1838
3 1840 1839 1821
3 2785 1821 1839
3 1830 1862 1827
3 1574 1819 1837
3 1838 1717 1681
3 1838 1805 1808
3 1574 1837 1700
3 1841 1805 1838
3 1332 1797 1330
3 1824 1926 1928
3 1860 1711 1840
3 1767 1824 1875
3 1818 1330 1797
3 1842 1760 1750
3 1332 1002 1797
3 1835 1842 1833
3 1839 1840 1711
3 1775 2607 1836
3 1820 1847 1829
3 1760 1835 1026
3 1821 1828 1840
3 1828 1850 1840
3 1832 1830 1788
3 1849 1818 1846
3 1833 1832 1835
3 1880 1853 1828
3 1850 1828 1853
3 1824 1928 1875
3 1872 1844 1829
3 1860 1840 1850
3 1330 1818 1849
3 999 1026 1835
3 1853 1873 1852
3 1810 1852 1873
3 1845 2049 2055
3 1826 1854 1846
3 1835 1760 1842
3 1824 1767 1775
3 1850 1855 1856
3 1857 1858 1856
3 1858 1859 1856
3 1850 1856 1859
3 1850 1859 1860
3 1824 1775 1836
3 1855 1850 1853
3 1843 1851 2634
3 1844 1700 1837
3 1818 1823 1846
3 1844 1837 1829
3 1826 1846 1823
3 1863 1847 1820
3 1827 1861 1792
3 1827 1862 1861
3 1859 1738 1860
3 1872 1829 1847
3 1793 1740 1857
3 1820 1712 1863
3 1853 1852 1856
3 1853 1856 1855
3 1793 1857 1785
3 1856 1785 1857
3 1810 1776 1852
3 1852 1776 1856
3 1776 1785 1856
3 1862 1961 1861
3 1807 1868 1864
3 1866 1527 1541
3 1740 1859 1858
3 1866 1848 1527
3 1844 1872 1944
3 1862 1830 1869
3 1833 1869 1830
3 1541 1732 1866
3 1864 1868 1870
3 1961 1862 1869
3 1858 1857 1740
3 1791 1863 1712
3 1866 1845 1848
3 1871 1398 1361
3 1884 174 1806
3 1861 1813 1792
3 1875 1868 1807
3 1872 1847 1882
3 1719 1874 1866
3 1956 1964 1813
3 1847 2912 1882
3 1767 1875 1807
3 2912 1847 1863
3 1813 1861 1956
3 1732 1719 1866
3 1874 1845 1866
3 1876 1893 1890
3 1842 1878 1833
3 1888 1870 1868
3 1874 1719 1808
3 1935 1878 1936
3 1871 1877 1398
3 1880 1873 1853
3 1890 1895 1876
3 646 1878 1842
3 1878 1869 1833
3 1944 1872 1882
3 1878 1935 1869
3 1877 1425 1398
3 273 1884 1883
3 1875 1928 1886
3 174 1884 273
3 646 753 1936
3 1875 1886 1868
3 1924 1881 1877
3 1871 1913 1877
3 1888 1868 1886
3 1881 1425 1877
3 772 1937 753
3 1897 1892 1933
3 277 273 1883
3 1878 646 1936
3 1448 1881 1896
3 1883 1895 1890
3 277 1883 1893
3 1890 1893 1883
3 1892 1805 1885
3 1885 1805 1899
3 2952 1876 1895
3 1881 1921 1896
3 1899 1707 1885
3 1883 2952 1895
3 1937 1936 753
3 1808 1892 1897
3 1897 1933 1874
3 1893 326 277
3 1874 1808 1897
3 1899 1757 1707
3 1908 350 205
3 1894 1891 1991
3 1940 1870 1888
3 1876 1908 205
3 1944 1906 1844
3 1908 355 350
3 1920 1901 1907
3 1967 1896 1901
3 355 1908 1911
3 1907 1901 1896
3 1899 1779 1757
3 1891 1889 2066
3 1904 1905 3035
3 1919 1844 1906
3 1919 1700 1844
3 1805 1779 1899
3 1906 1903 1919
3 1942 1950 1888
3 1905 3071 3035
3 1834 2023 1911
3 1879 1887 1880
3 2066 1991 1891
3 1790 1918 218
3 1913 1865 3237
3 217 1918 1916
3 3404 1924 1913
3 1918 464 1916
3 1907 1896 1921
3 1916 213 217
3 1922 1932 1703
3 1925 1919 1923
3 1921 1881 1924
3 217 218 1918
3 1925 1923 1917
3 464 431 1916
3 1824 2379 1926
3 1904 1902 1905
3 1919 1925 1700
3 1703 1932 1885
3 1892 1932 1933
3 1959 1962 1929
3 1928 1926 1898
3 490 1929 648
3 1927 1891 1894
3 971 262 1929
3 1886 1928 1898
3 1932 1892 1885
3 1913 1924 1877
3 1932 1922 1914
3 262 283 1929
3 1929 283 1930
3 1889 1891 1927
3 1934 1966 1613
3 1903 1917 1923
3 1938 298 213
3 1969 1970 1900
3 1874 1939 1845
3 1916 1938 213
3 1903 1923 1919
3 1933 1939 1874
3 1962 648 1929
3 431 507 1938
3 1933 1915 1845
3 1927 1894 1751
3 1944 3005 1945
3 1938 507 1941
3 1950 1942 1741
3 1916 431 1938
3 1937 1931 1936
3 1649 1994 1650
3 1947 1650 1994
3 1946 1947 1994
3 1340 1846 1943
3 1933 1932 1914
3 1948 1949 1940
3 1988 1940 1949
3 1340 1849 1846
3 1950 1940 1888
3 1930 283 1941
3 1933 1914 1915
3 272 1941 283
3 1934 1951 1946
3 1952 1994 1649
3 1940 1950 1953
3 1940 1953 1948
3 1649 1670 1952
3 1340 1344 1849
3 1959 1929 1930
3 1845 1939 1933
3 1741 1953 1950
3 1954 2009 1952
3 1620 1622 1977
3 1935 1936 1931
3 1707 1703 1885
3 1865 1913 1943
3 1941 272 298
3 1988 1949 1957
3 1988 1957 1969
3 1969 1900 1988
3 1943 1846 1865
3 1951 1934 1631
3 1613 1631 1934
3 1941 298 1938
3 1809 1960 1337
3 1861 1961 1956
3 1960 1963 165
3 1942 1957 1949
3 1942 1949 1948
3 1657 2026 1958
3 507 546 1941
3 1806 1963 1809
3 1958 1796 1657
3 1865 1846 1854
3 1963 174 166
3 1941 546 1962
3 1941 1959 1930
3 1943 1361 1364
3 1796 1958 1952
3 1954 1952 1958
3 1959 1941 1962
3 101 103 1960
3 1364 1340 1943
3 1951 1636 1946
3 1631 1636 1951
3 1960 103 1337
3 1948 1953 1942
3 1741 1942 1953
3 1943 1913 1871
3 1962 546 648
3 101 1960 165
3 1965 1966 1934
3 1871 1361 1943
3 1456 1967 1491
3 1960 1809 1963
3 1612 1613 1966
3 971 1929 1973
3 1967 1448 1896
3 1970 1969 1898
3 1969 1957 1898
3 1942 1898 1957
3 1963 1806 174
3 1886 1898 1942
3 1929 490 1973
3 1903 1972 1971
3 1973 490 913
3 1886 1942 1888
3 1901 1491 1967
3 1994 1974 1965
3 1985 1973 934
3 1612 1966 1616
3 1977 1616 1966
3 1456 1448 1967
3 1903 1906 1972
3 1985 981 1973
3 1961 1978 1956
3 1491 1901 1979
3 913 934 1973
3 1935 1976 1961
3 1906 1981 1972
3 1981 1944 1945
3 1978 1982 1964
3 1966 1974 2124
3 1979 1901 344
3 1702 2065 1889
3 1966 1965 1974
3 1983 351 1987
3 1945 1955 1984
3 1983 1987 1989
3 1977 1966 1980
3 1702 1889 1927
3 1985 1986 981
3 1984 1981 1945
3 408 1980 2120
3 1912 1982 1909
3 1986 994 981
3 1972 1981 1984
3 1988 1870 1940
3 2000 1864 1870
3 1912 1964 1982
3 1986 928 1998
3 2000 1804 1864
3 1011 994 1986
3 1989 1851 2001
3 1994 1965 1934
3 1864 1804 1807
3 1869 1935 1961
3 1944 1981 1906
3 1994 1997 1974
3 1976 1978 1961
3 1935 1931 1976
3 1011 1986 1998
3 2615 1804 2000
3 1964 1956 1978
3 1999 1983 2001
3 1968 1903 1971
3 1983 1989 2001
3 1990 2034 1992
3 1968 1971 2200
3 2000 1988 2644
3 1996 1999 2001
3 1934 1946 1994
3 2200 1971 2002
3 2000 1870 1988
3 1972 1984 2002
3 1974 2005 2007
3 1995 1992 2034
3 2004 995 2006
3 2133 1984 1955
3 1975 1999 1996
3 1994 1952 2009
3 2008 1976 2003
3 1999 1975 1993
3 2009 2010 1994
3 1976 2008 1978
3 1024 1023 2004
3 1972 2002 1971
3 1976 1931 2003
3 2006 1024 2004
3 1922 1983 1999
3 2002 1984 2129
3 2010 2030 2011
3 2006 2914 1024
3 2005 1997 2011
3 1975 1996 1843
3 2595 2626 2015
3 2012 2013 2003
3 1974 1997 2005
3 2002 2129 2200
3 1915 1999 1993
3 2003 2013 2008
3 2016 2004 1023
3 2001 1843 1996
3 1958 2026 1954
3 2030 2010 2009
3 1023 1066 2017
3 2010 1997 1994
3 1915 1914 1999
3 1011 1998 2017
3 351 355 2023
3 2021 2018 2012
3 2015 1512 1511
3 1059 1011 2017
3 2015 1511 2595
3 1066 1059 2017
3 2010 2011 1997
3 1023 2017 2016
3 1991 2228 1910
3 2023 1987 351
3 1773 2026 1770
3 2012 2003 2021
3 2022 2019 2061
3 1341 1991 1910
3 1341 2024 1991
3 1657 1770 2026
3 1014 2016 2017
3 2015 2058 1512
3 2014 2027 2025
3 1331 1894 2024
3 2027 2028 2029
3 2026 2030 2009
3 1991 2024 1894
3 2017 996 1014
3 1834 1987 2023
3 2009 1954 2026
3 1773 1777 2026
3 1703 351 1922
3 1583 1512 2058
3 351 1983 1922
3 1990 2029 2034
3 2035 2030 2036
3 2166 1610 2031
3 2013 1902 2008
3 2053 1975 1817
3 289 2052 813
3 1902 1904 2008
3 1817 1975 1815
3 2034 2037 1995
3 1975 1843 1815
3 1909 1982 2008
3 306 2062 2080
3 2034 2028 2037
3 1867 1987 1834
3 1904 1909 2008
3 2033 2702 2704
3 2040 2229 2039
3 2025 2027 2029
3 2029 2028 2034
3 2033 2704 2098
3 2032 2030 2026
3 2032 1774 2059
3 2101 2032 2059
3 2040 764 2229
3 2039 2018 2040
3 2357 2411 341
3 2032 2036 2030
3 289 345 2080
3 2021 1937 2040
3 2001 1851 1843
3 773 2040 772
3 2011 2030 2035
3 2021 2003 1931
3 1867 1851 1989
3 1982 1978 2008
3 1867 1989 1987
3 2018 2021 2040
3 2049 1993 1975
3 289 2047 2052
3 1937 772 2040
3 1817 1724 2053
3 1931 1937 2021
3 2057 2048 2037
3 773 764 2040
3 2087 2045 2050
3 2046 2048 2057
3 1774 1873 2059
3 2056 2052 2047
3 2037 2028 2057
3 2049 2053 2055
3 2049 1975 2053
3 1749 1758 1927
3 2186 2052 2056
3 2051 2098 2044
3 2054 2044 2042
3 2043 2015 2041
3 2043 2038 2015
3 1848 1845 2055
3 2022 2061 2060
3 1751 1894 1765
3 2015 2038 2058
3 1331 1765 1894
3 2064 2063 2062
3 2104 2059 1873
3 1548 1551 2055
3 788 2067 2068
3 2061 2069 2060
3 2055 2053 1548
3 2060 2014 2022
3 1551 1527 1848
3 3113 2064 2062
3 2072 2027 2060
3 1848 2055 1551
3 2067 2070 2068
3 2106 2073 2038
3 2049 1845 1993
3 2075 2058 2038
3 2072 2057 2028
3 2071 2051 2044
3 306 341 3113
3 2054 2071 2044
3 2069 2072 2060
3 2065 2066 1889
3 1999 1914 1922
3 2104 1887 2045
3 2027 2014 2060
3 2065 1716 2074
3 2067 317 314
3 2028 2027 2072
3 1845 1915 1993
3 1716 2065 1727
3 2059 2104 2101
3 2065 2074 2066
3 788 790 2067
3 3113 2062 306
3 2038 2073 2075
3 790 317 2067
3 2104 2045 2081
3 2082 2088 799
3 2075 2163 2058
3 2080 2047 289
3 2045 2087 2081
3 2080 2063 2047
3 2081 2076 2077
3 2081 2090 2076
3 2062 2063 2080
3 2020 2071 2054
3 2087 2090 2081
3 2077 2083 2081
3 2079 2189 2084
3 2054 2137 2020
3 2086 596 788
3 2121 2078 2093
3 2096 2196 2088
3 2088 2082 2096
3 2093 2119 2121
3 1580 1581 2079
3 788 2068 2086
3 2057 2097 2046
3 693 2099 2198
3 2079 1581 2094
3 2085 2097 2093
3 2082 2086 2096
3 2297 2095 1623
3 797 2099 447
3 2085 2093 2078
3 1708 1704 2103
3 2101 2083 2077
3 2097 2069 2093
3 2079 1596 1587
3 2103 1736 1708
3 2079 1587 1580
3 2100 813 2052
3 1205 2105 1196
3 2052 2186 2100
3 2081 2083 2104
3 2069 2119 2093
3 1880 2104 1873
3 2094 1581 2095
3 1736 2103 2152
3 2069 2097 2072
3 2046 2097 2085
3 2105 2103 1196
3 2083 2101 2104
3 2097 2057 2072
3 2105 2111 2103
3 2207 797 2100
3 2297 2102 2095
3 1682 1672 2108
3 1581 1623 2095
3 2110 2101 2077
3 693 439 2099
3 2108 2127 1682
3 2032 2110 2036
3 2051 2033 2098
3 1663 1175 2116
3 3063 2118 2020
3 1887 2104 1880
3 2061 2019 2112
3 2116 2573 1663
3 2089 2106 2109
3 3075 2051 2118
3 1175 1152 2116
3 2118 2051 2071
3 2112 2119 2061
3 2101 2110 2032
3 2071 2020 2118
3 1966 2124 2120
3 2144 2073 2092
3 2073 2091 2092
3 678 2128 867
3 2106 2091 2073
3 2007 2124 1974
3 2130 2132 2122
3 2119 3315 2121
3 2089 2091 2106
3 2133 2129 1984
3 2119 2112 3315
3 2119 2069 2061
3 2041 2109 2043
3 1694 2131 1621
3 2106 2043 2109
3 2131 1617 1621
3 2276 1067 867
3 2108 2107 2127
3 2038 2043 2106
3 2135 2136 2129
3 2135 2129 2137
3 408 2120 2164
3 2181 2113 2126
3 2130 2131 2132
3 2132 2127 2122
3 2070 2067 2131
3 2137 2129 2133
3 2269 2128 698
3 2131 1694 2132
3 2011 2141 2005
3 2132 1692 2127
3 2138 3156 3153
3 2067 1617 2131
3 870 2281 2301
3 3153 2140 2138
3 2020 2137 2133
3 2141 2145 2005
3 2126 2142 2181
3 2139 2146 2144
3 2148 2122 2117
3 2120 1980 1966
3 2149 2150 2151
3 2151 2130 2148
3 1097 1120 2313
3 2130 2150 2131
3 2139 2143 2146
3 2953 2156 2140
3 2152 2154 1736
3 2147 2138 2140
3 1120 2153 2313
3 2148 2187 2151
3 2155 2154 2152
3 2149 2096 2086
3 2777 2146 2143
3 2147 2140 2156
3 2150 2070 2131
3 2963 2953 2140
3 2068 2070 2149
3 2154 1727 1736
3 2157 2164 2120
3 2086 2068 2149
3 2157 2120 2124
3 870 2301 2161
3 2163 2144 2146
3 1567 2162 2156
3 2151 2150 2130
3 2130 2122 2148
3 2075 2144 2163
3 2164 2157 2193
3 3155 2160 2158
3 2155 2111 2159
3 2152 2111 2155
3 2144 2075 2073
3 2149 2070 2150
3 2146 2166 2163
3 2103 2111 2152
3 2158 2168 2167
3 2161 1152 1159
3 2107 2122 2127
3 1159 870 2161
3 2227 2158 2167
3 2117 2122 2107
3 2159 2169 2155
3 2172 2115 2156
3 2777 2166 2146
3 2115 2147 2156
3 2134 2115 2172
3 408 2164 2174
3 2142 2134 2165
3 2134 2172 2165
3 1585 1583 2163
3 2172 2156 2162
3 2176 2054 2042
3 2160 2168 2158
3 491 2174 2175
3 1585 2163 2031
3 2172 2162 2165
3 1261 1254 2170
3 2031 2163 2166
3 2137 2054 2176
3 2175 2210 486
3 2173 2187 2171
3 2137 2176 2135
3 2058 2163 1583
3 2138 2147 2115
3 2113 2180 2094
3 2335 1270 1261
3 2142 2165 2181
3 2136 2125 2123
3 1572 1558 2165
3 2165 1558 2181
3 2168 2138 2182
3 2091 2184 2092
3 3722 2184 2089
3 2136 2123 2129
3 2183 2193 2179
3 2184 2091 2089
3 2138 2168 2160
3 2092 2184 2139
3 2113 2181 2180
3 2171 2148 2117
3 2180 2189 2079
3 2175 2183 2210
3 2187 2173 2188
3 2139 2144 2092
3 2207 2100 2186
3 491 2175 486
3 2182 2167 2168
3 2185 2207 2186
3 2182 2178 2167
3 2177 2167 2178
3 2189 2192 2190
3 2298 2179 2193
3 2151 2194 2149
3 2194 2195 2196
3 2319 3951 2191
3 2189 2181 2192
3 2190 2084 2189
3 2136 608 2125
3 2188 2194 2187
3 2850 608 2136
3 693 2197 698
3 2191 2199 2317
3 2214 2215 2199
3 2177 2244 2167
3 2193 2183 2201
3 2237 2348 2202
3 2222 2348 2215
3 2195 2385 2088
3 2199 2191 2204
3 2201 2164 2193
3 2282 2192 1638
3 2164 2175 2174
3 2154 2155 2205
3 2169 2205 2155
3 2079 2094 2180
3 2157 2256 2193
3 2237 2202 2204
3 2183 2175 2201
3 2205 1716 2154
3 2180 2181 2189
3 2201 2175 2164
3 2171 2187 2148
3 2197 2198 3238
3 1287 1279 2230
3 2196 2149 2194
3 2205 2114 1716
3 2192 2282 2190
3 2274 3228 2203
3 2205 2169 2114
3 2230 1279 2206
3 2088 2196 2195
3 2194 2151 2187
3 2195 2194 2188
3 2213 2274 2203
3 1316 2206 1279
3 2208 2095 2209
3 2149 2196 2096
3 2099 797 2207
3 693 2198 2197
3 2208 2094 2095
3 1716 2114 2074
3 2198 2099 2207
3 2204 2224 2222
3 2182 2138 2115
3 2212 2274 2213
3 2222 2215 2204
3 2214 2204 2215
3 2207 2185 2198
3 2219 2238 2218
3 2317 2199 2215
3 2211 2206 1316
3 2226 2126 2221
3 2224 2348 2222
3 2202 2348 2224
3 2126 2113 2221
3 729 2211 691
3 2219 800 2088
3 2208 2221 2113
3 2239 2219 2088
3 2204 2202 2224
3 2178 2182 2115
3 2210 2206 2211
3 2204 2214 2199
3 2178 2115 2226
3 2213 2203 2158
3 2223 2517 2216
3 2226 2115 2134
3 2158 2227 2213
3 2228 2066 2233
3 2226 2134 2142
3 2219 2229 764
3 2221 2208 2234
3 2219 764 603
3 2206 2183 2230
3 2218 2229 2219
3 2218 2225 2229
3 2209 2234 2208
3 2248 2348 2235
3 2220 2223 2233
3 2074 2233 2066
3 2177 2178 2226
3 2239 2238 2219
3 2218 2268 2225
3 2213 2227 2212
3 2177 2226 2221
3 2490 2220 2233
3 2210 2183 2206
3 2227 2231 2212
3 2237 2536 2235
3 2236 2235 2536
3 2233 2074 2490
3 2039 2229 2225
3 2238 2239 2240
3 2212 2231 2232
3 2241 2239 2088
3 2177 2221 2234
3 2204 2536 2237
3 2230 2179 2347
3 2123 2200 2129
3 2211 729 2210
3 2209 2095 2102
3 2232 2231 2244
3 729 486 2210
3 2183 2179 2230
3 2167 2231 2227
3 2142 2126 2226
3 2240 2241 2243
3 2244 2344 2232
3 2113 2094 2208
3 2167 2244 2231
3 2005 2245 2007
3 2240 2247 2238
3 148 2246 2329
3 2209 2102 2234
3 2124 2007 2245
3 2240 2250 2247
3 1676 1717 2254
3 2145 2245 2005
3 2243 2250 2240
3 2254 1717 1743
3 2257 2258 2249
3 2246 2252 2366
3 1521 1603 2254
3 2253 2287 2212
3 2255 122 2259
3 2245 2256 2157
3 2573 2116 2251
3 2232 2242 2253
3 1676 2254 1637
3 2249 2248 2236
3 2235 2236 2248
3 2124 2245 2157
3 2232 2253 2212
3 117 2259 122
3 2250 2260 2247
3 2283 1637 2254
3 2250 2243 2393
3 2236 2257 2249
3 2252 122 2255
3 2260 2250 2393
3 2245 2145 2265
3 2246 122 2252
3 2266 2264 1595
3 117 153 2389
3 2238 2268 2218
3 117 2389 2259
3 2245 2265 2256
3 2267 2261 2274
3 2145 2141 2286
3 2257 2536 2258
3 2190 2264 2266
3 2197 2269 698
3 2266 2084 2190
3 2246 84 122
3 2264 1597 1595
3 2236 2536 2257
3 2270 2128 2269
3 2283 2254 2264
3 2261 2267 2308
3 2240 2239 2241
3 1603 2264 2254
3 2263 2312 2262
3 2271 2272 2273
3 2247 2268 2238
3 1603 1597 2264
3 4086 2223 2216
3 2306 1905 1902
3 2281 2276 2290
3 2228 1991 2066
3 2281 1067 2276
3 1067 2281 1069
3 2284 2285 2279
3 2262 2278 2263
3 2282 1637 2283
3 867 2128 2270
3 867 2270 2276
3 2283 2190 2282
3 1069 2281 870
3 3257 3228 2274
3 2283 2264 2190
3 2274 2287 2267
3 2276 2270 2217
3 2294 2289 2114
3 2265 2331 2311
3 2290 2276 2217
3 2145 2286 2265
3 2287 2278 2262
3 2291 2102 2297
3 2293 2623 2332
3 2272 1493 2273
3 2297 2299 2291
3 2347 2179 2311
3 2300 2295 3835
3 2290 2301 2281
3 2262 2267 2287
3 2292 2299 1648
3 2299 2297 1624
3 1623 1624 2297
3 1648 2299 1624
3 2278 2287 2253
3 2277 2278 2242
3 2287 2274 2212
3 2256 2265 2298
3 2344 2102 2291
3 2253 2242 2278
3 2193 2256 2298
3 2306 2012 2305
3 2304 2302 2271
3 2267 2262 2308
3 2306 2013 2012
3 2311 2179 2298
3 2292 2291 2299
3 2349 2312 2263
3 2298 2265 2311
3 2313 2307 1097
3 2292 2314 2242
3 2262 2312 2315
3 2305 2018 2310
3 2302 2272 2271
3 2018 2039 2310
3 2191 2317 2319
3 1496 2874 2318
3 2349 2320 2321
3 2012 2018 2305
3 2319 2317 2322
3 148 2318 2874
3 2273 1496 2318
3 2315 2308 2262
3 2320 2325 2321
3 2316 2303 2323
3 2325 2327 1652
3 2468 2455 2316
3 2314 2327 2320
3 2328 2301 3293
3 1651 2327 1648
3 2329 2318 148
3 2268 2326 2324
3 2261 2308 3410
3 2325 2358 2321
3 2328 2161 2301
3 2331 2286 2275
3 2204 2191 3951
3 2322 3951 2319
3 1152 2161 2328
3 2358 2325 1666
3 2326 2268 2247
3 2116 1152 2328
3 150 1362 2308
3 1496 2273 1494
3 3293 2116 2328
3 2318 2271 2273
3 2301 2290 3293
3 2308 1362 3410
3 2324 2310 2225
3 2277 2242 2314
3 2468 2316 2323
3 161 2308 2315
3 2318 2329 2271
3 2308 161 150
3 1648 2314 2292
3 2324 2225 2268
3 2331 2275 2323
3 3951 2648 2204
3 2325 2320 2327
3 2331 2265 2286
3 2329 2246 2366
3 2330 3360 3343
3 2312 167 2315
3 2314 1648 2327
3 2303 2311 2331
3 2304 2271 2329
3 1651 1652 2327
3 2323 2303 2331
3 2279 2338 2556
3 2630 2334 2332
3 2292 2339 2291
3 1493 2272 3136
3 2339 2242 2232
3 2350 1301 1287
3 2273 1493 1494
3 2339 2344 2291
3 2102 2344 2234
3 2330 2307 2336
3 1287 2230 2350
3 2295 2338 2285
3 2336 2313 2335
3 2326 2332 2324
3 1261 2170 2335
3 2345 2296 2289
3 2402 2342 2337
3 2339 2232 2344
3 2294 2345 2289
3 2334 2324 2332
3 2344 2177 2234
3 2341 2480 2478
3 2170 3363 2335
3 2348 2248 2346
3 2324 2334 2310
3 2346 2333 2343
3 2348 2346 2343
3 2305 2334 2280
3 2314 2320 2277
3 2280 2306 2305
3 2153 1270 2335
3 2320 2278 2277
3 2330 2336 3360
3 2237 2235 2348
3 2334 2305 2310
3 2263 2278 2320
3 2307 2313 2336
3 2343 2300 2317
3 2345 2294 2351
3 2313 2153 2335
3 2343 2295 2300
3 2343 2317 2348
3 2242 2339 2292
3 2260 2293 2326
3 2279 2285 2338
3 1397 2359 2353
3 2343 2338 2295
3 2326 2293 2332
3 2230 2347 2350
3 2353 1399 1397
3 2317 2215 2348
3 2352 2337 2342
3 2344 2244 2177
3 2225 2310 2039
3 2354 1310 1298
3 2320 2349 2263
3 1902 2013 2306
3 2355 3159 2304
3 1310 2354 2485
3 2341 2340 2480
3 2247 2260 2326
3 2354 2303 2316
3 2304 3159 2302
3 2352 2423 2337
3 2358 280 2360
3 2354 2316 2485
3 2363 2364 2362
3 2359 2383 2353
3 2358 1705 280
3 1428 2369 2359
3 2360 2349 2321
3 2897 2363 2362
3 2357 1399 2353
3 1310 2485 1463
3 2169 2351 2294
3 2321 2358 2360
3 2364 2370 2362
3 1758 2360 280
3 2359 1397 1428
3 2372 2363 2368
3 1301 2350 2354
3 2350 2347 2354
3 2372 2373 2364
3 2188 2173 2365
3 1301 2354 1298
3 2312 300 167
3 2362 2340 2402
3 2375 1428 1443
3 2114 2169 2294
3 2347 2311 2303
3 1428 2375 2369
3 2303 2354 2347
3 2211 1316 245
3 2288 2289 2296
3 2169 2159 2351
3 2211 245 238
3 2360 300 2312
3 238 691 2211
3 2355 2304 2366
3 2304 2329 2366
3 2393 2668 2260
3 2360 2312 2349
3 2378 2366 2252
3 300 2360 1749
3 2255 2378 2252
3 2372 2376 2373
3 2360 1758 1749
3 2375 2404 2369
3 2369 2404 2398
3 2378 2355 2366
3 2386 2380 2076
3 2387 2382 2361
3 2387 2385 2382
3 2528 2381 2380
3 2243 2385 2387
3 2195 2188 2382
3 2382 2385 2195
3 2076 2090 2386
3 2388 2259 2389
3 2387 2393 2243
3 2340 2362 2370
3 2259 2388 2255
3 2364 2363 2372
3 2380 2077 2076
3 2395 2380 2381
3 2356 2371 2789
3 2373 2370 2364
3 2077 2380 2395
3 2365 2361 2382
3 2402 2399 2362
3 2389 2394 2388
3 2392 2391 2384
3 153 3612 2394
3 2341 2402 2340
3 2396 2390 2369
3 2365 2382 2188
3 2243 2241 2385
3 153 2394 2389
3 2390 2396 2383
3 2370 2373 2691
3 2241 2088 2385
3 2425 2110 2395
3 2393 2387 2668
3 2517 2223 2503
3 2036 2110 2425
3 2399 2402 2337
3 2403 2400 2406
3 2395 2381 2530
3 2503 2223 2220
3 2395 2110 2077
3 2378 2255 2397
3 2457 2398 2404
3 2288 2502 2377
3 2036 2408 2035
3 2401 2391 2392
3 2409 2377 2495
3 2353 2383 2411
3 2341 2342 2402
3 2409 2289 2288
3 2357 2353 2411
3 3113 341 2415
3 2388 2397 2255
3 2410 3103 2401
3 2427 2429 2417
3 2415 341 2411
3 2412 2401 2392
3 2397 2388 2419
3 2418 2011 2035
3 2394 2419 2388
3 2406 2400 2420
3 2420 2400 2431
3 2035 2408 2418
3 2390 2383 2359
3 2406 2420 2486
3 2414 1452 2407
3 2390 2359 2369
3 2416 2486 2420
3 2418 2286 2141
3 2423 2413 2421
3 2418 2141 2011
3 2275 2286 2418
3 2375 2457 2404
3 2424 2426 2414
3 2427 2456 2416
3 2337 2423 2421
3 2428 2426 2424
3 2453 2425 2441
3 2429 2431 2417
3 2425 2408 2036
3 2414 2426 1452
3 2427 2416 2429
3 2422 2410 2430
3 2420 2431 2416
3 2416 2431 2429
3 2421 2413 2438
3 2416 1898 1926
3 2437 2448 2434
3 1568 2439 1443
3 2453 2418 2408
3 2432 2436 2434
3 2401 2430 2410
3 2401 2412 2430
3 2437 2434 2394
3 2425 2530 2441
3 2434 2419 2394
3 2417 2431 2400
3 2445 2400 2403
3 2403 2249 2445
3 2436 2419 2434
3 2421 2438 2443
3 2433 2442 2428
3 2443 2438 2384
3 2442 2460 1646
3 1568 2440 2439
3 2475 2439 2440
3 2426 2428 1501
3 2394 201 2437
3 2439 2375 1443
3 2442 1501 2428
3 2438 2392 2384
3 2437 201 185
3 1452 2426 1501
3 2437 185 2448
3 2362 2399 2447
3 2446 2450 2462
3 2450 2451 313
3 2451 2446 2629
3 2505 1579 1610
3 2400 2445 2444
3 2451 2636 2454
3 2432 2434 2448
3 2399 2337 2452
3 2447 2399 2452
3 2337 2421 2452
3 2929 2447 2452
3 313 342 2450
3 2464 2456 1900
3 2417 1900 2456
3 2427 2417 2456
3 2443 2452 2421
3 2448 1200 2432
3 2460 4366 2449
3 2275 2418 2453
3 2450 2446 2451
3 2408 2425 2453
3 1898 2416 2464
3 2454 313 2451
3 2453 2323 2275
3 2463 2465 2462
3 2464 1900 1970
3 2323 2453 2468
3 2512 2515 2461
3 2469 2468 2453
3 4366 2460 2433
3 2464 1970 1898
3 166 2463 165
3 1543 1594 3810
3 171 2465 166
3 2459 2512 2461
3 2433 2460 2442
3 2456 2464 2416
3 2455 2469 2435
3 2458 2355 2378
3 2446 2471 2629
3 2461 2534 2459
3 2457 2439 2475
3 2397 2458 2378
3 2541 2478 2476
3 2466 2458 2397
3 2446 2467 2471
3 2446 2462 2467
3 2419 2466 2397
3 2469 2455 2468
3 1543 2470 2475
3 2481 2346 2248
3 2473 2474 2479
3 2481 2483 2346
3 2576 2471 2467
3 2502 2501 2377
3 2440 1543 2475
3 2472 2474 2473
3 2288 2377 2409
3 2484 2485 2316
3 2476 2480 2487
3 2486 2248 2249
3 2487 2488 2489
3 2248 2486 2481
3 2375 2439 2457
3 2485 2484 1463
3 2490 2377 2220
3 2340 2488 2480
3 2444 2445 2249
3 2463 2462 2492
3 2495 2490 2074
3 2370 2691 2488
3 2249 2403 2486
3 2406 2486 2403
3 1634 1656 2494
3 2462 2450 2492
3 2497 2493 2491
3 2487 2498 2476
3 2377 2490 2495
3 2496 2484 2435
3 2459 2498 2512
3 2479 2474 1634
3 2489 2499 2487
3 2463 339 165
3 2114 2289 2409
3 2409 2495 2114
3 2492 339 2463
3 2494 2479 1634
3 2484 2496 1490
3 2114 2495 2074
3 2449 4368 2479
3 2503 2377 2500
3 2497 3810 2493
3 2473 2479 4368
3 2492 2450 342
3 1594 2493 3810
3 2494 2460 2449
3 2476 2478 2480
3 2400 2258 2536
3 1490 1463 2484
3 2494 1646 2460
3 343 339 2492
3 2487 2480 2488
3 2506 2505 1610
3 342 343 2492
3 2479 2494 2449
3 2455 2435 2484
3 2491 2505 2506
3 2462 2465 2467
3 2340 2370 2488
3 2444 2249 2258
3 1594 1579 2505
3 2459 2476 2498
3 2316 2455 2484
3 2444 2258 2400
3 2505 2493 1594
3 166 2465 2463
3 2499 2498 2487
3 2501 2500 2377
3 2509 2472 2473
3 2477 2371 2356
3 2508 2386 2507
3 2500 2501 2916
3 3967 2506 2510
3 101 165 339
3 2506 2766 2510
3 2386 2508 2380
3 2473 4383 2509
3 2508 2528 2380
3 2518 2472 2509
3 2481 2511 2483
3 2461 2515 2620
3 2506 1610 2766
3 2511 2481 2513
3 1661 2474 2519
3 2515 2516 2627
3 2491 2493 2505
3 2513 2481 2486
3 2377 2503 2220
3 2513 2379 2511
3 2519 2472 2518
3 2516 2515 2499
3 2512 2499 2515
3 2523 2525 2524
3 2477 2483 2522
3 2896 2537 2500
3 2573 2570 1635
3 2498 2499 2512
3 2539 1635 2570
3 2474 2472 2519
3 2916 2896 2500
3 2501 2917 2916
3 1635 2539 1627
3 2508 2514 2528
3 2511 2522 2483
3 1644 1701 2594
3 1995 2632 2516
3 2514 2529 2530
3 2477 2522 2371
3 2527 2519 2518
3 2459 2532 2476
3 2528 2514 2530
3 1658 2170 1254
3 2486 2416 2513
3 1658 1655 2170
3 2534 2461 2535
3 2461 2620 2535
3 2528 2530 2381
3 2503 2500 2524
3 2425 2395 2530
3 1672 2519 2527
3 2417 2400 2644
3 2537 2523 2524
3 2532 2459 2534
3 2524 2500 2537
3 2379 2513 2416
3 2530 2529 2441
3 2539 2544 1627
3 2524 2525 2517
3 4151 2517 2525
3 1926 2379 2416
3 4394 4379 2896
3 4379 4378 2896
3 358 2533 260
3 2529 2453 2441
3 4151 4152 2517
3 1625 1627 2658
3 2517 2503 2524
3 2540 2644 2400
3 2538 2107 2108
3 2548 2538 2547
3 2538 2548 2566
3 2469 2529 2435
3 2545 2542 2478
3 2538 2549 2550
3 2550 2547 2538
3 2453 2529 2469
3 2551 2554 2549
3 1253 2552 2546
3 2546 2561 1202
3 2551 2549 2527
3 2496 2435 2596
3 4409 2551 2527
3 2478 2541 2545
3 2546 2638 2946
3 2538 2108 1672
3 2342 2341 2542
3 2527 2538 1672
3 2400 2536 2540
3 2520 2543 2521
3 2542 2341 2478
3 2496 1478 1490
3 2550 2549 2554
3 2356 2555 2556
3 2549 2538 2527
3 2543 2520 2526
3 2541 2553 2545
3 4409 2557 2551
3 1253 1315 2552
3 2477 2356 2333
3 2557 2554 2551
3 2546 2552 2638
3 2560 2562 2514
3 2541 2532 2553
3 2563 1202 2561
3 2356 2559 2333
3 2559 2338 2343
3 2570 2573 2251
3 2465 2569 2467
3 2508 2507 2560
3 2559 2556 2338
3 2531 2436 2432
3 2356 2789 2555
3 2565 2107 2538
3 2374 2555 2367
3 2436 2482 2466
3 2117 2107 2565
3 2423 2352 2564
3 2374 2571 2555
3 2538 2566 2565
3 2482 2436 2531
3 2482 2531 2504
3 4477 2567 2572
3 2545 2564 2542
3 2419 2436 2466
3 2560 2514 2508
3 2548 2572 2566
3 2567 2566 2572
3 2526 2520 2621
3 2558 2514 2562
3 2542 2564 2352
3 2184 2571 2374
3 2622 2590 2526
3 2553 2568 2545
3 2604 2173 2171
3 2564 2545 2568
3 2333 2346 2483
3 1663 2573 1635
3 2477 2333 2483
3 2559 2356 2556
3 2553 2586 2568
3 2343 2333 2559
3 2532 2541 2476
3 2789 2367 2555
3 2566 2580 2565
3 2571 2556 2555
3 2352 2342 2542
3 2279 2556 2571
3 2580 2567 2581
3 2532 2534 2582
3 2529 2514 2558
3 2567 2580 2566
3 1806 2583 1884
3 2558 2578 2529
3 2582 2553 2532
3 2582 2586 2553
3 2597 2580 2581
3 2590 2588 2526
3 2609 2579 2577
3 2589 1337 3273
3 2584 4071 2170
3 2171 2117 2580
3 2589 2587 1809
3 1655 2584 2170
3 1655 1644 2584
3 2580 2117 2565
3 2588 2591 2526
3 2533 2526 2591
3 2612 2529 2578
3 2587 2583 1806
3 2533 2591 2593
3 2593 334 2533
3 4477 4483 2567
3 1809 1337 2589
3 1806 1809 2587
3 2778 2204 2616
3 2600 2601 2599
3 2582 2535 2592
3 2598 2594 1701
3 2582 2592 2586
3 2574 2575 2673
3 2592 2603 2586
3 2591 2588 2576
3 2593 2576 2585
3 1644 2594 2584
3 2591 2576 2593
3 2590 2576 2588
3 2605 2596 2595
3 2587 2599 2583
3 2705 4230 2598
3 2604 2171 2580
3 2705 2598 1701
3 2569 2576 2467
3 2465 171 2569
3 2582 2534 2535
3 2520 2759 2617
3 2604 2580 2597
3 2658 1725 1625
3 1781 2607 1775
3 2605 2496 2596
3 2579 2609 2606
3 1725 2682 2667
3 2605 1478 2496
3 2667 1781 1725
3 2718 2568 2586
3 2658 2682 1725
3 2576 2590 2622
3 2612 2596 2602
3 2778 2536 2204
3 2602 2596 2435
3 2569 2585 2576
3 2435 2529 2602
3 171 279 2569
3 2280 2611 2306
3 2529 2612 2602
3 2600 3300 2608
3 2618 2619 2620
3 2617 2621 2520
3 2600 2608 2601
3 2609 2577 2616
3 2526 2621 2622
3 2601 2608 2610
3 2705 1787 2615
3 2614 2618 2613
3 2622 2621 2752
3 2624 2612 3352
3 1799 2615 1787
3 2579 2606 2574
3 1799 1804 2615
3 2617 2752 2621
3 2624 2595 2596
3 2759 2752 2617
3 2599 2587 2600
3 2111 2105 2563
3 2600 2587 2589
3 2624 2626 2595
3 2752 2576 2622
3 2620 2627 2618
3 2618 2631 2613
3 2612 2624 2596
3 1205 1202 2563
3 2632 2631 2627
3 2379 1824 2628
3 2630 2280 2334
3 2105 1205 2563
3 1824 1836 2628
3 2623 2630 2332
3 1451 1739 2660
3 2662 2293 2260
3 2659 2620 2619
3 2623 2625 2630
3 2619 2618 2614
3 2634 2639 2635
3 2515 2627 2620
3 2625 2611 2630
3 2633 2639 2634
3 2640 2641 2629
3 2516 2632 2627
3 1722 2639 1718
3 2618 2627 2631
3 1731 1728 2696
3 2293 2662 2623
3 2634 1815 1843
3 2642 2636 2641
3 2611 2280 2630
3 1900 2417 2644
3 2635 1815 2634
3 1731 2696 2645
3 2574 2606 2575
3 2647 2173 2604
3 2173 2647 2365
3 2643 3401 2640
3 2540 2737 2644
3 2635 2639 1722
3 2000 2644 2754
3 2645 2697 2649
3 2635 1722 1724
3 2361 2647 2683
3 2000 2754 2615
3 1900 2644 1988
3 2597 2683 2647
3 2604 2597 2647
3 2361 2365 2647
3 2629 2643 2640
3 2648 2309 2609
3 2656 2619 2655
3 2648 2609 2616
3 825 673 2642
3 2309 2606 2609
3 2653 3780 3779
3 2652 2764 2701
3 2619 2656 2659
3 2648 2616 2204
3 1730 3780 2653
3 2658 1627 2544
3 2614 2651 2655
3 2642 673 2637
3 2619 2614 2655
3 2660 2665 1698
3 2659 2535 2620
3 2637 673 620
3 2629 2636 2451
3 2661 2657 2662
3 1739 2653 2665
3 2592 2535 2659
3 2607 1781 2667
3 2454 2636 2637
3 2661 2668 2361
3 2854 2664 2663
3 1834 2652 2701
3 2641 2640 3408
3 2592 2659 2656
3 2668 2387 2361
3 1867 1834 2701
3 2629 2641 2636
3 2645 1739 1731
3 2636 2642 2637
3 2662 2260 2668
3 2645 2653 1739
3 2603 2592 2656
3 2666 2665 2653
3 2603 2656 2671
3 461 2663 466
3 2666 2653 2676
3 2670 2676 2653
3 466 2663 2575
3 2678 2672 2634
3 3779 3787 2653
3 2673 2575 2663
3 2661 2662 2668
3 2666 1698 2665
3 2676 1698 2666
3 2723 2521 2675
3 2651 2677 2655
3 2663 2664 2681
3 1752 1764 2684
3 2671 2655 2677
3 2656 2655 2671
3 2681 2673 2663
3 2688 2675 2674
3 2677 2651 2646
3 2685 2707 2686
3 2681 2664 2176
3 2633 2634 2672
3 2623 2662 4613
3 2685 2684 2707
3 1851 2678 2634
3 2677 2825 2671
3 2690 2688 2674
3 2042 2793 2673
3 2029 2692 2025
3 2574 2673 2793
3 2692 1990 2489
3 1992 2499 1990
3 2574 2793 2710
3 2696 2685 2645
3 2697 2685 2689
3 2690 2703 2688
3 2695 2667 4145
3 2696 1728 1752
3 2376 2025 2692
3 2672 2694 2679
3 2376 2692 2691
3 2684 2696 1752
3 2691 2692 2489
3 2700 44 2693
3 2607 2667 2695
3 1851 2694 2678
3 2691 2373 2376
3 2694 2672 2678
3 2575 2606 3851
3 2764 2652 2729
3 2649 2697 2689
3 2575 3851 466
3 1992 1995 2516
3 2700 2693 2699
3 2489 2488 2691
3 2693 2872 2699
3 2698 2688 2703
3 2692 2029 1990
3 2680 2679 2701
3 2684 2685 2696
3 2793 2098 2710
3 2499 2489 1990
3 2645 2685 2697
3 2098 2704 2710
3 2701 2679 2694
3 1701 1706 2705
3 2701 2694 1851
3 2516 2499 1992
3 2872 835 2699
3 2704 2702 2706
3 1764 2721 2707
3 1867 2701 1851
3 2702 2709 2706
3 2564 2711 2413
3 81 44 2700
3 2686 2707 2712
3 2711 2708 2413
3 2778 2616 2577
3 2707 2684 1764
3 2709 2577 2710
3 2707 2721 2712
3 2710 2577 2579
3 1764 1771 2721
3 2568 2711 2564
3 138 140 2715
3 2711 2568 2718
3 2705 1706 1787
3 2721 2731 2712
3 2717 2629 2471
3 2795 2650 2654
3 2720 1769 1782
3 2717 2643 2629
3 140 2728 2715
3 2722 2695 4183
3 2734 2723 2675
3 2564 2413 2423
3 2713 2716 2633
3 2650 2795 2794
3 828 2715 2728
3 2725 2722 4183
3 2675 2688 2734
3 2603 2809 2586
3 2728 2700 2699
3 2728 81 2700
3 2633 2716 2639
3 826 2728 2699
3 2710 2579 2574
3 2603 2671 2809
3 2709 2710 2706
3 2520 2521 2723
3 2729 40 2730
3 2379 2628 2725
3 2708 2412 2392
3 2727 2731 2720
3 40 12 2730
3 2722 2628 1836
3 828 2728 826
3 2438 2413 2708
3 2731 2724 2712
3 2722 2725 2628
3 2708 2711 2732
3 2607 2722 1836
3 2708 2732 2412
3 2731 2721 1769
3 2728 140 81
3 2718 2732 2711
3 4183 2719 2725
3 2111 2563 2726
3 2607 2695 2722
3 2738 1042 2735
3 2732 2718 2809
3 3193 2709 2702
3 2734 2769 2723
3 2771 2769 2734
3 2672 2713 2633
3 2438 2708 2392
3 2688 2698 2734
3 2715 828 2756
3 2727 2724 2731
3 2704 2706 2710
3 2742 2805 2613
3 2731 1769 2720
3 2713 2739 2714
3 138 2715 2735
3 2743 2747 2783
3 2745 2748 2736
3 2613 2751 2742
3 1782 1783 2720
3 2755 2743 2751
3 2720 2753 2727
3 2709 2746 2750
3 2754 2644 2737
3 2753 2720 1783
3 2713 2672 2739
3 2749 2717 2752
3 863 864 2756
3 2748 2754 2737
3 1783 2761 2753
3 2672 2679 2739
3 2751 2743 2742
3 2756 864 2757
3 2717 2471 2752
3 2739 2679 2680
3 2756 828 863
3 2733 2800 2654
3 2739 2744 2714
3 2758 2751 2631
3 2739 2740 2744
3 2757 2735 2756
3 2800 2795 2654
3 2757 2738 2735
3 2744 2767 2792
3 2561 2726 2563
3 2740 2739 2680
3 2758 2632 2760
3 2715 2756 2735
3 2723 2770 2798
3 2762 218 3542
3 1519 1790 2762
3 2757 864 2914
3 2798 2765 2723
3 2288 2296 2650
3 2730 2740 2729
3 2737 2736 2748
3 2471 2576 2752
3 2748 2741 2754
3 864 911 2914
3 2829 2650 2794
3 2520 2723 2765
3 2654 2650 2296
3 2764 2740 2680
3 2754 2741 2615
3 2763 3479 2761
3 2520 2765 2759
3 2751 2758 2755
3 2759 2765 2752
3 2654 2296 2345
3 2798 2752 2765
3 2680 2701 2764
3 2788 2747 2755
3 2159 2111 2726
3 1182 1185 2772
3 2740 2767 2744
3 2769 2770 2723
3 2351 2733 2345
3 1995 2760 2632
3 2766 2166 2777
3 2726 2733 2351
3 2734 2773 2771
3 2766 1610 2166
3 2159 2726 2351
3 2761 3144 2753
3 2805 2614 2613
3 2733 2654 2345
3 1790 218 2762
3 2786 2783 2747
3 2762 3542 3544
3 2790 2767 2768
3 2184 2374 2776
3 2755 2747 2743
3 2613 2631 2751
3 2762 2763 1519
3 2645 2649 2779
3 2139 2184 2776
3 2631 2632 2758
3 2776 2143 2139
3 2772 2774 1130
3 2778 2750 2536
3 2645 2779 2653
3 2730 2780 2768
3 2772 1130 1182
3 2752 2770 2749
3 2740 2730 2768
3 2769 2749 2770
3 2771 2749 2769
3 2709 2750 2778
3 1218 2774 2834
3 2768 2767 2740
3 2771 2773 2749
3 2742 2743 2783
3 2781 2785 1709
3 2746 2536 2750
3 1839 1711 2785
3 2787 1240 2784
3 2833 2791 2734
3 2782 2785 2781
3 2788 2758 2760
3 2779 2781 2653
3 2740 2764 2729
3 2653 1709 1723
3 2577 2709 2778
3 12 22 2780
3 2760 2048 2788
3 2789 2862 2367
3 2681 2042 2673
3 2176 2042 2681
3 2653 2781 1709
3 2098 2793 2044
3 2773 2734 2791
3 2767 2790 2792
3 2371 2863 2789
3 2784 1145 1130
3 2747 3013 2786
3 2790 2768 2780
3 2374 2835 2776
3 1233 1240 2787
3 2773 2791 2749
3 2857 2785 2782
3 1250 1233 2796
3 2747 2788 3013
3 1723 1730 2653
3 2755 2758 2788
3 2792 2790 2883
3 2797 2689 2685
3 2037 2048 2760
3 2790 2780 22
3 2686 2797 2685
3 2790 77 2802
3 22 77 2790
3 2752 2798 2770
3 1233 2787 2801
3 2883 2790 2802
3 2037 2760 1995
3 2802 93 148
3 2796 1233 2801
3 2946 2800 2799
3 77 93 2802
3 2646 2805 2804
3 2807 2791 2833
3 2801 2787 2784
3 2726 2799 2733
3 2806 2649 2689
3 2806 2782 2781
3 2749 2791 2807
3 2801 1296 1304
3 2805 2646 2651
3 1030 2775 1218
3 2733 2799 2800
3 2779 2806 2781
3 2716 1742 1718
3 2784 1130 2775
3 2614 2805 2651
3 1296 2784 1030
3 2540 2536 2737
3 2808 2810 2811
3 2737 2536 2736
3 2784 2775 1030
3 1718 2639 2716
3 1218 2775 2774
3 2809 2816 2855
3 2811 2817 2808
3 1296 2801 2784
3 2818 1185 1265
3 2716 2713 2819
3 2820 2818 1265
3 2713 2714 2819
3 2803 2817 2797
3 2671 2816 2809
3 2766 2814 2510
3 2766 2777 2814
3 1263 2820 1265
3 2561 2546 2799
3 2819 1742 2716
3 2799 2546 2946
3 2810 2806 2811
3 2851 2814 2777
3 2824 2819 2714
3 2561 2799 2726
3 2824 2714 2815
3 2646 2825 2677
3 2823 2782 2806
3 2813 2814 2851
3 2842 2828 2815
3 2816 2825 2826
3 2818 2772 1185
3 2828 1754 2824
3 2824 1754 1759
3 2779 2649 2806
3 2812 2821 2830
3 1763 2824 1759
3 2820 1089 2818
3 2819 1763 1742
3 2825 2816 2671
3 2811 2797 2817
3 2819 2824 1763
3 2827 2831 2650
3 2646 2826 2825
3 1089 2834 2772
3 2833 2822 2821
3 2824 2815 2828
3 2834 2774 2772
3 2823 2810 2808
3 2827 2650 2829
3 2823 2806 2810
3 2805 2742 2804
3 2744 2792 2836
3 1088 1089 2820
3 2744 2836 2815
3 2832 4252 2835
3 2734 2698 2833
3 2809 2718 2586
3 2822 2833 2698
3 2714 2744 2815
3 2772 2818 1089
3 2698 3350 2822
3 2811 2689 2797
3 2288 2650 2831
3 2813 2835 4254
3 2689 2811 2806
3 2838 2820 1263
3 2822 2830 2821
3 2793 2042 2044
3 2839 2844 2842
3 2826 2837 2845
3 2836 2842 2815
3 3065 2422 2837
3 2816 2826 2845
3 2848 1306 2856
3 2841 2846 2848
3 2422 2845 2837
3 1789 2842 2849
3 2664 2850 2176
3 2838 2841 2820
3 2143 2851 2777
3 2823 2808 2853
3 1789 1753 2828
3 2852 2826 2646
3 2852 2837 2826
3 2852 2646 2804
3 1321 2894 2856
3 2835 2813 2851
3 2842 2844 2849
3 542 2850 2854
3 2854 2850 2664
3 2851 2776 2835
3 1306 2848 2846
3 2732 2809 2855
3 2663 542 2854
3 2842 1789 2828
3 2846 2841 2838
3 2135 2176 2850
3 2841 1088 2820
3 2859 2839 2879
3 2845 2430 2855
3 1798 2849 2844
3 2135 2850 2136
3 2833 2821 2892
3 2839 2859 2844
3 1192 1249 2858
3 2856 1188 2848
3 2855 2816 2845
3 2823 2853 2857
3 2840 2857 2853
3 2890 2807 2833
3 2835 2374 2832
3 2858 1249 1267
3 2860 1188 2856
3 2782 2823 2857
3 2422 2430 2845
3 2143 2776 2851
3 1798 2859 1826
3 2861 3074 2531
3 2856 2894 2860
3 2855 2430 2412
3 2432 2861 2531
3 2717 2749 2847
3 2857 2840 2843
3 2843 2785 2857
3 2847 2643 2717
3 1088 2841 1188
3 2855 2412 2732
3 1200 2858 2861
3 2859 2879 1826
3 1272 1188 2860
3 1798 2844 2859
3 2866 2886 2812
3 2865 2866 2812
3 2841 2848 1188
3 2374 2367 2832
3 2861 2432 1200
3 2898 2821 2812
3 1192 2858 1200
3 1200 2448 185
3 2865 2812 2871
3 2864 2907 2869
3 2693 2796 2872
3 2867 2907 2864
3 2877 2874 1496
3 2871 2870 3455
3 2864 2050 2045
3 2371 2522 2878
3 2879 1496 1492
3 2865 2871 3455
3 2880 2719 2878
3 2050 2864 2869
3 2687 2878 2719
3 2839 2881 2877
3 2045 1887 2864
3 2878 2522 2880
3 2796 2693 1250
3 2801 2872 2796
3 2839 2842 2881
3 2847 2886 3455
3 2522 2511 2880
3 2867 2937 2910
3 1297 2801 1304
3 2883 2877 2881
3 2801 1297 2872
3 2877 2883 2874
3 2878 2863 2371
3 2898 2812 2886
3 2899 2821 2898
3 2902 2882 2885
3 2887 2843 2840
3 2881 2842 2836
3 1816 1814 2887
3 2821 2899 2893
3 2874 2802 148
3 2889 2868 2873
3 2866 3455 2886
3 2889 2882 2868
3 1816 2887 1879
3 2860 2891 1272
3 2863 2878 2687
3 2890 2833 2892
3 1826 2879 1492
3 2892 2821 2893
3 2894 2405 2891
3 2379 2880 2511
3 2936 2901 2888
3 2379 2725 2880
3 2725 2719 2880
3 2881 2836 2792
3 324 2405 2894
3 2894 1321 324
3 2881 2792 2883
3 2862 2832 2367
3 2405 2407 2891
3 2893 2847 2892
3 2877 1496 2879
3 2862 2789 2863
3 2877 2879 2839
3 2749 2807 2847
3 2890 2847 2807
3 2891 2860 2894
3 2887 2895 1879
3 4258 2832 2862
3 2892 2847 2890
3 2874 2883 2802
3 2407 1452 2891
3 2903 2937 2867
3 1452 1272 2891
3 1795 2900 1791
3 2906 2888 2901
3 1854 1826 1529
3 2307 1801 1097
3 1826 1492 1529
3 2893 2899 2847
3 2902 2368 2363
3 2864 1887 2895
3 2363 2897 2902
3 2895 1887 1879
3 1024 2914 2909
3 2899 2898 2847
3 2886 2847 2898
3 2864 2895 2903
3 2897 2882 2902
3 2903 2867 2864
3 1024 2909 1049
3 2900 1795 1801
3 2885 2904 2902
3 2909 2908 1049
3 2307 2933 1801
3 2908 1283 1049
3 2022 2014 2905
3 2920 3031 2873
3 2889 2873 3031
3 2913 2905 2014
3 2995 2911 2910
3 2901 4394 2906
3 3031 2920 2915
3 2006 1044 2914
3 2738 2914 1044
3 2025 2913 2014
3 2888 2501 2502
3 2917 4394 2916
3 975 2908 898
3 2904 2913 2368
3 2910 2911 2867
3 2917 2501 2906
3 2888 2906 2501
3 898 2919 911
3 2914 2919 2909
3 2831 2888 2502
3 2376 2372 2913
3 2919 898 2908
3 2908 2909 2919
3 2831 2502 2288
3 2913 2372 2368
3 1863 2940 2912
3 911 2919 2914
3 2939 2920 2918
3 2916 4394 2896
3 2906 4394 2917
3 2902 2904 2368
3 2908 2932 1283
3 2873 2918 2920
3 2925 2926 2924
3 2905 2913 2904
3 2025 2376 2913
3 2976 2986 2925
3 2976 2925 2924
3 2923 2915 2920
3 2869 2907 2974
3 2738 2757 2914
3 2923 2965 2915
3 2930 2931 2927
3 2964 2927 2931
3 2443 2929 2452
3 1323 1283 2932
3 2900 1801 2933
3 2929 2443 2934
3 2827 2924 2831
3 2443 2384 2934
3 2918 2929 2934
3 2900 2928 1791
3 2907 2867 2911
3 2924 2888 2831
3 2897 2362 2447
3 2887 2903 2895
3 2827 2976 2924
3 2937 2957 2910
3 2447 2868 2897
3 2908 2935 2932
3 2926 2936 2924
3 2888 2924 2936
3 2918 2934 2955
3 2938 1883 1884
3 2926 2925 4394
3 2936 2926 4394
3 2918 2955 2939
3 2945 1323 2932
3 2901 2936 4394
3 4394 2925 2986
3 2887 2840 2937
3 2918 2873 2929
3 2920 2939 2923
3 2932 2935 2945
3 2908 975 2935
3 2929 2868 2447
3 1883 2938 2930
3 2930 2938 2931
3 2868 2929 2873
3 2942 2941 2940
3 2897 2868 2882
3 2939 2987 2923
3 2938 1884 2583
3 1863 1791 2940
3 2887 2937 2903
3 2927 1876 2952
3 2953 2947 2958
3 2951 2384 2391
3 2927 2952 2930
3 2800 2946 2949
3 2954 2935 977
3 2795 2800 2949
3 1883 2930 2952
3 2941 2912 2940
3 2937 2840 2853
3 2954 2956 2935
3 2949 2943 2795
3 1567 2156 2953
3 2384 2951 2934
3 2956 2945 2935
3 2889 2947 2882
3 3008 2955 2951
3 2950 2954 2948
3 2958 2889 3031
3 2957 2937 2853
3 2638 3121 2959
3 2889 2958 2947
3 2942 2940 2928
3 2955 2934 2951
3 1791 2928 2940
3 1327 2945 2956
3 2552 3121 2638
3 2958 1567 2953
3 2959 2961 2946
3 2956 2950 1327
3 2961 2944 2949
3 2948 1348 2950
3 2942 2928 2962
3 2921 2938 3310
3 2947 2967 2885
3 2956 2954 2950
3 2795 2943 2982
3 2942 4278 4275
3 930 2948 2954
3 2960 2927 2966
3 2927 2964 2966
3 2954 977 930
3 2882 2947 2885
3 2931 2938 2964
3 2921 2966 2938
3 2948 930 1001
3 2966 2964 2938
3 2947 2953 2967
3 2946 2638 2959
3 2969 1368 1369
3 2968 2933 2307
3 2960 2966 2921
3 1369 2971 2969
3 3092 2686 2712
3 2949 2946 2961
3 2330 2968 2307
3 2971 1348 2948
3 3267 2972 2922
3 2943 2949 2944
3 2960 2972 3267
3 2900 2962 2928
3 2907 2911 2974
3 2921 2922 2972
3 2967 2953 2963
3 2911 2995 2974
3 2921 2972 2960
3 2965 2973 3041
3 2976 2827 2829
3 2967 2963 2977
3 2962 2933 2968
3 2971 2979 2969
3 2601 2978 2975
3 2980 2976 2829
3 2981 2979 999
3 2050 2869 2974
3 2829 2794 2980
3 2974 2087 2050
3 2971 2948 1001
3 2599 2601 2975
3 2982 2794 2795
3 2090 2087 2974
3 2962 2900 2933
3 1368 2981 1484
3 2982 2943 3022
3 2981 2991 2993
3 2976 2985 2986
3 4275 4276 2942
3 2965 2923 2973
3 2797 3092 2803
3 2973 2923 2987
3 2977 3174 3182
3 2976 2980 3002
3 2981 2969 2979
3 2941 2942 4276
3 2981 999 2991
3 2982 2980 2794
3 2988 2970 2973
3 2989 2885 2967
3 2601 2610 2978
3 2979 2971 1001
3 2989 2904 2885
3 2987 2988 2973
3 1026 999 2979
3 2977 2989 2967
3 1368 2969 2981
3 808 3019 2984
3 2990 3200 2019
3 3032 2817 2803
3 2884 3179 2992
3 2992 3179 2504
3 3032 2803 2983
3 1484 2981 2994
3 2981 2993 2994
3 2990 2019 2998
3 2876 2875 2884
3 2943 2944 3022
3 2019 2022 2998
3 2994 3127 1487
3 3182 2990 2989
3 1487 1484 2994
3 2991 3007 2993
3 2990 2998 2989
3 3002 3003 3004
3 3002 3004 2976
3 3000 1882 2912
3 2996 3082 2999
3 3000 2912 2941
3 2904 2998 2905
3 2998 2022 2905
3 3027 1945 3005
3 1788 1827 3007
3 3023 3024 3006
3 2977 3182 2989
3 2998 2904 2989
3 2910 3006 2995
3 1945 3027 1955
3 1832 1788 2991
3 3009 3003 3002
3 3004 2985 2976
3 3008 2951 3083
3 3079 3008 3083
3 3009 3269 4394
3 3003 3009 4394
3 3011 3007 3025
3 1882 3005 1944
3 3007 2994 2993
3 3014 2046 2085
3 2982 3002 2980
3 1882 3000 3005
3 3013 2046 3014
3 3015 2988 2987
3 3013 2048 2046
3 3258 3201 3022
3 3014 3012 3013
3 2994 3007 3011
3 2910 3023 3006
3 3017 3015 2987
3 3002 3022 3201
3 3015 2996 2999
3 3017 2996 3015
3 3022 2944 3258
3 3021 1237 1274
3 3015 2999 3222
3 2788 2048 3013
3 3002 2982 3022
3 2955 3008 3017
3 1792 3025 3007
3 2996 3017 3008
3 3027 3036 3040
3 3028 1964 1912
3 3269 3268 4394
3 3024 2853 3026
3 3021 1241 1237
3 3036 3005 4306
3 3017 2987 2939
3 3028 1813 1964
3 4394 2986 2985
3 3027 3005 3036
3 3012 3085 2786
3 3045 1256 702
3 3017 2939 2955
3 3066 1792 3028
3 2786 3013 3012
3 808 3029 3019
3 1792 3066 3025
3 3031 2915 3037
3 1256 3045 3030
3 1274 3086 3021
3 2078 3318 3146
3 3032 2853 2808
3 2808 2817 3032
3 3032 3018 3016
3 2915 2965 1550
3 2085 2078 3034
3 1178 3021 3020
3 1550 2965 1615
3 3146 3034 2078
3 2983 3018 3032
3 2884 2992 2876
3 3020 3029 1178
3 2853 3032 3026
3 3034 3012 3014
3 3038 2858 1267
3 3034 3014 2085
3 2915 1550 3037
3 3038 1267 3098
3 2853 3024 3023
3 3019 3029 3001
3 3001 2997 3019
3 1955 3027 3040
3 1909 1904 3076
3 3023 2910 2957
3 3049 2837 2852
3 3019 2997 2984
3 3023 2957 2853
3 3038 3098 2876
3 3041 2970 3039
3 1955 3040 3042
3 3010 3029 3020
3 3048 3024 3026
3 1912 3081 3066
3 1315 3030 3033
3 2970 3041 2973
3 3029 3010 3001
3 1955 3042 2133
3 1912 1909 3081
3 3039 1618 3041
3 2965 3041 1615
3 3010 3020 3086
3 3045 702 3047
3 3043 2852 2804
3 3006 3024 3044
3 3045 3187 3030
3 3044 3048 3046
3 2804 2742 3043
3 3086 3053 3010
3 1550 1561 3037
3 3024 3048 3044
3 1905 2306 3050
3 104 3047 702
3 3054 1905 3050
3 1446 514 1544
3 3048 3051 3046
3 3037 1567 2958
3 3050 2611 3054
3 3040 3056 3042
3 2837 3049 3065
3 2958 3031 3037
3 3048 3026 3051
3 3051 3173 3046
3 2742 3070 3043
3 3054 4380 1905
3 3046 3173 3044
3 3058 1536 1537
3 2951 2391 3083
3 3187 3045 3052
3 3045 3047 3052
3 2611 3050 2306
3 3056 3040 4343
3 3055 3058 1537
3 3187 3189 3033
3 2020 2133 3042
3 3042 3063 2020
3 3033 3030 3187
3 1376 3058 1374
3 3057 3059 3049
3 3062 3051 3016
3 1376 1446 3058
3 3057 3049 3043
3 3061 3124 3133
3 3028 1912 3066
3 2742 2783 3070
3 3049 2852 3043
3 3069 3065 3061
3 3066 4382 3025
3 3061 3133 3069
3 3058 3064 1374
3 3047 3068 3052
3 2118 3063 3094
3 3070 3073 3057
3 1446 1536 3058
3 3062 3018 3067
3 3057 3043 3070
3 3069 2422 3065
3 3047 104 3068
3 3016 3018 3062
3 2033 3107 2702
3 110 3068 104
3 3026 3032 3051
3 3068 3335 3052
3 3051 3032 3016
3 3055 3053 3064
3 3062 3060 3051
3 3055 3064 3058
3 3069 3151 2410
3 3098 3089 2876
3 3085 3070 2783
3 2410 2422 3069
3 2033 2051 3075
3 3085 3073 3070
3 3151 3069 3133
3 3035 3076 1904
3 2992 2504 3074
3 3072 3073 3100
3 2410 3151 3103
3 2504 2531 3074
3 1536 1446 1544
3 3068 3978 3340
3 3057 3072 3059
3 3042 3056 3063
3 3062 3080 3060
3 3082 3079 3078
3 3085 2783 2786
3 3081 1909 3076
3 2858 3038 3074
3 3074 2861 2858
3 3085 3012 3084
3 3079 3082 2996
3 3063 4372 4373
3 3084 3073 3085
3 3038 2876 2992
3 3079 2996 3008
3 3074 3038 2992
3 4380 3071 1905
3 3063 3056 4372
3 3086 3064 3053
3 3073 3072 3057
3 3140 3080 3062
3 3089 2875 2876
3 3087 2875 3089
3 2803 3092 2983
3 3088 3127 3149
3 3086 1274 3064
3 1406 3093 1266
3 3064 1274 1374
3 3092 2797 2686
3 3084 3012 3137
3 3095 3096 3067
3 3103 3090 3083
3 3021 3086 3020
3 3072 3100 3097
3 3094 3063 4373
3 1267 1266 3098
3 3090 3078 3079
3 3098 1266 3093
3 3090 3079 3083
3 3095 3067 3018
3 110 3745 3068
3 3097 3100 3099
3 3078 3090 3147
3 2727 3106 2724
3 3107 3104 3101
3 3089 3093 3088
3 2401 3103 2391
3 3100 3122 3099
3 3109 3001 3010
3 3083 2391 3103
3 3143 2056 2047
3 3116 2997 3001
3 2724 3108 3092
3 3088 3087 3089
3 3010 3053 3109
3 3092 3111 2983
3 3101 3110 3107
3 3120 3121 3189
3 3110 3101 3119
3 3113 3123 2064
3 3101 20 3119
3 3095 3018 2983
3 3141 2875 3087
3 3148 3112 3102
3 3118 3099 3122
3 3095 2983 3111
3 3113 3091 3123
3 3093 3127 3088
3 2712 2724 3092
3 3112 3116 3105
3 3098 3093 3089
3 3102 3112 3105
3 3126 2063 2064
3 3096 3062 3067
3 3123 3126 2064
3 3094 4373 3104
3 3166 3127 2994
3 3120 3115 3130
3 3062 3096 3140
3 3033 3121 1315
3 3106 3108 2724
3 3131 3124 3114
3 3122 3128 3118
3 2727 2753 3106
3 3119 20 3132
3 3055 1537 3176
3 3125 3131 3114
3 1537 1925 3176
3 3092 3108 3111
3 3122 3100 3084
3 3123 3157 3126
3 3131 3133 3124
3 3073 3084 3100
3 3129 3132 2736
3 3001 3109 3116
3 3157 3123 3091
3 3055 3176 3053
3 3132 2745 2736
3 3122 3137 3128
3 3129 3119 3132
3 3134 3140 3135
3 3075 3104 3107
3 3122 3084 3137
3 3125 3368 3138
3 3154 3116 3109
3 3080 3140 3134
3 3138 3131 3125
3 3053 3139 3109
3 3142 3140 3096
3 3143 2047 2063
3 3457 3128 3137
3 19 20 3101
3 3012 3034 3137
3 3106 3142 3108
3 3147 3133 3131
3 3126 3143 2063
3 3106 2753 3144
3 4373 4369 3104
3 3480 3124 3061
3 3096 3095 3142
3 3095 3111 3142
3 3471 3146 3318
3 3142 3111 3108
3 3078 3147 3138
3 3140 3142 3144
3 3149 3087 3088
3 3102 2978 3148
3 3144 3142 3106
3 3131 3138 3147
3 3146 3137 3034
3 20 32 3132
3 3135 3144 3522
3 3143 3150 2056
3 3471 3457 3146
3 3147 3090 3151
3 2997 3112 3148
3 2033 3075 3107
3 3090 3103 3151
3 3112 2997 3116
3 3121 3130 2959
3 3151 3133 3147
3 3153 2963 2140
3 3077 3134 3152
3 3130 3117 2961
3 3153 2977 2963
3 3116 3154 3105
3 3094 3104 3075
3 3134 3077 3080
3 3075 2118 3094
3 2978 2610 3148
3 3156 2160 3155
3 2610 2984 3148
3 3156 2138 2160
3 3148 2984 2997
3 3121 3120 3130
3 3130 3115 3117
3 3126 3157 3160
3 3033 3189 3121
3 3479 3522 3144
3 2552 1315 3121
3 3109 3139 3154
3 3135 3140 3144
3 3168 3174 3161
3 1755 3162 3158
3 3177 3044 3165
3 3163 3576 3194
3 3171 3159 2355
3 3149 3127 3166
3 2970 2988 3181
3 3161 3169 3168
3 3160 3157 3164
3 2978 3102 3380
3 3181 3172 2970
3 3164 3163 3160
3 3173 3165 3044
3 3171 2355 2458
3 3150 3160 3145
3 2466 3170 2458
3 1925 1917 3176
3 1529 1530 3232
3 3139 3053 3176
3 3171 2458 3170
3 3165 3167 3177
3 3156 3161 3174
3 3161 3156 3155
3 3174 2977 3153
3 3175 1493 3136
3 1757 1755 3158
3 3164 3157 3593
3 3174 3153 3156
3 4048 4049 3136
3 3160 3143 3126
3 3044 3177 3006
3 3160 3194 3145
3 4048 3136 4060
3 2961 2959 3130
3 2482 2504 3178
3 3174 3168 3182
3 3157 3091 3593
3 2944 2961 3117
3 3178 2504 3179
3 3160 3150 3143
3 3180 3139 3176
3 366 3170 3178
3 3187 3188 3189
3 3407 3139 3180
3 3170 2466 2482
3 3167 3183 3177
3 2482 3178 3170
3 3186 3120 3188
3 3183 3245 3372
3 3177 2995 3006
3 3177 3183 2995
3 3176 1917 3180
3 3162 3172 3185
3 3193 2702 3110
3 3173 3197 3165
3 3158 3162 3185
3 3194 3576 3190
3 3180 3192 3429
3 1903 3180 1917
3 3160 3163 3194
3 2702 3107 3110
3 3180 1903 3192
3 3060 3173 3051
3 3195 3184 3327
3 3188 3120 3189
3 3195 3190 3184
3 1968 3548 3192
3 3115 3120 3186
3 2746 2736 2536
3 3190 3145 3194
3 1903 1968 3192
3 3172 3181 3196
3 2746 3193 3129
3 3052 3335 3187
3 3195 3145 3190
3 3129 2736 2746
3 2746 2709 3193
3 3186 3188 3333
3 2507 2386 3183
3 3185 3172 3196
3 2990 3198 3200
3 3183 3372 2507
3 3119 3193 3110
3 2090 3183 2386
3 3181 3224 3196
3 3205 3201 3204
3 3182 3168 3198
3 3203 3204 3201
3 3173 3060 3197
3 3198 2990 3182
3 3193 3119 3129
3 3211 2521 2543
3 3209 3210 3198
3 3198 3210 3200
3 3211 3207 2521
3 3149 3166 4399
3 3493 3494 3216
3 3209 3288 3210
3 2302 3159 3217
3 3209 3168 3169
3 3087 3149 3213
3 3216 2302 3217
3 3198 3168 3209
3 2302 3216 2272
3 2974 2995 3183
3 3136 2272 3216
3 3212 3236 3238
3 3183 2090 2974
3 3212 3238 3215
3 3200 3313 2112
3 3223 3217 3159
3 2521 3207 2675
3 3210 3313 3200
3 4451 3166 3011
3 3220 3219 3261
3 2019 3200 2112
3 3243 3199 3221
3 2999 3206 3222
3 3244 3199 3243
3 3159 3171 3223
3 3207 3211 3224
3 3220 3150 3219
3 366 3171 3170
3 3141 3087 3213
3 2158 2203 3225
3 3224 3206 3207
3 3225 3155 2158
3 2056 3220 2186
3 3243 3221 3226
3 3171 366 3223
3 3150 3220 2056
3 3294 3196 3211
3 368 63 3223
3 2203 3228 3225
3 3220 2185 2186
3 3224 3211 3196
3 3161 3155 3230
3 3225 3230 3155
3 3261 2185 3220
3 3836 37 3221
3 3232 3233 3234
3 3320 3206 2999
3 3150 3145 3219
3 3267 3274 3221
3 3224 3222 3206
3 3161 3230 3169
3 3235 554 557
3 366 3178 3240
3 3178 3179 3240
3 3230 3225 3242
3 3244 3241 3199
3 3225 3228 3242
3 3235 3240 3179
3 2988 3015 3222
3 3241 3214 3199
3 3222 3224 3181
3 3175 3232 1530
3 3175 3247 3232
3 3218 3241 3244
3 3235 557 3240
3 3241 3218 3214
3 3236 2269 2197
3 2988 3222 3181
3 2978 3380 3239
3 3169 3230 3246
3 2197 3238 3236
3 3248 4628 3235
3 3270 3245 3183
3 3236 3249 2269
3 3082 3320 2999
3 3231 3362 3245
3 3221 37 3267
3 3250 3175 3136
3 3231 3245 3270
3 3242 3246 3230
3 3252 3253 3247
3 3236 3251 3249
3 2533 358 3255
3 3229 3231 3270
3 3237 1865 3234
3 3248 3235 2884
3 3404 1913 3237
3 3179 2884 3235
3 3286 3169 3246
3 3236 3212 3251
3 2875 3141 3248
3 3249 2270 2269
3 2884 2875 3248
3 2526 2533 3255
3 3208 3258 3117
3 1326 3259 1328
3 3243 3239 3244
3 3218 3244 3239
3 3238 3219 3215
3 2274 2261 3257
3 1328 3259 3260
3 3226 3239 3243
3 3205 3002 3201
3 3263 3009 3002
3 3238 3261 3219
3 3255 358 3265
3 2198 3261 3238
3 3205 3263 3002
3 3158 3256 3264
3 3357 3227 3432
3 3201 3258 3208
3 2198 2185 3261
3 3432 3321 3254
3 3227 3321 3432
3 2944 3117 3258
3 1326 1453 3259
3 3293 2290 2217
3 3255 3265 3256
3 3559 3260 3259
3 3268 3269 3263
3 3262 3242 3228
3 3266 3229 3270
3 2927 3267 37
3 3262 3228 3257
3 3167 3165 3266
3 3205 3204 3268
3 3205 3268 3263
3 3256 3265 3264
3 3260 3272 1328
3 3249 3251 3291
3 3269 3009 3263
3 3270 3167 3266
3 3289 3221 3274
3 2217 3249 3291
3 3400 3271 3262
3 3197 3266 3165
3 3283 3298 4394
3 3204 3203 4394
3 3203 3202 4394
3 3275 1703 1707
3 3167 3270 3183
3 3203 3201 3202
3 3275 1707 3264
3 3266 3227 3229
3 3117 3115 3208
3 351 1703 3275
3 3273 3276 3299
3 3271 3246 3242
3 2217 2270 3249
3 3202 3283 4394
3 103 83 3276
3 3260 3292 3272
3 3212 3215 3327
3 3271 3242 3262
3 3290 3221 3289
3 3264 3265 3275
3 3327 3215 3195
3 3278 3197 3060
3 3302 3276 3272
3 1707 1757 3264
3 3212 3330 3251
3 3077 3152 3296
3 3276 3273 103
3 3282 3281 3201
3 3265 363 3275
3 3279 3283 3281
3 3202 3281 3283
3 3272 83 1328
3 3197 3284 3266
3 3284 3197 3278
3 3272 3292 3302
3 3221 3287 3226
3 3285 3282 3208
3 3287 3221 3290
3 3080 3077 3278
3 2589 3273 3300
3 3219 3145 3215
3 2975 2978 3277
3 3209 3286 3288
3 3296 3278 3077
3 3208 3282 3201
3 3278 3060 3080
3 3185 3256 3158
3 3302 3292 3316
3 3285 3208 3115
3 3277 3239 3280
3 3277 2978 3239
3 3227 3266 3284
3 3290 3289 3280
3 3293 3291 3303
3 3209 3169 3286
3 3256 3185 3294
3 3289 3274 3280
3 3292 133 3316
3 3293 2217 3291
3 3294 3255 3256
3 137 133 3292
3 3285 3590 3282
3 120 137 3292
3 3226 3287 3239
3 3255 2543 2526
3 3280 3239 3290
3 3287 3290 3239
3 3279 3298 3283
3 2543 3255 3294
3 3196 3294 3185
3 3421 3297 3271
3 3273 3299 3300
3 3286 3295 3288
3 3246 3271 3297
3 3300 2600 2589
3 1757 3158 3264
3 3201 3281 3202
3 3246 3297 3286
3 3115 3186 3285
3 2927 2960 3267
3 3211 2543 3294
3 3307 3305 3304
3 3234 3233 3237
3 3347 3313 3210
3 3277 2599 2975
3 3304 3309 3307
3 3334 3291 3251
3 3297 3295 3286
3 3305 3299 3304
3 3039 2970 3172
3 3306 3622 3308
3 3233 3232 3247
3 3326 3328 3267
3 3315 2112 3313
3 2599 3277 3310
3 2608 3307 3312
3 3039 3172 3162
3 3250 3314 3175
3 3247 3175 3314
3 3247 3314 3252
3 3039 3162 1766
3 3311 2251 3303
3 3305 2608 3300
3 3306 3301 3624
3 2251 2116 3303
3 3304 3316 3309
3 3310 3277 3280
3 133 793 3316
3 3299 3302 3304
3 1755 1766 3162
3 3303 2116 3293
3 3606 4394 3298
3 3004 3003 4394
3 3268 3204 4394
3 793 755 3309
3 3207 2674 2675
3 2938 2583 3310
3 2078 2121 3318
3 3321 3278 3296
3 3310 2583 2599
3 3321 3284 3278
3 3309 815 3307
3 3145 3195 3215
3 3227 3284 3321
3 2674 3207 3206
3 3301 3321 3296
3 3312 3307 815
3 3329 3267 3328
3 3320 2674 3206
3 3274 3267 3329
3 3318 3324 3323
3 2610 2608 3312
3 3254 3321 3301
3 2690 2674 3320
3 3312 2984 2610
3 2922 3325 3267
3 3326 3267 3325
3 3082 3078 3331
3 3301 3306 3254
3 3318 2121 3324
3 3186 3322 3285
3 808 2984 3312
3 3280 3328 3310
3 3324 3358 3323
3 3330 3212 3327
3 3331 2690 3320
3 3276 3302 3299
3 3325 3310 3326
3 2921 3310 3325
3 3327 3191 3330
3 3348 3324 3315
3 3326 3310 3328
3 3330 3334 3251
3 3333 3332 3319
3 3334 3330 3191
3 3300 3299 3305
3 3327 3184 3191
3 3320 3082 3331
3 3328 3280 3329
3 3274 3329 3280
3 3305 3307 2608
3 3322 3333 3319
3 3325 2922 2921
3 3368 2690 3331
3 3309 3316 793
3 3654 3334 3191
3 3316 3304 3302
3 3337 3187 3335
3 3333 3188 3337
3 3303 3334 3311
3 3303 3291 3334
3 3335 3068 3340
3 23 3336 86
3 3332 3337 3340
3 2822 3350 3338
3 3364 3323 3358
3 3324 2121 3315
3 3199 3361 3336
3 3348 3358 3324
3 3345 3314 3250
3 3317 3301 3296
3 3288 3347 3210
3 3361 3199 3214
3 3301 3317 3624
3 3348 3313 3347
3 3253 3252 3345
3 3314 3345 3252
3 3339 3338 3350
3 3296 3152 3317
3 3295 3351 3288
3 3125 3114 3344
3 3354 3344 3339
3 3336 3353 3355
3 3381 1346 3341
3 3336 3361 3353
3 3351 3356 3347
3 2330 3343 4288
3 3339 3350 3354
3 2335 3363 2336
3 3362 3357 3365
3 3363 3360 2336
3 3354 3125 3344
3 3360 3366 3343
3 3359 3365 3357
3 1360 1345 3381
3 3231 3229 3357
3 3381 3375 1360
3 3363 4055 3366
3 3362 3231 3357
3 3381 1345 1346
3 3331 3078 3138
3 3346 3343 3366
3 3214 3218 3361
3 3364 3369 3367
3 3360 3363 3366
3 3369 3358 3356
3 3359 2560 3372
3 3361 3218 3353
3 3373 3374 3376
3 1359 3375 3377
3 3378 3371 3374
3 3376 3374 3371
3 3315 3313 3348
3 2562 2560 3359
3 3380 3102 3105
3 3350 2698 2703
3 3382 3376 3383
3 2703 3368 3354
3 3347 3288 3351
3 3368 3125 3354
3 3383 3371 1920
3 3350 2703 3354
3 3366 4084 3346
3 3376 3384 3385
3 3376 3385 3373
3 3381 3386 3375
3 3356 3348 3347
3 3387 3388 3389
3 3341 3386 3381
3 4084 4080 3346
3 3331 3138 3368
3 3372 3365 3359
3 3368 2703 2690
3 3105 3349 3380
3 3245 3365 3372
3 3389 3392 3384
3 3393 3387 3384
3 3389 3384 3387
3 3377 3386 3390
3 3382 3394 3376
3 3905 2830 3338
3 3365 3245 3362
3 3393 3384 3396
3 3394 3396 3384
3 3218 3380 3349
3 3386 3377 3375
3 3233 3382 3237
3 3391 3397 3395
3 3409 3349 3105
3 3247 3394 3233
3 3390 3379 3377
3 2507 3372 2560
3 3383 1920 1907
3 3386 3398 3808
3 2830 2822 3338
3 3358 3369 3364
3 3397 3113 3395
3 1921 3383 1907
3 3218 3239 3380
3 3348 3356 3358
3 3383 1921 1924
3 3532 3218 3349
3 3401 3402 3403
3 3383 1924 3404
3 3402 425 3405
3 3532 3353 3218
3 3399 3450 3391
3 3378 3370 3371
3 3352 2558 3406
3 3421 3271 3400
3 3808 3390 3386
3 1375 1420 3400
3 3359 3417 2562
3 2562 3406 2558
3 3383 3376 3371
3 3257 2261 3410
3 2562 3417 3406
3 3342 3412 3341
3 3180 3429 3407
3 3404 3382 3383
3 3403 3411 3408
3 3352 2612 2578
3 3392 3385 3384
3 3384 3376 3394
3 2578 2558 3352
3 3403 3405 3411
3 3394 3414 3396
3 3407 3105 3154
3 3139 3407 3154
3 2383 3415 2411
3 824 2641 3408
3 3404 3237 3382
3 1372 3413 3410
3 1359 1360 3375
3 3417 3359 3357
3 1372 1375 3413
3 3394 3382 3233
3 3357 3229 3227
3 3400 3262 3413
3 3411 838 3408
3 3247 3253 3394
3 3414 3394 3253
3 3262 3257 3413
3 3412 3386 3341
3 3413 3257 3410
3 3415 2383 2396
3 3419 3385 3418
3 3374 3373 3419
3 3385 3419 3373
3 3385 3392 3418
3 3389 3418 3392
3 3388 3418 3389
3 3395 2411 3415
3 1375 3400 3413
3 3297 3420 3295
3 3342 3398 3412
3 3411 3405 840
3 3472 3415 2396
3 3388 3387 3418
3 3387 3393 3418
3 3393 3396 3418
3 3396 3414 3418
3 3414 3253 3418
3 3345 3418 3253
3 3420 3421 1416
3 3417 3352 3406
3 429 840 3405
3 3400 1420 3421
3 3398 3386 3412
3 842 838 3411
3 3370 3378 3461
3 3374 3461 3378
3 1416 1495 3420
3 3423 3427 3422
3 840 842 3411
3 3395 3415 3391
3 1461 3452 3424
3 3370 3422 3425
3 3421 3420 3297
3 3408 2640 3403
3 3425 3422 3427
3 3399 3391 3415
3 3091 3113 3397
3 2015 2626 3426
3 3429 3192 3548
3 1497 3430 1495
3 3113 2415 3395
3 3423 3431 3427
3 3420 3430 3295
3 3357 3432 3417
3 3430 3434 3351
3 2640 3401 3403
3 3470 3399 3415
3 3445 3369 3434
3 3426 2626 2624
3 3434 1497 3445
3 3403 3402 3405
3 3371 3370 3425
3 3426 2624 3436
3 2415 2411 3395
3 3430 3420 1495
3 3405 425 429
3 3430 1497 3434
3 3433 3416 3409
3 3351 3295 3430
3 3426 3648 3649
3 3434 3356 3351
3 3369 3356 3434
3 3433 3409 3429
3 3649 2015 3426
3 3435 336 3431
3 3438 3439 3440
3 3429 3409 3407
3 3439 3437 3442
3 3427 3431 336
3 824 2642 2641
3 3443 3367 3445
3 3431 3444 3435
3 4367 3435 3444
3 3431 3423 3444
3 3423 3422 3444
3 3416 3433 3428
3 3440 3442 3446
3 3445 1515 3443
3 824 825 2642
3 3593 3091 3446
3 3105 3407 3409
3 21 3443 1517
3 3436 2624 3352
3 3706 3367 3443
3 3436 3352 3441
3 3418 4367 3444
3 3367 3369 3445
3 3446 3449 3440
3 3443 1515 1517
3 1515 3445 1497
3 737 3447 497
3 3492 3498 3416
3 3457 3451 3128
3 3352 3432 3441
3 3419 3418 3444
3 3391 3450 3449
3 2871 2812 3447
3 3449 3446 3397
3 3454 3426 3436
3 1854 3234 1865
3 915 497 3447
3 3446 3091 3397
3 3455 3456 3401
3 3440 3450 3438
3 3402 3456 427
3 3234 1529 3232
3 3416 3349 3409
3 2643 2847 3455
3 3254 3441 3432
3 3455 3401 2643
3 3234 1854 1529
3 3492 3416 3496
3 3371 3425 3463
3 3457 3137 3146
3 3452 3506 3424
3 3458 3450 3399
3 3441 3454 3436
3 3460 3457 3471
3 3371 3463 1920
3 759 2870 3447
3 2871 3447 2870
3 3460 3451 3457
3 3419 3461 3374
3 3417 3432 3352
3 3459 2870 759
3 3440 3439 3442
3 3451 3460 3453
3 2866 2865 3455
3 3459 3455 2870
3 344 1901 3463
3 3441 3254 3454
3 117 3462 3601
3 3425 3427 4619
3 117 124 3462
3 3402 3401 3456
3 3446 3442 3593
3 3456 3455 3459
3 3440 3449 3450
3 3425 4619 3463
3 543 427 3456
3 3465 3466 3462
3 1901 1920 3463
3 3397 3391 3449
3 3460 3464 3453
3 3468 3444 3422
3 3438 3450 3458
3 3461 3468 3370
3 3422 3370 3468
3 3506 3503 3424
3 3059 3476 3049
3 3472 3470 3415
3 3506 3452 3508
3 3537 3508 3452
3 124 3469 3462
3 3454 3254 3306
3 3454 3306 3308
3 3462 3469 3473
3 3462 3473 3465
3 3332 3333 3337
3 3469 86 3336
3 3444 3468 3419
3 3461 3419 3468
3 3498 3469 3336
3 3486 3217 3485
3 3518 3416 3428
3 3474 3480 3476
3 3049 3476 3065
3 3428 3466 3465
3 3465 3473 3428
3 3471 3323 3477
3 3928 3929 3478
3 3482 3928 3478
3 3568 3483 3481
3 3318 3323 3471
3 2398 3773 3472
3 3490 3491 3217
3 3474 3488 3480
3 2398 2457 3773
3 3464 3460 3477
3 3059 3474 3476
3 29 3489 3483
3 2369 2398 3472
3 3477 3460 3471
3 3512 3483 3489
3 3486 3487 3217
3 3216 3217 3491
3 3487 3490 3217
3 43 3485 3217
3 2396 2369 3472
3 3495 3216 3494
3 3496 3469 3492
3 3061 3476 3480
3 3364 3683 3477
3 3526 3527 3336
3 3323 3364 3477
3 3470 3475 3523
3 3492 3469 3498
3 1441 3478 3341
3 3470 3472 3475
3 61 3499 3500
3 61 3500 3501
3 61 3501 50
3 3476 3061 3065
3 3467 3488 3474
3 3505 3510 4056
3 3502 3503 3506
3 3498 3527 3416
3 3635 4056 3510
3 3508 3509 3506
3 3502 3506 3509
3 3510 3511 3635
3 3518 3469 3496
3 3508 3537 3509
3 3515 3438 3514
3 3493 3216 3517
3 3515 3504 3439
3 3516 3478 3497
3 3473 3469 3518
3 3513 3517 3216
3 3519 1099 1077
3 3497 3478 1441
3 3512 3481 3483
3 3059 3587 3474
3 3489 3134 3512
3 3458 3514 3438
3 3491 3513 3216
3 3519 1077 3520
3 4057 4060 3505
3 3512 3522 3481
3 3416 3518 3496
3 3474 3587 3467
3 3522 3479 3507
3 3523 3458 3470
3 3099 3520 1077
3 3135 3512 3134
3 3473 3518 3428
3 3525 3647 1099
3 3509 3478 3502
3 3516 3502 3478
3 3478 3509 3521
3 3484 3482 3478
3 3521 3484 3478
3 3498 3336 3527
3 1409 3528 1441
3 3525 1099 3519
3 3152 3134 3529
3 3535 3504 3515
3 3497 1441 3528
3 3532 3349 3416
3 3520 3525 3519
3 61 90 3499
3 90 91 3499
3 91 92 3499
3 92 246 3499
3 1409 1447 3528
3 3533 3525 3520
3 3533 3539 3525
3 3527 3526 3532
3 3535 3515 3536
3 3355 3526 3336
3 3504 3535 3524
3 3144 2761 3479
3 3118 3533 3520
3 3532 3416 3527
3 3523 3475 3538
3 3488 3543 3480
3 3526 3355 3532
3 3489 3529 3134
3 3448 3537 3452
3 3355 3353 3532
3 3118 3128 3533
3 3514 3538 3536
3 3522 3507 3481
3 3128 3451 3533
3 43 3217 99
3 3543 3488 3540
3 3534 3488 3467
3 3439 3438 3515
3 63 96 3217
3 3534 3540 3488
3 3135 3522 3512
3 3504 3437 3439
3 3552 3525 3539
3 3502 3424 3503
3 3502 3516 3424
3 3516 3497 3424
3 3528 3424 3497
3 1447 3424 3528
3 3539 3533 3451
3 3523 3514 3458
3 3451 3453 3539
3 3399 3470 3458
3 3537 3974 3484
3 2763 2762 3544
3 3537 3484 3521
3 3521 3509 3537
3 3544 3547 3507
3 3099 3118 3520
3 3379 3550 3377
3 3536 3515 3514
3 3546 3507 3547
3 1454 1359 3550
3 3556 3539 3453
3 3558 67 3553
3 3507 3546 3481
3 3552 3539 3556
3 3559 4325 3260
3 3556 3562 3552
3 3538 3793 3536
3 3560 68 3558
3 329 3546 3547
3 3538 3514 3523
3 3557 3561 3379
3 3551 3806 3563
3 3259 3561 3559
3 3543 3540 3563
3 3547 3542 329
3 3561 1453 3550
3 3564 3565 98
3 3555 3429 3548
3 3806 3551 3804
3 3560 3569 70
3 3546 3568 3481
3 3564 97 3569
3 3551 3563 3540
3 3577 99 3565
3 1359 3377 3550
3 3568 29 3483
3 3554 3433 3555
3 3546 3572 3568
3 4070 92 91
3 3568 3573 29
3 3555 3433 3429
3 3552 3566 3525
3 3559 3561 3557
3 91 4073 4070
3 3379 3561 3550
3 45 4074 46
3 335 3572 340
3 3574 3584 3554
3 3259 1453 3561
3 1453 1454 3550
3 1968 2200 3574
3 4073 90 4075
3 335 3573 3572
3 3543 3563 3114
3 3548 1968 3574
3 4077 45 60
3 3555 3548 3574
3 3124 3480 3543
3 3554 3555 3574
3 3542 218 322
3 3579 1542 3599
3 3581 99 3577
3 3124 3543 3114
3 3479 2763 3544
3 3574 2200 2123
3 3579 1461 1542
3 4077 60 59
3 3574 3710 3721
3 3547 3544 3542
3 3575 3163 3578
3 322 329 3542
3 3485 4082 3486
3 3554 3571 3428
3 3163 3575 3576
3 3568 3572 3573
3 3580 3534 3467
3 3554 3428 3433
3 3507 3479 3544
3 3485 43 3581
3 43 99 3581
3 3486 4083 3487
3 3580 3585 3596
3 3322 3186 3333
3 48 47 4091
3 4090 4091 47
3 3585 3580 3467
3 3582 3578 3164
3 4083 4095 3487
3 3574 3721 3720
3 3467 3587 3585
3 3188 3187 3337
3 3337 3335 3340
3 4091 4081 48
3 3578 3163 3164
3 3578 3602 3575
3 3585 3587 3097
3 3571 3554 3584
3 4105 3490 4095
3 3566 3552 3562
3 3587 3072 3097
3 3587 3059 3072
3 3584 3574 3720
3 3525 3566 3647
3 3513 3491 4105
3 3490 4105 3491
3 3582 3593 3442
3 3589 3606 3279
3 3590 3589 3279
3 50 4108 4109
3 3580 3596 3592
3 3281 3590 3279
3 3595 3592 3596
3 3590 3598 3589
3 3593 3582 3164
3 3285 3322 3590
3 3601 3462 3627
3 3602 3600 3575
3 4112 4108 3501
3 3322 3319 3604
3 4114 3500 3499
3 4114 4112 3500
3 3595 3605 3634
3 3322 3604 3590
3 3612 153 3601
3 3298 3279 3606
3 3494 4119 3495
3 1538 3969 3608
3 3494 3493 4119
3 3517 4121 3493
3 3466 3629 3462
3 3611 3607 3610
3 3597 3613 3599
3 3610 3598 3611
3 4060 4144 3505
3 3597 3608 3613
3 3609 3602 3578
3 3595 3614 1070
3 3610 3589 3598
3 3579 3599 3448
3 3615 3616 3610
3 4133 4128 3530
3 1070 1072 3595
3 3614 3585 3097
3 3599 3613 3448
3 3712 3713 3607
3 3713 3617 3607
3 1077 1070 3614
3 3097 3099 3614
3 3579 3448 3452
3 3510 4133 3511
3 3530 3511 4133
3 3678 3612 3601
3 3582 3437 3609
3 3099 1077 3614
3 3607 3617 3610
3 3442 3437 3582
3 3579 3452 1461
3 3614 3596 3585
3 3578 3582 3609
3 3620 3610 3617
3 201 2394 3612
3 3595 3596 3614
3 346 4289 3621
3 1136 3605 1132
3 3306 3624 3622
3 3626 3191 3184
3 3601 3627 3625
3 3635 180 3628
3 3184 3190 3626
3 3627 3462 3629
3 3626 3669 3191
3 3625 3618 3601
3 3625 3627 3571
3 3631 3592 3595
3 3594 3591 3622
3 3603 3626 3600
3 3571 3627 3629
3 3591 3668 3622
3 3618 3625 3571
3 3281 3282 3590
3 3634 3631 3595
3 3598 3590 3604
3 3576 3575 3626
3 3466 3428 3629
3 178 179 3635
3 3588 3594 3622
3 3571 3629 3428
3 3616 3606 3589
3 3616 3589 3610
3 3588 3622 3624
3 3576 3626 3190
3 3678 3601 3618
3 3630 3605 3748
3 3644 4154 3643
3 3619 4154 3644
3 3641 3643 4154
3 3566 3567 3647
3 3638 4154 3637
3 3650 3637 4154
3 3571 3584 3665
3 1686 3633 3632
3 3655 3659 3652
3 3651 3652 3659
3 3664 2041 3649
3 3657 3658 3656
3 3655 3656 3659
3 3334 3654 3570
3 3605 3630 3634
3 3649 2041 2015
3 3659 3656 3658
3 3636 3633 1556
3 1099 3647 3653
3 3665 3678 3571
3 3646 3654 3191
3 3567 3566 3562
3 3661 3650 3660
3 3567 3562 3791
3 3673 3612 3678
3 3636 1556 1565
3 3636 1565 3639
3 3684 3612 3663
3 3653 3647 3567
3 3637 3650 3661
3 1072 3605 3595
3 3605 1072 1132
3 3658 3667 3650
3 3664 3695 3662
3 3639 1569 3642
3 3570 3654 3646
3 3662 3695 3668
3 3453 3666 3556
3 1565 1569 3639
3 3660 3650 3667
3 3657 3667 3658
3 3646 3191 3669
3 1569 1538 3642
3 3603 3640 3669
3 3672 3682 3671
3 3645 3642 1538
3 3671 3635 3628
3 3663 3612 3675
3 3731 3664 3662
3 3677 3659 3672
3 3640 3646 3669
3 3675 3612 3673
3 3592 3674 3580
3 3651 3659 3677
3 3670 3666 3676
3 3645 1538 3608
3 3635 3671 3682
3 3682 3672 3659
3 3575 3600 3626
3 3645 3608 3597
3 3662 3668 3583
3 3669 3626 3603
3 3673 3665 3675
3 3663 3675 3665
3 3699 3679 3680
3 3666 3464 3676
3 3714 1542 3681
3 3673 3678 3665
3 3618 3571 3678
3 1698 3685 1688
3 3683 3676 3464
3 3786 3750 3686
3 3674 3679 3699
3 3464 3477 3683
3 3689 3690 256
3 3688 3600 3687
3 3602 3687 3600
3 257 256 3693
3 3690 3693 256
3 3694 3670 3691
3 3663 3665 3684
3 3686 3684 3665
3 21 10 3691
3 3696 258 3693
3 257 3693 258
3 2109 2041 3664
3 3674 3534 3580
3 3692 3524 3697
3 3694 3691 10
3 3696 3870 258
3 3692 3687 3609
3 10 28 3694
3 3697 3687 3692
3 3668 3586 3583
3 3703 189 3943
3 3609 3687 3602
3 3437 3504 3692
3 3504 3524 3692
3 3664 3649 3648
3 3676 3691 3670
3 3692 3609 3437
3 3702 3701 193
3 3534 3674 3699
3 2125 897 3698
3 3695 3664 3648
3 3699 3680 3551
3 3620 3615 3610
3 3699 3540 3534
3 3454 3308 3707
3 3551 3540 3699
3 3648 3707 3695
3 3574 2123 3710
3 3616 3615 4605
3 3615 3620 4605
3 3617 4605 3620
3 3713 4605 3617
3 3622 3668 3707
3 160 156 4165
3 3668 3695 3707
3 4165 156 4167
3 155 4167 156
3 3710 2123 2125
3 3712 3717 3713
3 3586 3668 3591
3 151 4168 152
3 3721 3710 3698
3 3687 3837 3831
3 3724 4605 3717
3 3714 3632 1542
3 154 4176 151
3 3831 3688 3687
3 3698 3710 2125
3 3771 1689 3685
3 3707 3308 3622
3 3721 3698 3700
3 152 4169 155
3 3426 3454 3707
3 21 3706 3443
3 3716 3711 3679
3 3648 3426 3707
3 3715 3711 3716
3 215 4174 216
3 1690 3718 3681
3 3600 3688 3705
3 3603 3600 3705
3 4177 4174 215
3 1690 3771 3718
3 3704 3705 3688
3 3724 3717 3712
3 4177 220 3725
3 3722 3723 14
3 3681 3718 3737
3 3727 267 3726
3 266 3726 267
3 3687 3697 3837
3 3683 3367 3706
3 3720 3721 3700
3 3524 3840 3697
3 3714 3681 3737
3 2089 3731 3722
3 3676 3683 3706
3 3662 3722 3731
3 3720 3700 3708
3 3706 3691 3676
3 3453 3464 3666
3 3731 2109 3664
3 3714 3739 3632
3 3723 3662 3583
3 3708 3719 3720
3 3662 3723 3722
3 3583 11 3723
3 275 274 3735
3 3734 3735 274
3 3364 3367 3683
3 208 206 3736
3 3732 3736 206
3 3706 21 3691
3 899 3700 3698
3 3722 3774 2184
3 3670 3742 3666
3 3734 209 3736
3 274 209 3734
3 3700 899 896
3 14 3774 3722
3 3742 3556 3666
3 3723 11 14
3 78 275 3545
3 3892 3733 3704
3 3670 3738 3742
3 897 2125 608
3 3733 3705 3704
3 2089 2109 3731
3 3705 3733 3741
3 3674 3716 3679
3 3700 896 3708
3 3640 3603 3705
3 3716 3674 3592
3 3714 3737 3739
3 3631 3716 3592
3 3719 3584 3720
3 3743 134 426
3 3717 4605 3713
3 4039 4605 3724
3 454 3743 426
3 3716 3631 3715
3 227 4181 169
3 3631 3634 3715
3 4029 3640 3741
3 3719 3665 3584
3 3741 3640 3705
3 3728 3715 3634
3 822 1464 3745
3 3743 454 452
3 3745 1464 3746
3 1686 3632 3739
3 134 168 426
3 135 134 3743
3 1686 1556 3633
3 100 135 3743
3 201 3750 185
3 3810 3749 3747
3 3605 1136 3748
3 214 4162 4194
3 3728 3634 3630
3 3751 3729 212
3 201 3612 3750
3 240 4197 241
3 75 3740 3753
3 3743 3782 100
3 3754 3747 3752
3 3737 1738 1740
3 3747 3754 3810
3 4203 242 4067
3 3750 3786 3756
3 3750 3756 3757
3 3750 3757 3755
3 3753 82 75
3 3737 1740 3739
3 3538 3475 3758
3 3750 3755 185
3 3760 3709 3728
3 3728 3630 3760
3 3630 3748 3760
3 3759 27 3762
3 168 642 426
3 3788 3755 3792
3 3770 130 3883
3 3757 3765 3755
3 130 3770 3746
3 3764 3766 3744
3 3792 3755 3765
3 1680 2660 1698
3 3745 3767 3744
3 3760 3762 3709
3 3764 3767 3769
3 4208 164 163
3 3759 30 27
3 3612 3684 3750
3 159 158 4214
3 4212 4214 158
3 3759 3778 30
3 3684 3686 3750
3 181 3768 2284
3 158 162 4212
3 3767 3746 3770
3 1698 2676 3685
3 4214 4211 159
3 865 1191 3755
3 2457 2475 3773
3 181 2284 3774
3 3762 3760 3759
3 2284 2279 3774
3 4217 162 4216
3 160 4216 162
3 2475 3754 3773
3 3774 2571 2184
3 14 181 3774
3 3788 3801 3755
3 3752 3758 3773
3 181 3763 3768
3 3760 3748 1219
3 4217 4212 162
3 3771 1735 3718
3 3777 3760 1219
3 2285 2284 3768
3 3773 3754 3752
3 3718 1738 3737
3 3719 3708 3765
3 2475 2470 3754
3 3759 3760 3777
3 3718 1735 1738
3 3791 3562 3776
3 3660 4250 3661
3 2279 2571 3774
3 3761 3562 3742
3 3761 3776 3562
3 3778 3759 3777
3 3637 3661 4253
3 3638 3637 4253
3 4251 4253 3661
3 3719 3757 3756
3 3753 3781 82
3 3475 3472 3773
3 1136 1219 3748
3 3765 3757 3719
3 4253 3641 3638
3 2670 3784 2669
3 3785 2669 3784
3 3562 3556 3742
3 3781 3782 3783
3 3784 3796 3785
3 3816 3776 3761
3 3784 2653 3787
3 2670 2653 3784
3 1250 30 3778
3 3754 2470 3810
3 2669 3685 2670
3 2670 3685 2676
3 3665 3719 3686
3 3738 3761 3742
3 3756 3786 3719
3 44 30 1250
3 3786 3686 3719
3 3782 466 3783
3 1250 2693 44
3 3623 3621 4260
3 3621 3619 4260
3 3644 4256 3619
3 3773 3758 3475
3 3787 3796 3784
3 3777 1250 3778
3 3535 3789 3790
3 1227 1250 3777
3 3779 3780 3787
3 3782 452 466
3 1219 1227 3777
3 3524 3790 3840
3 3740 3782 3753
3 3789 3536 3793
3 4260 4298 3623
3 3801 3807 865
3 3782 3781 3753
3 3538 3758 3793
3 3685 3796 3771
3 3740 100 3782
3 3791 3880 3875
3 3801 865 3755
3 3776 3880 3791
3 3793 3797 3789
3 179 4240 180
3 3747 3749 3798
3 3792 3708 3788
3 3788 3708 3801
3 3685 2669 3785
3 3796 3685 3785
3 3796 1735 3771
3 3797 3747 3798
3 3782 3743 452
3 4241 3671 3628
3 4241 3628 180
3 3797 3752 3747
3 3792 3765 3708
3 82 3781 3763
3 1730 1735 3780
3 3796 3780 1735
3 3797 3793 3752
3 3781 3802 3763
3 3758 3752 3793
3 3789 3798 3790
3 3764 3775 3772
3 3769 3775 3764
3 3749 3872 3798
3 3763 3802 3768
3 3796 3787 3780
3 3781 3809 3802
3 3794 3803 3804
3 3535 3536 3789
3 865 3805 889
3 3805 865 3807
3 3656 4272 3657
3 3524 3535 3790
3 3798 3789 3797
3 3804 3822 3806
3 3802 2285 3768
3 39 3799 3841
3 3826 3808 3398
3 4367 4362 3659
3 3809 3811 3802
3 3813 386 495
3 3563 3344 3114
3 3708 896 3807
3 3800 3799 34
3 3934 3749 3810
3 3807 3801 3708
3 3800 34 3922
3 3808 3812 4309
3 3922 34 35
3 3802 2295 2285
3 2927 37 3814
3 3810 2470 1543
3 3814 37 40
3 3808 4309 3390
3 3829 3817 398
3 392 398 3817
3 1908 1876 3814
3 3803 3794 3795
3 430 428 3828
3 3821 3828 428
3 3814 3820 1908
3 428 389 3821
3 3815 3821 389
3 2927 3814 1876
3 433 432 3824
3 3823 3824 432
3 2652 3820 2729
3 40 2729 3820
3 3799 3800 3816
3 3808 3826 3827
3 2652 1834 3820
3 430 3828 432
3 3823 432 3828
3 3825 3811 3809
3 3820 3814 40
3 63 368 3541
3 96 63 3541
3 1911 1908 3820
3 3822 3804 3803
3 3761 3738 3816
3 3820 1834 1911
3 3827 18 3812
3 3344 3563 3806
3 3830 3827 3826
3 3221 3199 3836
3 3339 3806 3822
3 76 3541 370
3 3772 3775 3992
3 3833 395 3832
3 3834 3775 3769
3 437 442 3832
3 3886 3688 3831
3 23 3199 3336
3 3931 3834 3769
3 3199 23 3836
3 3398 3342 3819
3 442 3838 3832
3 3338 3822 3905
3 3808 3827 3812
3 12 3836 22
3 442 438 3838
3 3339 3822 3338
3 3398 3819 3826
3 3867 627 3842
3 3344 3806 3339
3 3836 12 37
3 3697 3840 3837
3 23 22 3836
3 3843 3842 734
3 3826 3846 3830
3 3841 28 39
3 735 3847 3848
3 3826 3819 3846
3 905 115 980
3 3846 4062 3830
3 735 747 3847
3 3799 39 34
3 2780 2730 12
3 3819 4062 3846
3 3831 3849 3845
3 3816 3738 3841
3 3816 3841 3799
3 3850 3847 747
3 3837 3849 3831
3 3447 3868 915
3 3841 3694 28
3 747 744 3850
3 3694 3738 3670
3 740 739 3855
3 3853 3844 905
3 3738 3694 3841
3 3653 3567 3858
3 740 3855 3852
3 3772 3766 3764
3 628 3859 3860
3 3868 3866 915
3 3567 3791 3875
3 3863 3859 634
3 628 634 3859
3 3858 1098 3653
3 3849 3837 3861
3 905 914 3853
3 3840 3861 3837
3 914 3866 3853
3 3809 3781 3862
3 1195 1193 3858
3 633 3865 634
3 3863 634 3865
3 3921 3857 3795
3 3868 3447 2812
3 3744 3767 3764
3 633 632 3865
3 3745 3746 3767
3 3858 1271 1195
3 3766 3068 3744
3 3872 3840 3790
3 3873 725 3870
3 3835 3811 3864
3 724 3870 725
3 3874 1286 1258
3 724 258 3870
3 3745 3744 3068
3 3876 795 3873
3 3769 3767 3770
3 42 3871 52
3 3877 3809 3862
3 3992 3775 3834
3 3790 3798 3872
3 3880 3878 3875
3 3861 3840 3872
3 3978 3068 3766
3 3881 3857 3866
3 3871 42 3879
3 3749 3981 3872
3 3866 3868 3881
3 3880 3816 6
3 3880 6 3909
3 3880 3776 3816
3 3809 3877 3825
3 914 915 3866
3 3910 3907 3976
3 3879 3869 3830
3 3893 3864 3891
3 3910 3864 3893
3 3878 3874 1257
3 3879 42 3869
3 757 3896 3894
3 757 3894 758
3 3825 3925 3864
3 757 749 3896
3 3897 3896 749
3 3864 3811 3825
3 3613 3608 3972
3 749 736 3897
3 3848 3897 736
3 1485 1491 3887
3 3881 3803 3795
3 3825 3877 3891
3 3893 3891 3877
3 3853 3866 3857
3 3895 3878 1271
3 3819 3342 3899
3 3704 3886 3892
3 3567 3875 3895
3 3342 3341 3899
3 1271 3878 1257
3 3478 3899 3341
3 3845 3886 3831
3 3857 3881 3795
3 3890 1485 3887
3 3925 3825 3891
3 3868 3905 3881
3 785 784 3904
3 3878 3895 3875
3 3900 786 3904
3 3890 3960 3883
3 3886 3845 3984
3 3905 3822 3803
3 3883 3960 3931
3 3895 3858 3567
3 3478 3902 3899
3 1486 1485 3890
3 3877 3910 3893
3 3982 3911 3902
3 3878 3880 3909
3 3868 2812 2830
3 3890 3883 1486
3 3912 3733 3892
3 4062 3819 3911
3 3704 3688 3886
3 3914 761 3913
3 760 3913 761
3 3905 3803 3881
3 3931 3770 3883
3 3878 3909 3874
3 3908 3915 654
3 658 654 3915
3 3874 1258 1257
3 760 661 3913
3 3913 661 3915
3 3905 3868 2830
3 3902 3903 3982
3 3946 3711 3715
3 266 202 3914
3 266 3914 3726
3 3993 3917 3912
3 3911 3819 3902
3 3946 3920 3711
3 3919 951 1183
3 3925 3891 3864
3 3956 3887 3916
3 1183 3918 3919
3 3902 3819 3899
3 1184 346 3924
3 3887 1491 3916
3 3922 53 3923
3 1979 3916 1491
3 1979 344 3916
3 3903 3902 3478
3 3916 3947 3956
3 3923 53 1293
3 3862 3781 3851
3 3930 3478 3929
3 3922 35 53
3 1183 1184 3918
3 3770 3931 3769
3 3937 1184 3935
3 3945 3921 3926
3 3924 3935 1184
3 1184 3937 3932
3 3921 3795 3926
3 3940 6 3922
3 3932 3933 1184
3 3933 3918 1184
3 3936 3934 2497
3 3927 3939 3916
3 6 3816 3800
3 3955 3976 3885
3 2497 2491 3936
3 3795 3794 3926
3 3943 963 3942
3 964 963 3943
3 3959 2322 3976
3 3944 3921 3945
3 3916 3939 3947
3 3934 3981 3749
3 3948 3945 3946
3 3946 3709 3948
3 3932 4294 3933
3 3478 3930 3903
3 3941 3903 3930
3 3923 3940 3922
3 3948 3762 27
3 3936 3981 3934
3 4294 4295 3918
3 3933 4294 3918
3 3967 3983 3936
3 3923 1290 3940
3 3944 3945 3948
3 4295 4297 3919
3 3944 95 3921
3 3936 2491 3967
3 968 970 3942
3 3944 64 95
3 3874 3938 1286
3 2322 3959 3951
3 3950 3903 3953
3 3940 3874 3909
3 969 4297 3954
3 969 3954 3952
3 3940 3938 3874
3 64 3944 3948
3 3922 6 3800
3 3948 27 64
3 3890 3887 3956
3 3958 3903 3957
3 2497 3934 3810
3 2317 3976 2322
3 3903 3958 3953
3 3907 3877 3951
3 3956 3960 3890
3 1093 795 3961
3 3715 3728 3946
3 6 3940 3909
3 3961 3962 1095
3 3976 3907 3885
3 3963 1018 3962
3 3945 3926 3946
3 3957 3903 3964
3 3941 3964 3903
3 3956 3947 3949
3 3948 3709 3762
3 3920 3946 3926
3 3907 3951 3885
3 3946 3728 3709
3 3964 3972 3957
3 2506 3967 2491
3 3959 3955 3951
3 3960 3949 3968
3 3564 3569 3973
3 3569 3560 3973
3 3973 3560 3558
3 3973 3558 3553
3 3973 3553 3549
3 3973 3549 3545
3 3679 3711 3920
3 3960 3956 3949
3 3920 3926 3794
3 3970 3971 4163
3 3885 3951 3955
3 3680 3679 3920
3 3794 3680 3920
3 3804 3551 3680
3 3969 3972 3608
3 3968 3834 3931
3 3804 3680 3794
3 3613 3972 3974
3 3968 3931 3960
3 2648 3951 2309
3 3967 3971 3983
3 3975 115 3844
3 3565 3564 3973
3 3581 3577 3973
3 3967 2510 3971
3 3974 3448 3613
3 115 905 3844
3 3927 3977 3939
3 3537 3448 3974
3 3975 125 115
3 2606 2309 3851
3 3565 3973 3577
3 3921 3975 3844
3 3921 3844 3853
3 3864 3910 3976
3 3921 95 3975
3 2300 3976 2317
3 3958 3972 3969
3 3958 3969 3953
3 3857 3921 3853
3 3958 3957 3972
3 3976 3835 3864
3 3977 3927 4616
3 3955 3959 3976
3 2300 3835 3976
3 3929 3974 3972
3 3964 3941 3972
3 3930 3972 3941
3 3929 3972 3930
3 3727 3726 3852
3 3852 3855 3727
3 3951 3877 3862
3 3928 3482 3974
3 3484 3974 3482
3 3978 3980 3979
3 3974 3929 3928
3 3862 3851 2309
3 3907 3910 3877
3 3982 4064 3911
3 3954 3725 3952
3 3702 3942 3701
3 3978 3772 3980
3 3979 3332 3340
3 2309 3951 3862
3 3989 3332 3979
3 3943 3942 3702
3 3703 3943 3702
3 4012 4013 3982
3 3851 3781 3783
3 3979 3340 3978
3 3985 3986 4002
3 3783 466 3851
3 3988 3984 3845
3 3986 4015 3987
3 3903 3950 3982
3 3985 4015 3986
3 3835 3802 3811
3 3604 3987 3598
3 3988 3845 3849
3 4015 3598 3987
3 3701 3952 3725
3 3987 3989 3986
3 3835 2295 3802
3 3986 3979 3980
3 3849 3983 3988
3 3913 3915 3847
3 3849 3861 3983
3 3979 3986 3989
3 3583 3586 4087
3 3987 3319 3989
3 3319 3987 3604
3 3734 3973 3735
3 3736 3973 3734
3 3730 3973 3732
3 3729 3973 3730
3 3545 3735 3973
3 4087 11 3583
3 3989 3319 3332
3 3886 3984 3990
3 3980 4007 3986
3 3984 4001 3990
3 3772 3992 3980
3 3978 3766 3772
3 3732 3973 3736
3 3729 3751 3973
3 4007 4002 3986
3 3996 3997 1620
3 3995 3996 1620
3 3990 3993 3886
3 3821 3815 3817
3 495 3817 3813
3 495 512 3818
3 3817 495 3818
3 3999 4045 3998
3 1639 3996 4000
3 4009 1639 4000
3 4001 3970 4155
3 3996 1639 3997
3 4003 4002 4004
3 3984 3988 3970
3 4045 3999 4003
3 3991 3994 3588
3 4002 4007 4004
3 3821 3829 3828
3 3813 3817 3815
3 3823 3828 3833
3 3833 3832 3823
3 3829 3821 3817
3 3833 3828 3829
3 3824 3823 3832
3 4001 3984 3970
3 3968 4004 3834
3 4009 4000 4008
3 4006 4008 4000
3 4000 4206 4006
3 4005 4006 4206
3 3970 3988 3983
3 4004 4007 3834
3 3968 3949 4004
3 3832 3838 3824
3 3541 3824 3838
3 4007 3992 3834
3 4072 3982 4011
3 4010 4072 4011
3 4013 4011 3982
3 4003 3985 4002
3 4003 3999 3985
3 3983 3861 3981
3 3839 3541 3838
3 3980 3992 4007
3 3872 3981 3861
3 4028 4014 3985
3 856 1137 3843
3 3611 4015 4014
3 3999 4028 3985
3 4006 4010 4011
3 3712 3607 4014
3 3892 3993 3912
3 4014 4023 3712
3 4006 4011 4013
3 3936 3983 3981
3 3529 3489 4016
3 4018 4012 4017
3 3892 3886 3993
3 3914 3913 3852
3 3726 3914 3852
3 3855 3854 3689
3 3624 4016 3588
3 4015 3985 4014
3 3982 4017 4012
3 3690 3689 3854
3 3693 3690 3854
3 3607 3611 4014
3 3611 3598 4015
3 3317 4016 3624
3 3970 3983 3971
3 3854 3860 3693
3 3860 3859 3693
3 4019 4143 4010
3 3696 3693 3859
3 3870 3696 3859
3 3317 3152 4016
3 4016 3152 3529
3 3873 3870 3859
3 3876 3873 3859
3 4147 3917 3993
3 4052 4020 4063
3 4016 3489 3991
3 4053 4020 3998
3 4052 4038 4020
3 3733 3912 4022
3 3991 3588 4016
3 3961 3876 3863
3 3724 3712 4023
3 3724 4023 4039
3 3863 3865 3961
3 3867 3963 3865
3 2539 3646 4036
3 3843 1137 3842
3 2544 4022 2658
3 4206 4126 4005
3 3842 3965 3867
3 4028 3999 3998
3 4022 2544 4029
3 3689 3727 3855
3 4029 3741 3733
3 4028 3998 4030
3 3882 3898 912
3 3898 3888 912
3 3888 3889 912
3 4023 4014 4028
3 4029 2544 4036
3 4030 4023 4028
3 4033 4025 4023
3 3884 3900 3882
3 4030 4033 4023
3 4040 4027 4026
3 3640 4029 4036
3 4034 4035 4037
3 4035 4031 4037
3 4031 4032 4037
3 4009 4037 4032
3 4008 4037 4009
3 924 912 3889
3 4038 4025 4033
3 4023 4025 4039
3 26 4024 4026
3 4030 4020 4033
3 4029 3733 4022
3 4020 4030 3998
3 4020 4038 4033
3 2658 4022 3912
3 3908 3906 3897
3 3906 3901 3896
3 3894 3896 3901
3 3897 3848 3908
3 3900 3894 3901
3 3904 3882 3900
3 3894 3900 3884
3 3848 3847 3908
3 3915 3908 3847
3 3969 4035 4034
3 4018 4017 3969
3 3950 3969 4017
3 4025 4038 4041
3 4047 3311 3334
3 4041 4507 4025
3 3847 3850 3913
3 3850 3852 3913
3 4032 1639 4009
3 4036 2544 2539
3 4038 4042 4041
3 4024 4040 4026
3 3898 3882 3904
3 4047 3334 3570
3 4005 4019 4006
3 4021 4019 4005
3 4010 4006 4019
3 3896 3897 3906
3 3588 3994 4040
3 4038 4052 4042
3 4037 4013 4012
3 4037 4012 4018
3 4037 4018 4034
3 3591 4040 3586
3 4043 4052 4044
3 3570 3646 2539
3 3952 3701 3942
3 4043 4041 4042
3 4044 4041 4043
3 4008 4006 4013
3 4008 4013 4037
3 4040 3994 4027
3 4017 3982 3950
3 4040 4024 4089
3 4089 3586 4040
3 4046 4045 3949
3 4047 2570 2251
3 3949 3947 4046
3 3591 3594 4040
3 3939 3977 4046
3 3966 3842 1137
3 3965 3842 3966
3 3963 3867 3965
3 3961 3865 3962
3 3859 3863 3876
3 3962 3865 3963
3 4047 2251 3311
3 4040 3594 3588
3 1639 4032 1591
3 4031 1591 4032
3 4047 3570 2539
3 4046 3947 3939
3 3250 3136 4049
3 2570 4047 2539
3 4003 4004 4045
3 4004 3949 4045
3 3969 1591 4035
3 4036 3646 3640
3 4063 4020 4053
3 3136 3216 4051
3 4034 4018 3969
3 3953 3969 3950
3 24 4054 4050
3 4053 4045 4046
3 3495 4051 3216
3 3998 4045 4053
3 4057 3505 4056
3 4042 4052 4043
3 4058 4044 4052
3 4052 4061 4058
3 4054 24 4027
3 4057 4048 4060
3 3994 4054 4027
3 4050 3994 3991
3 4059 4071 2594
3 4061 4052 4063
3 4050 4054 3994
3 4055 4059 4101
3 3136 4051 4060
3 3635 3682 4056
3 4101 4100 4055
3 4415 4044 4058
3 4055 4071 4059
3 3911 4064 4062
3 4067 92 4070
3 4084 3366 4055
3 4075 46 4074
3 4066 4058 4061
3 4058 4066 4065
3 4071 2584 2594
3 29 4050 3489
3 4053 4046 4069
3 4063 4069 4061
3 4071 3363 2170
3 4050 3991 3489
3 4063 4053 4069
3 4061 4069 4066
3 4068 4064 4072
3 75 82 4076
3 4074 45 4077
3 4068 3879 4064
3 4071 4055 3363
3 59 4078 4077
3 4079 4024 26
3 4069 4046 3977
3 59 58 4078
3 4081 4078 58
3 3879 4062 4064
3 4415 4041 4044
3 4083 3486 4082
3 1341 1910 1435
3 3581 4082 3485
3 4079 75 4076
3 2216 4110 4086
3 4110 4088 4086
3 4064 3982 4072
3 3586 4089 4087
3 3879 3830 4062
3 47 57 4090
3 4087 4076 11
3 2228 2233 4086
3 58 48 4081
3 2233 2223 4086
3 4087 4079 4076
3 4094 2228 4086
3 4086 4088 4094
3 4088 4096 4094
3 4092 4099 4085
3 1435 1910 2228
3 4100 4101 4099
3 4102 1438 1435
3 4080 4100 4092
3 4096 4102 1435
3 3513 4104 3517
3 4102 1444 1438
3 4079 4087 4089
3 4100 4084 4055
3 3487 4095 3490
3 4079 4089 4024
3 4104 3513 4105
3 4111 1444 4102
3 57 4106 4090
3 4076 82 181
3 57 56 4106
3 4107 4106 56
3 2517 4149 2216
3 11 4076 181
3 2216 4149 4110
3 14 11 181
3 4099 4092 4100
3 56 51 4107
3 4098 4161 4093
3 4161 4172 4093
3 50 3501 4108
3 4084 4100 4080
3 4098 4103 4161
3 4113 4117 4111
3 4099 4101 4124
3 4101 4125 4124
3 3501 3500 4112
3 4116 4101 4059
3 2598 4116 4059
3 4117 4115 4118
3 2598 4059 2594
3 3495 4119 4120
3 4118 4135 4117
3 4104 4121 3517
3 4115 4130 4118
3 4230 4116 2598
3 4119 3493 4121
3 4060 4051 4144
3 4120 4144 4051
3 3495 4120 4051
3 4117 4113 4115
3 4099 4124 4085
3 4115 4110 4153
3 4156 4153 4110
3 4124 4125 4122
3 4102 4096 4113
3 4113 4096 4088
3 3499 3531 4114
3 4128 4114 3531
3 4113 4111 4102
3 4115 4113 4088
3 4115 4088 4110
3 4127 4131 4224
3 4226 4131 4132
3 4127 4123 4125
3 3531 3530 4128
3 4111 4138 1444
3 4101 4132 4131
3 4230 4132 4116
3 4131 4125 4101
3 4117 4135 4136
3 4122 4085 4124
3 4137 4139 4138
3 4123 4122 4125
3 4157 4093 4193
3 4139 4140 4138
3 4139 4141 4140
3 4098 4093 4134
3 4142 4111 4136
3 4117 4136 4111
3 4143 4126 4134
3 4153 4156 4323
3 4156 4159 4323
3 4159 4160 4323
3 4138 4111 4137
3 4097 4098 4134
3 4131 4127 4125
3 4132 4101 4116
3 4142 4137 4111
3 4097 4134 4126
3 4057 4056 4362
3 4134 4093 4157
3 4145 4186 4171
3 4141 4146 4140
3 4049 4362 3250
3 4150 3917 4145
3 1481 4138 4140
3 4140 1482 1481
3 4134 4157 4143
3 4056 3682 4362
3 4147 4145 3917
3 4136 4135 4323
3 4135 4118 4323
3 4118 4130 4323
3 4130 4153 4323
3 3510 3505 4148
3 4144 4148 3505
3 4072 4010 4143
3 2658 3912 3917
3 3682 3659 4362
3 4150 2658 3917
3 4378 4381 2896
3 3510 4148 4133
3 4021 4126 4019
3 4143 4019 4126
3 4149 2517 4152
3 4068 4072 4143
3 2682 2658 4150
3 4153 4130 4115
3 4048 4057 4362
3 4150 4145 2667
3 2682 4150 2667
3 4110 4159 4156
3 3619 3621 4289
3 4149 4160 4159
3 4320 4322 4160
3 2523 2537 4318
3 3641 4154 3638
3 4152 4160 4149
3 4377 4319 2537
3 4149 4159 4110
3 4319 4318 2537
3 2537 2896 4377
3 4381 4377 2896
3 2525 2523 4318
3 4172 3856 4093
3 4164 1482 4140
3 152 4168 4169
3 4166 4164 4146
3 4140 4146 4164
3 3856 4193 4093
3 4142 4136 4323
3 4167 155 4169
3 4175 4170 4173
3 4164 4173 4170
3 216 4174 4176
3 4175 4201 4170
3 4166 4173 4164
3 4155 3970 4163
3 4172 9 3856
3 4164 1528 1482
3 4145 4147 4186
3 4168 151 4176
3 1534 1528 4170
3 4170 1528 4164
3 1577 1534 4170
3 172 4179 4180
3 4195 4170 4201
3 4137 4142 4323
3 4170 4195 1577
3 172 170 4179
3 4139 4137 4323
3 4322 4323 4160
3 2687 2719 4183
3 211 210 4184
3 170 169 4181
3 4188 4181 227
3 2687 4183 4186
3 4187 4182 4189
3 4185 4189 4182
3 4172 4231 9
3 4192 4188 232
3 1576 4195 4182
3 4190 4187 4189
3 4184 4191 211
3 212 211 4191
3 227 232 4188
3 232 230 4192
3 4171 4183 2695
3 2695 4145 4171
3 4186 4147 4204
3 4193 4143 4157
3 4183 4171 4186
3 4201 4196 4195
3 212 4191 3751
3 4186 4204 4178
3 4193 3856 3871
3 4198 241 4197
3 4182 4195 4199
3 4196 4199 4195
3 4193 4068 4143
3 4201 4199 4196
3 242 4203 240
3 4182 4199 4185
3 4001 4155 4200
3 4200 4155 4158
3 4193 3871 3879
3 244 4198 4202
3 4200 3990 4001
3 4193 3879 4068
3 3993 3990 4200
3 1620 4205 3995
3 4200 4158 4204
3 4197 240 4203
3 4178 4204 4158
3 4204 3993 4200
3 4182 4187 1588
3 3993 4204 4147
3 4126 4206 4097
3 246 4067 242
3 1588 1576 4182
3 214 236 4162
3 4207 4162 236
3 4206 4129 4097
3 236 235 4207
3 4190 4189 4249
3 4201 4249 4189
3 4189 4199 4201
3 4185 4199 4189
3 4151 2525 4320
3 4141 4139 4323
3 163 4211 4208
3 2615 2741 4210
3 4206 4292 4129
3 2985 3004 4394
3 4392 4391 3606
3 4209 4222 4210
3 4210 2705 2615
3 163 159 4211
3 4021 4005 4126
3 4230 4210 4222
3 4210 4230 2705
3 4000 3995 4205
3 4000 4205 4206
3 4165 4216 160
3 1654 4219 4223
3 1654 4218 4219
3 4221 4247 4225
3 4224 4226 4228
3 4220 4228 4229
3 4103 4098 4227
3 4229 4226 4230
3 4221 4227 4098
3 4230 4222 4229
3 4342 4213 1640
3 254 1640 4213
3 3644 3643 4256
3 4256 3643 4255
3 4342 1640 4223
3 4220 4395 4228
3 4255 3643 3641
3 4231 4248 422
3 4224 4131 4226
3 4244 4234 4232
3 4260 3619 4256
3 4234 4235 4232
3 4226 4132 4230
3 4228 4226 4229
3 4161 4103 4231
3 4235 4246 4233
3 4235 4233 4232
3 4222 4220 4229
3 4235 4234 4246
3 4231 4172 4161
3 3924 3623 4298
3 4225 4231 4227
3 4220 4222 4238
3 3659 3658 4367
3 31 4238 4239
3 4222 4209 4238
3 4241 180 4240
3 31 4239 32
3 4238 4209 4239
3 4231 4103 4227
3 179 178 4240
3 4221 4225 4227
3 4242 4210 2741
3 4190 4249 4236
3 4098 4097 4221
3 4264 3671 4241
3 4242 4209 4210
3 4249 4244 4236
3 4221 4097 4129
3 4239 4242 2745
3 2741 2748 4242
3 4232 4237 4236
3 3671 4264 3672
3 4266 3672 4264
3 2745 3132 32
3 4233 4237 4232
3 4232 4236 4244
3 32 4239 2745
3 422 9 4231
3 4239 4209 4242
3 2748 2745 4242
3 4244 4201 4234
3 3677 4271 3651
3 4243 382 388
3 3667 3657 4272
3 3652 4269 3655
3 4245 2510 2814
3 4245 4163 3971
3 4272 3656 4274
3 2814 2813 4245
3 1673 4236 4257
3 4250 3660 4273
3 4263 4237 4233
3 4245 3971 2510
3 4247 4248 4225
3 3667 4273 3660
3 4248 4231 4225
3 4243 4248 4247
3 4249 4201 4244
3 4246 4234 4201
3 4251 3661 4250
3 4187 4190 4236
3 4163 4252 4155
3 4236 1673 4187
3 4248 4243 388
3 4259 3641 4253
3 4252 4254 2835
3 4245 4254 4163
3 4265 1664 4257
3 1668 4257 1664
3 4258 4178 4158
3 4237 4263 4265
3 3641 4259 4255
3 4257 4237 4265
3 4236 4237 4257
3 4252 4258 4158
3 4252 4158 4155
3 1977 4261 1620
3 1588 4187 1673
3 4262 2863 2687
3 4178 4258 4262
3 1664 4218 1654
3 4265 4263 4268
3 2832 4258 4252
3 4271 3677 4266
3 4262 2862 2863
3 1664 4265 4268
3 4262 4258 2862
3 4252 4163 4254
3 3672 4266 3677
3 4254 4245 2813
3 4268 4270 1664
3 4261 1980 4267
3 3651 4271 3652
3 4269 3652 4271
3 4262 2687 4186
3 4273 3667 4272
3 4262 4186 4178
3 4274 3655 4269
3 4283 4270 4268
3 1977 1980 4261
3 3655 4274 3656
3 4218 4270 4219
3 4275 4281 4276
3 4277 382 4243
3 4270 4218 1664
3 4233 4296 4263
3 4296 4280 4283
3 4275 4282 4281
3 4280 4284 4283
3 4277 4243 4247
3 4276 4315 2941
3 4285 4277 4247
3 4279 346 4286
3 4263 4283 4268
3 4276 4281 4315
3 336 3435 4286
3 4267 4277 4285
3 4304 4287 4290
3 4283 4284 4287
3 4154 3619 4289
3 4287 4284 4290
3 4291 4288 3343
3 3346 4291 3343
3 4247 4221 4292
3 4283 4287 4270
3 3623 346 3621
3 2968 4288 4278
3 4346 4270 4287
3 3623 3924 346
3 4292 4221 4129
3 4282 4278 4288
3 3932 3937 4293
3 4291 4282 4288
3 3932 4293 4294
3 3919 3918 4295
3 4296 4283 4263
3 951 3919 4297
3 969 951 4297
3 2330 4288 2968
3 4261 4292 4206
3 4285 4247 4292
3 2942 2962 4278
3 2962 2968 4278
3 4292 4267 4285
3 3935 3924 4298
3 4299 4300 4296
3 4299 4296 4233
3 4201 4175 4246
3 380 382 4277
3 3937 3935 4301
3 4298 4301 3935
3 4296 4300 4302
3 4296 4302 4310
3 4275 4278 4282
3 4293 3937 4301
3 4246 4299 4233
3 4277 4267 408
3 4289 4279 4367
3 4279 4286 4367
3 4367 4286 3435
3 4175 4173 4246
3 4300 4299 4173
3 4299 4246 4173
3 4154 4289 4367
3 1980 408 4267
3 4290 4284 4312
3 380 4277 408
3 4070 4073 3751
3 4282 4291 4303
3 4290 4312 4305
3 4205 1620 4261
3 4281 4282 4303
3 4075 4074 3751
3 4073 4075 3751
3 4206 4205 4261
3 4292 4261 4267
3 3973 3751 4074
3 3036 4306 4307
3 4290 4305 4304
3 4074 4077 3973
3 4077 4078 3973
3 4280 4296 4310
3 4326 4307 4306
3 4280 4310 4311
3 4078 4081 3973
3 4284 4280 4311
3 4311 4312 4284
3 3040 3036 4307
3 4308 4309 3812
3 4314 4319 4313
3 3005 4315 4306
3 4091 3581 4081
3 3005 3000 4315
3 4306 4315 4326
3 4378 4374 4381
3 4090 4106 3581
3 4106 4107 3581
3 3973 4081 3581
3 4090 3581 4091
3 2941 4315 3000
3 4317 4318 4314
3 4314 4311 4317
3 4318 4319 4314
3 4082 3581 4107
3 4316 4315 4281
3 4173 4166 4323
3 120 4321 4339
3 4320 4311 4322
3 4310 4323 4322
3 4302 4300 4173
3 4324 4325 3557
3 4302 4323 4310
3 4109 4108 4095
3 4095 4083 4109
3 4083 4082 4109
3 4107 4109 4082
3 3292 4325 120
3 4345 4307 4326
3 4104 4105 4108
3 4105 4095 4108
3 3379 3390 4309
3 4320 4317 4311
3 4316 4326 4315
3 4310 4322 4311
3 4309 3557 3379
3 4108 4112 4104
3 4309 4324 3557
3 4305 4312 4313
3 4326 4328 4327
3 4314 4313 4312
3 4314 4312 4311
3 4326 4316 4328
3 4114 4121 4112
3 4323 4302 4173
3 120 4329 4321
3 4330 270 4213
3 4328 4316 4303
3 4281 4303 4316
3 4329 120 4324
3 4120 4119 4128
3 4114 4128 4119
3 4119 4121 4114
3 309 4332 1318
3 4345 4326 4327
3 4104 4112 4121
3 4291 3346 4333
3 4330 4332 309
3 4128 4133 4120
3 4308 4329 4309
3 3346 4080 4333
3 4330 309 270
3 4308 4321 4329
3 4291 4333 4303
3 1318 4332 4331
3 4120 4133 4144
3 4340 4321 4308
3 4092 4085 4334
3 4355 4334 4085
3 4148 4144 4133
3 4348 4327 4334
3 4338 4332 4330
3 324 4331 4335
3 4333 4080 4336
3 4080 4092 4336
3 3559 3557 4325
3 4293 4301 4167
3 4167 4169 4293
3 2405 324 4335
3 4325 4324 120
3 4169 4168 4294
3 4295 4294 4168
3 2405 4335 4352
3 4334 4336 4092
3 3292 3260 4325
3 4168 4176 4295
3 4324 4309 4329
3 4331 4338 4335
3 4174 4297 4176
3 137 120 4339
3 4336 4328 4333
3 4339 4340 143
3 4331 4332 4338
3 4174 4177 3954
3 4327 4328 4336
3 4334 4327 4336
3 4337 4335 4338
3 4328 4303 4333
3 4335 4337 4347
3 18 4340 4308
3 4337 4338 4215
3 3954 4177 3725
3 4338 4342 4215
3 18 38 4340
3 4341 3040 4307
3 4342 4223 4219
3 38 112 143
3 4342 4219 4215
3 38 143 4340
3 4330 4213 4342
3 4180 4179 4198
3 4202 4198 4179
3 4188 4240 4181
3 4198 4197 4180
3 4184 4180 4197
3 4197 4203 4184
3 4203 4067 4184
3 4191 4184 4067
3 4067 4070 3751
3 4340 4339 4321
3 4338 4330 4342
3 4202 4179 4240
3 4188 4192 4241
3 4343 3040 4341
3 4337 4346 4347
3 4194 4264 4192
3 4349 4350 4347
3 9 207 4344
3 4344 52 3871
3 4162 4266 4194
3 4344 3871 3856
3 4345 4327 4348
3 4344 3856 9
3 3751 4191 4067
3 4346 4349 4347
3 4335 4347 4352
3 4351 4354 4348
3 4347 4353 4352
3 4211 4214 4273
3 4273 4272 4211
3 4348 4354 4345
3 4250 4273 4214
3 4251 4250 4212
3 4215 4346 4337
3 4215 4219 4346
3 4217 4253 4212
3 4216 4255 4217
3 4085 4122 4355
3 4346 4219 4270
3 4348 4334 4355
3 4165 4167 4298
3 4287 4349 4346
3 4355 4356 4351
3 4355 4122 4356
3 4301 4298 4167
3 2407 2405 4352
3 4356 4122 4123
3 4352 2414 2407
3 4272 4274 4211
3 4240 4188 4241
3 4181 4240 4179
3 4207 4266 4162
3 2414 4352 4353
3 4351 4348 4355
3 4353 2424 2414
3 4353 4350 2424
3 4251 4212 4253
3 4208 4211 4269
3 4214 4212 4250
3 4255 4259 4217
3 4255 4216 4256
3 4353 4347 4350
3 4253 4217 4259
3 4264 4194 4266
3 4266 4207 4271
3 4269 4271 4207
3 4241 4192 4264
3 4274 4269 4211
3 2 4358 4357
3 4207 4208 4269
3 4341 4358 4343
3 2433 2428 4360
3 4294 4293 4169
3 4297 4174 3954
3 4295 4176 4297
3 2424 4360 2428
3 4354 4351 4357
3 4366 2433 4359
3 4358 4354 4357
3 4360 4359 2433
3 4216 4165 4260
3 4260 4256 4216
3 4298 4260 4165
3 2424 4350 4360
3 4127 4224 4361
3 4049 4048 4362
3 4359 4350 4349
3 3 4361 4224
3 3250 4362 3345
3 4359 4360 4350
3 4356 4123 4127
3 4287 4304 4349
3 4363 4364 4305
3 3658 3650 4367
3 4361 4356 4127
3 4363 4365 4364
3 4361 3 4357
3 3650 4154 4367
3 4357 3 2
3 4361 4351 4356
3 4365 2449 4366
3 4361 4357 4351
3 4307 4345 4341
3 4365 4368 2449
3 4345 4354 4341
3 4368 4363 2473
3 3345 4362 3418
3 4367 3418 4362
3 4354 4358 4341
3 3104 4369 3101
3 4359 4349 4370
3 3101 4369 19
3 4370 4349 4304
3 4305 4370 4304
3 4364 4370 4305
3 4364 4359 4370
3 4371 25 19
3 4365 4359 4364
3 4365 4366 4359
3 4372 4343 17
3 4451 3011 3025
3 3056 4343 4372
3 4371 19 4369
3 4365 4363 4368
3 4369 4373 4371
3 4373 4375 4371
3 4313 4381 4374
3 4305 4313 4374
3 4376 4305 4374
3 4373 4372 17
3 4363 4305 4376
3 4313 4319 4377
3 4373 17 4375
3 4389 4374 4379
3 4393 3066 3081
3 3071 4380 4385
3 4318 4317 2525
3 3054 79 4380
3 4313 4377 4381
3 7 4386 31
3 25 7 31
3 4166 4146 4323
3 4160 4152 4320
3 4317 4320 2525
3 4146 4141 4323
3 4152 4151 4320
3 4343 4358 17
3 4400 4392 3606
3 4358 2 17
3 17 1 4375
3 2 1 17
3 25 4371 7
3 4375 7 4371
3 4451 3025 4382
3 7 4375 1
3 4396 2509 4383
3 3066 4393 4382
3 4396 4383 4388
3 4383 2473 4384
3 4386 4220 4238
3 4395 4220 4386
3 4386 4238 31
3 3071 4385 4387
3 4363 4384 2473
3 4380 4463 4385
3 4384 4388 4383
3 4389 4376 4374
3 3076 3035 4387
3 4388 4389 4390
3 4388 4390 4391
3 4395 4386 1
3 4387 3035 3071
3 4394 4389 4379
3 4387 4393 3081
3 4389 4394 4390
3 4387 3081 3076
3 4363 4376 4384
3 1 2 4395
3 4378 4379 4374
3 3 4395 2
3 4389 4384 4376
3 4388 4391 4392
3 4389 4388 4384
3 4440 4382 4393
3 4395 3 4228
3 4224 4228 3
3 4390 3606 4391
3 7 1 4386
3 4396 2527 2518
3 4380 79 4463
3 2518 2509 4396
3 4398 4399 4397
3 4451 4397 4399
3 4400 4396 4392
3 4388 4392 4396
3 4400 4402 4396
3 4401 4397 4451
3 4396 4411 2527
3 4404 4382 4403
3 4398 4405 4399
3 4444 4403 4440
3 4394 3606 4390
3 4408 4432 4407
3 4407 4432 4406
3 2527 4410 4409
3 4409 4410 3606
3 4411 3606 4410
3 4411 4410 2527
3 4396 4402 4411
3 4402 3606 4411
3 2557 4409 3606
3 4402 4400 3606
3 4025 4504 4039
3 4412 4414 4058
3 4415 4058 4414
3 4399 3166 4451
3 4407 4509 4408
3 4417 4416 4430
3 4405 4398 4419
3 4398 4397 4419
3 4418 4419 4397
3 4401 4418 4397
3 4418 4401 4404
3 4418 4404 4403
3 4444 4462 4403
3 4424 4439 4417
3 4643 4448 4416
3 4421 4422 4420
3 4423 4428 4426
3 4416 4448 4430
3 4429 4426 4428
3 4428 4423 4425
3 4422 4431 4420
3 4427 4434 4412
3 4435 4425 4433
3 4432 4433 4425
3 4436 4437 4438
3 4424 4041 4427
3 4041 4424 4430
3 4412 4434 4414
3 4416 4417 4439
3 4441 4416 4439
3 4425 4423 4563
3 4426 4587 4423
3 4424 4427 4439
3 4412 4439 4427
3 4438 4385 4420
3 4058 4065 4439
3 4441 4439 4065
3 4442 4443 4432
3 4439 4412 4058
3 4041 4415 4434
3 4414 4434 4415
3 4434 4427 4041
3 4417 4430 4424
3 4435 4428 4425
3 4436 4438 4431
3 4420 4431 4438
3 4443 4433 4432
3 4446 4447 4445
3 4444 4440 4437
3 4438 4437 4440
3 4447 4449 4445
3 4445 4452 4446
3 4454 4446 4452
3 4432 4408 4442
3 4413 4442 4408
3 4454 4041 4446
3 4589 4586 4429
3 4447 4446 4041
3 4448 4445 4449
3 4435 4433 4589
3 4515 4589 4433
3 4433 4443 4515
3 4442 4515 4443
3 4413 4515 4442
3 4422 4421 4462
3 4448 4449 4450
3 4418 4403 4462
3 4431 4462 4436
3 4422 4462 4431
3 4450 4430 4448
3 4437 4462 4444
3 4436 4462 4437
3 4041 4430 4449
3 4440 4403 4382
3 4404 4401 4382
3 4451 4382 4401
3 4449 4447 4041
3 4450 4449 4430
3 4385 4463 4420
3 4452 4455 4453
3 4440 4387 4438
3 4453 4454 4452
3 4460 4421 4463
3 4387 4385 4438
3 4387 4440 4393
3 4453 4041 4454
3 4458 4041 4453
3 4458 4453 4455
3 4457 4459 4456
3 4455 4465 4458
3 4465 4041 4458
3 4459 4460 4456
3 4420 4463 4421
3 4462 4460 4461
3 4460 4459 4461
3 4457 4461 4459
3 4460 4462 4421
3 4541 4523 4041
3 4465 4466 4041
3 4463 4456 4460
3 4466 4465 4464
3 4466 4464 4468
3 4467 4468 4464
3 4470 4041 4469
3 4468 4041 4466
3 4469 4468 4467
3 4464 4455 4684
3 4461 4419 4462
3 4418 4462 4419
3 4455 4464 4465
3 1143 1144 4471
3 4631 4471 1144
3 4464 4678 4467
3 4471 3248 3141
3 4474 4471 4473
3 4475 4471 4474
3 4468 4469 4041
3 4472 4473 4471
3 4471 4475 4538
3 4605 4496 3606
3 2554 2557 3606
3 2554 3606 2550
3 4538 1161 4471
3 2547 3606 2548
3 4472 4471 4478
3 2550 3606 2547
3 2548 3606 2572
3 4483 4479 2581
3 4478 4471 4476
3 3141 4476 4471
3 4479 4480 4481
3 4481 2581 4479
3 4480 4482 4481
3 2581 2567 4483
3 4485 4538 4484
3 4475 4484 4538
3 4482 4480 3606
3 4477 3606 4483
3 4480 4479 3606
3 4483 3606 4479
3 2572 3606 4477
3 4636 4639 4476
3 4478 4476 4639
3 4486 4487 4489
3 4488 4489 4487
3 4472 4478 4637
3 4639 4637 4478
3 4638 4641 4474
3 4474 4641 4475
3 4487 4481 4488
3 4482 4488 4481
3 4476 4490 4636
3 4476 4501 4490
3 4595 4487 4486
3 4489 4491 4486
3 4494 3213 4493
3 4492 4493 3213
3 4488 4482 3606
3 4487 4495 4481
3 2597 2581 4481
3 2597 4481 4495
3 4571 4572 4432
3 4406 4432 4572
3 3149 4399 3213
3 4405 4492 3213
3 4399 4405 3213
3 4491 4496 4486
3 2683 2597 4495
3 4491 4489 3606
3 4489 4488 3606
3 4500 3141 4499
3 4501 3141 4500
3 4498 4499 3141
3 4496 4491 3606
3 4497 3141 4494
3 4497 4498 3141
3 3213 4494 3141
3 4572 4502 4503
3 4505 4406 4503
3 4572 4503 4406
3 4476 3141 4501
3 4504 4507 4506
3 4407 4406 4509
3 4508 4509 4406
3 4505 4508 4406
3 4508 4505 4511
3 4503 4511 4505
3 4506 4507 4510
3 4511 4503 4512
3 4502 4512 4503
3 4502 4572 4512
3 4514 4552 4510
3 4413 4408 4509
3 4413 4509 4515
3 4507 4041 4510
3 4493 4492 4516
3 4492 4405 4516
3 4419 4516 4405
3 4493 4516 4517
3 4497 4494 4517
3 4493 4517 4494
3 4517 4521 4497
3 4504 4025 4507
3 4605 4039 4504
3 4499 4518 4519
3 4499 4519 4500
3 4498 4497 4521
3 4498 4521 4518
3 4498 4518 4499
3 4524 4551 4523
3 4523 4541 4524
3 4501 4500 4490
3 4519 4490 4500
3 4522 4534 4041
3 4524 4541 4520
3 4527 383 4594
3 4524 4520 16
3 4530 4533 4529
3 4533 4532 4529
3 4531 4533 4530
3 4536 4532 1155
3 4522 4523 4551
3 4467 33 4520
3 4536 4529 4532
3 4536 1155 4535
3 4470 4520 4537
3 4541 4041 4537
3 4470 4537 4041
3 1161 4538 1160
3 4470 4469 4467
3 4520 4470 4467
3 4534 4550 4041
3 1155 4538 4540
3 4542 1155 4540
3 4537 4520 4541
3 4539 4540 4538
3 4523 4522 4041
3 4532 1153 1155
3 4544 4528 4543
3 4531 4543 4533
3 4526 4528 4544
3 4533 4543 4528
3 3606 3616 4605
3 4550 4547 4041
3 1155 1154 4538
3 4535 1155 4546
3 4549 4547 4548
3 4545 4548 4547
3 4542 4546 1155
3 4514 4510 4041
3 4548 4513 4549
3 1143 4471 1161
3 4550 4534 4545
3 4539 4538 4485
3 4547 4550 4545
3 4543 4658 4544
3 4522 4551 4534
3 4545 4534 4551
3 4660 4530 4654
3 4533 4665 4532
3 4552 4548 4553
3 4659 4527 4526
3 4544 4659 4526
3 4514 4513 4552
3 4548 4552 4513
3 4506 4510 4552
3 4560 4559 4557
3 4525 1151 4649
3 1150 4649 1151
3 4485 4642 4539
3 4553 4609 4552
3 4540 4652 4542
3 4546 4653 4535
3 4553 4548 4554
3 4548 4555 4554
3 1143 1161 4634
3 4557 4527 4556
3 8 4555 13
3 4558 16 13
3 4524 16 4558
3 4559 4560 383
3 4555 4558 13
3 4555 4551 4558
3 4548 4551 4555
3 4551 4524 4558
3 4560 4590 4600
3 4548 4545 4551
3 8 4554 4555
3 4561 4425 4562
3 4563 4562 4425
3 4549 4513 4041
3 4549 4041 4547
3 4513 4514 4041
3 4562 4583 4561
3 4563 4423 4587
3 4565 4562 4564
3 79 3054 2611
3 4563 4566 4562
3 4562 4566 4564
3 4567 4564 4566
3 4569 4425 4561
3 4432 4425 4569
3 4570 73 79
3 4610 2625 2623
3 4575 4432 4574
3 4571 4432 4575
3 4570 4568 73
3 4570 4573 4568
3 4569 4574 4432
3 4577 4575 4576
3 4574 4576 4575
3 79 2611 4570
3 4570 2611 4573
3 4573 2611 2625
3 2623 4613 4610
3 4572 4571 4580
3 4577 4580 4575
3 4575 4580 4571
3 2361 4578 2661
3 4583 4581 4569
3 4561 4583 4569
3 4565 4583 4562
3 4574 4569 4581
3 4583 4565 4564
3 4578 2657 2661
3 4588 2657 4578
3 4578 2361 2683
3 4527 4557 4559
3 4580 4512 4572
3 4577 4576 4580
3 4581 4580 4576
3 4576 4574 4581
3 4564 4584 4583
3 4579 4552 4609
3 4567 4585 4584
3 4584 4564 4567
3 4612 4582 4579
3 4426 4586 4587
3 4566 4563 4587
3 4426 4429 4586
3 4566 4587 4585
3 4566 4585 4567
3 4429 4428 4589
3 4428 4435 4589
3 4557 4590 4560
3 4588 4613 2657
3 4588 4582 4613
3 383 1236 4593
3 4594 383 4593
3 4593 1236 4592
3 4496 4596 4486
3 4526 4527 4594
3 4528 4526 4594
3 4595 4486 4596
3 4595 4495 4487
3 4664 4593 4592
3 4592 4591 4664
3 4663 4666 4591
3 4578 4595 4597
3 4594 4665 4528
3 4593 4665 4594
3 2683 4495 4595
3 4560 4600 383
3 4596 4598 4597
3 4599 4598 4596
3 362 383 4602
3 4601 383 4600
3 4596 4504 4599
3 4595 4596 4597
3 4601 4600 4607
3 4607 4600 4590
3 4597 4598 4582
3 4598 4599 4579
3 362 4602 4603
3 4588 4578 4597
3 4 362 4456
3 4588 4597 4582
3 4559 383 4527
3 4595 4578 2683
3 4506 4599 4504
3 4456 362 4457
3 4596 4496 4605
3 4604 4457 362
3 4603 4604 362
3 4461 4457 4606
3 4604 4606 4457
3 4596 4605 4504
3 4608 4601 4607
3 4506 4552 4579
3 4506 4579 4599
3 4604 4603 4606
3 4608 4606 4603
3 4602 4608 4603
3 4601 4608 4602
3 4598 4579 4582
3 4509 4516 4515
3 4519 4518 4508
3 4518 4521 4508
3 4508 4517 4509
3 4517 4508 4521
3 4419 4515 4516
3 4609 4612 4579
3 4511 4490 4508
3 4512 4490 4511
3 4610 4573 2625
3 4610 4568 4573
3 4516 4509 4517
3 4568 4610 4611
3 4556 4490 4580
3 4519 4508 4490
3 8 4568 4611
3 4612 4609 4611
3 4553 4611 4609
3 4580 4490 4512
3 4581 4583 4556
3 4583 4584 4556
3 4580 4581 4556
3 4582 4612 4613
3 4584 4585 4557
3 4557 4556 4584
3 4587 4607 4585
3 4590 4557 4585
3 4610 4613 4612
3 2662 2657 4613
3 4461 4606 4589
3 4589 4515 4461
3 4419 4461 4515
3 4611 4553 4554
3 4611 4554 8
3 4607 4587 4608
3 4590 4585 4607
3 4586 4606 4587
3 4608 4587 4606
3 4586 4589 4606
3 4612 4611 4610
3 4615 4616 4617
3 4614 554 3235
3 552 551 4618
3 3927 4619 4616
3 549 4624 551
3 4618 551 4624
3 4626 4615 4629
3 4615 4617 4621
3 4614 4620 554
3 4696 554 4620
3 4614 4628 4620
3 4617 4619 3427
3 3427 336 4617
3 1150 679 4622
3 4619 3916 344
3 675 674 4707
3 4617 4616 4619
3 4707 4706 675
3 4621 4629 4615
3 549 548 4624
3 4623 4624 682
3 681 4623 682
3 4619 344 3463
3 4621 4617 336
3 681 683 4625
3 3927 3916 4619
3 4626 4065 4066
3 4066 4069 4626
3 4616 4615 4626
3 4626 3977 4616
3 4726 1104 4725
3 1103 4725 1104
3 4626 4640 4065
3 1103 1058 4725
3 4069 3977 4626
3 4627 4628 3248
3 3235 4628 4614
3 4629 4621 4632
3 1177 1198 4655
3 346 4621 336
3 4631 4627 3248
3 4471 4631 3248
3 1184 1183 4633
3 4638 4474 4473
3 4633 4632 1184
3 4626 4629 4640
3 4635 4631 4634
3 4628 4627 4635
3 4627 4631 4635
3 1144 4634 4631
3 1144 1143 4634
3 4632 4630 4629
3 4635 4620 4628
3 4632 4633 4630
3 4473 4637 4638
3 4632 4621 346
3 4473 4472 4637
3 4630 4640 4629
3 4484 4475 4641
3 4641 4642 4484
3 4485 4484 4642
3 4441 4065 4640
3 4652 4539 4642
3 4640 4643 4441
3 4640 4644 4643
3 4536 4656 4529
3 4441 4643 4416
3 4529 4654 4530
3 4531 4530 4660
3 1153 4532 4634
3 4634 4532 4665
3 4525 4649 4647
3 4646 4648 4645
3 4622 4649 1150
3 4646 4650 4648
3 4540 4539 4652
3 4645 4643 4644
3 4644 4646 4645
3 4652 4653 4542
3 4645 4448 4643
3 4536 4535 4653
3 4645 4445 4448
3 1157 547 4651
3 4651 4625 1157
3 4645 4648 4445
3 4546 4542 4653
3 4646 4655 4650
3 4536 4653 4656
3 4657 1177 4655
3 4654 4529 4656
3 4644 4657 4646
3 4659 4544 4658
3 4657 4630 4633
3 4531 4660 4543
3 4658 4543 4660
3 4556 4527 4659
3 4648 4650 4670
3 4662 1214 4661
3 4661 1214 4525
3 4640 4630 4644
3 1214 4663 1236
3 4655 4646 4657
3 4633 1177 4657
3 4663 1214 4662
3 4644 4630 4657
3 4591 1236 4663
3 4661 4647 4662
3 4647 4661 4525
3 4665 4593 4664
3 4663 4647 4666
3 4662 4647 4663
3 4664 4591 4666
3 1207 55 4694
3 4528 4665 4533
3 4667 4655 1198
3 4620 4635 4618
3 4635 4634 4618
3 4620 4618 4624
3 4694 1204 1207
3 4655 4667 4650
3 4623 4620 4624
3 4667 4668 4669
3 1199 4667 1198
3 4650 4669 4670
3 4452 4445 4648
3 4490 4642 4641
3 4638 4637 4641
3 4637 4636 4641
3 4639 4636 4637
3 4490 4641 4636
3 4648 4670 4452
3 4651 4634 4649
3 4670 4669 4671
3 4625 4651 4622
3 4671 4669 4672
3 4651 4618 4634
3 4649 4622 4651
3 4455 4452 4670
3 4670 4671 4455
3 4658 4490 4659
3 4658 4660 4490
3 4656 4490 4654
3 4652 4490 4653
3 4642 4490 4652
3 4556 4659 4490
3 4653 4490 4656
3 4654 4490 4660
3 4671 4672 4682
3 4665 4664 4634
3 4649 4634 4664
3 4684 4455 4671
3 4647 4649 4664
3 4666 4647 4664
3 448 4673 924
3 4669 4650 4667
3 448 446 4673
3 4672 4669 4668
3 445 4675 4674
3 443 414 4677
3 1199 4668 4667
3 443 4677 4675
3 443 4675 445
3 36 4678 4679
3 4681 402 4680
3 401 562 4680
3 418 4683 4676
3 4679 4682 4692
3 4679 4684 4682
3 4678 4684 4679
3 418 417 4683
3 4686 4683 417
3 476 4687 4686
3 417 416 4686
3 4671 4682 4684
3 459 457 4689
3 459 4689 495
3 4684 4678 4464
3 469 4690 4691
3 475 4690 469
3 476 470 4687
3 1204 4694 4692
3 4693 4690 475
3 4682 4672 4668
3 475 474 4693
3 4695 4693 474
3 4668 1199 4692
3 474 472 4695
3 4679 4694 36
3 4679 4692 4694
3 4697 587 4714
3 4692 4682 4668
3 4697 4698 590
3 4699 571 4698
3 4701 574 4699
3 601 575 4703
3 4701 4703 575
3 4705 604 4703
3 601 4703 604
3 55 4704 4700
3 4705 4680 562
3 677 4706 4622
3 1207 1214 4704
3 4704 1214 1236
3 677 675 4706
3 4704 1236 4702
3 672 690 4727
3 4702 1236 383
3 688 687 4708
3 681 4709 4623
3 55 1207 4704
3 4702 4700 4704
3 4625 4709 681
3 383 5 4702
3 689 685 4727
3 685 684 4727
3 5 4711 4710
3 4702 4710 4700
3 4714 818 4713
3 816 4713 818
3 699 4712 4715
3 73 8 4711
3 816 701 4713
3 4713 701 4715
3 73 4568 8
3 4711 4 73
3 810 4716 856
3 810 811 4716
3 4717 4716 811
3 8 4710 4711
3 5 4 4711
3 4717 696 4718
3 13 4700 4710
3 694 4719 4718
3 694 4718 695
3 4702 5 4710
3 4 79 73
3 4708 4719 688
3 694 688 4719
3 4456 79 4
3 912 4720 820
3 4721 708 4720
3 4724 712 4721
3 709 4721 712
3 4722 714 4724
3 4725 1058 4727
3 1063 1061 4728
3 4708 687 4728
3 4728 1061 4729
3 1108 1114 4729
3 4730 4729 1114
3 4731 1110 1137
3 1114 4731 4730
3 4715 4712 4676
3 4674 4722 4673
3 4676 4683 4713
3 4713 4715 4676
3 4686 4687 4698
3 4714 4713 4683
3 4701 4699 4687
3 4703 4701 4690
3 4691 4690 4701
3 4680 4705 4690
3 4705 4703 4690
3 4681 4680 4690
3 4690 4693 4681
3 4693 4695 4685
3 4685 4681 4693
3 4688 4685 4695
3 4695 512 4688
3 4689 4688 512
3 495 4689 512
3 4683 4686 4698
3 4698 4697 4683
3 4697 4714 4683
3 4699 4698 4687
3 4687 4691 4701
3 4706 4707 4727
3 4727 4709 4706
3 4707 4725 4727
3 4719 4708 4728
3 4622 4706 4709
3 4620 4623 4696
3 4727 4696 4709
3 4623 4709 4696
3 4622 4709 4625
3 4712 4723 4675
3 4677 4676 4712
3 4723 4722 4675
3 4675 4677 4712
3 4729 4730 4718
3 4717 4731 4716
3 4718 4719 4729
3 4728 4729 4719
3 4674 4675 4722
3 4724 4673 4722
3 912 924 4720
3 4720 924 4721
3 4721 924 4724
3 4673 4724 924
3 4707 4726 4725
3 4717 4718 4730
3 4731 4717 4730
3 4731 1137 4716
3 856 4716 1137
